player_id,player_name,espn_athlete_id,espn_player_name,team_abbreviation,eligibility_type,date_of_birth,age_on_cutoff,experience_years,eligible_flag,active,status_type,review_status,reviewed_by,reviewed_at,source_system,source_url,source_snapshot_path,source_snapshot_sha256,source_as_of,identity_match_method
1628932,A'ja Wilson,3149391,A'ja Wilson,LVA,experience_le_3,1996-08-08T07:00Z,30,9,False,True,active,pending,,,ESPN,https://www.espn.com/wnba/player/bio/_/id/3149391/aja-wilson,analysis/role_fulfillment_matrix/data/live_inputs/player_core_2026.csv,e5b1f81f0caf215ee0996544f095f7cfbde50f22f6c81e8519af9eb2fae09c26,2026-08-22,normalized_full_name_exact
1642290,Aaliyah Edwards,4433408,Aaliyah Edwards,CON,experience_le_3,2002-07-09T07:00Z,24,3,True,True,active,pending,,,ESPN,https://www.espn.com/wnba/player/bio/_/id/4433408/aaliyah-edwards,analysis/role_fulfillment_matrix/data/live_inputs/player_core_2026.csv,e5b1f81f0caf215ee0996544f095f7cfbde50f22f6c81e8519af9eb2fae09c26,2026-08-22,normalized_full_name_exact
1642801,Aaliyah Nye,4597509,Aaliyah Nye,ATL,experience_le_3,2002-08-14T07:00Z,24,2,True,True,active,pending,,,ESPN,https://www.espn.com/wnba/player/bio/_/id/4597509/aaliyah-nye,analysis/role_fulfillment_matrix/data/live_inputs/player_core_2026.csv,e5b1f81f0caf215ee0996544f095f7cfbde50f22f6c81e8519af9eb2fae09c26,2026-08-22,normalized_full_name_exact
1642786,Aicha Coulibaly,4433433,Aicha Coulibaly,CHI,experience_le_3,2001-10-18T07:00Z,24,0,True,True,active,pending,,,ESPN,https://www.espn.com/wnba/player/bio/_/id/4433433/aicha-coulibaly,analysis/role_fulfillment_matrix/data/live_inputs/player_core_2026.csv,e5b1f81f0caf215ee0996544f095f7cfbde50f22f6c81e8519af9eb2fae09c26,2026-08-22,normalized_full_name_exact
1629501,Alanna Smith,3913881,Alanna Smith,DAL,experience_le_3,1996-09-10T07:00Z,29,8,False,True,active,pending,,,ESPN,https://www.espn.com/wnba/player/bio/_/id/3913881/alanna-smith,analysis/role_fulfillment_matrix/data/live_inputs/player_core_2026.csv,e5b1f81f0caf215ee0996544f095f7cfbde50f22f6c81e8519af9eb2fae09c26,2026-08-22,normalized_full_name_exact
1643525,Alex Fowler,4595823,Alex Fowler,NYL,experience_le_3,2001-07-21T07:00Z,25,0,True,False,free-agent,pending,,,ESPN,https://www.espn.com/wnba/player/bio/_/id/4595823/alex-fowler,analysis/role_fulfillment_matrix/data/live_inputs/player_core_2026.csv,e5b1f81f0caf215ee0996544f095f7cfbde50f22f6c81e8519af9eb2fae09c26,2026-08-22,normalized_full_name_exact
1642775,Alex Wilson,5278157,Alex Wilson,WAS,experience_le_3,1994-03-21T08:00Z,32,0,True,False,free-agent,pending,,,ESPN,https://www.espn.com/wnba/player/bio/_/id/5278157/alex-wilson,analysis/role_fulfillment_matrix/data/live_inputs/player_core_2026.csv,e5b1f81f0caf215ee0996544f095f7cfbde50f22f6c81e8519af9eb2fae09c26,2026-08-22,normalized_full_name_exact
1643644,Alicia Florez,5349415,Alicia Florez,WAS,experience_le_3,2004-04-19T07:00Z,22,0,True,True,active,pending,,,ESPN,https://www.espn.com/wnba/player/bio/_/id/5349415/alicia-florez,analysis/role_fulfillment_matrix/data/live_inputs/player_core_2026.csv,e5b1f81f0caf215ee0996544f095f7cfbde50f22f6c81e8519af9eb2fae09c26,2026-08-22,normalized_full_name_exact
1642293,Alissa Pili,5105752,Alissa Pili,LAS,experience_le_3,2001-06-08T07:00Z,25,3,True,True,active,pending,,,ESPN,https://www.espn.com/wnba/player/bio/_/id/5105752/alissa-pili,analysis/role_fulfillment_matrix/data/live_inputs/player_core_2026.csv,e5b1f81f0caf215ee0996544f095f7cfbde50f22f6c81e8519af9eb2fae09c26,2026-08-22,normalized_full_name_exact
1641648,Aliyah Boston,4432831,Aliyah Boston,IND,experience_le_3,2001-12-11T08:00Z,24,4,False,True,active,pending,,,ESPN,https://www.espn.com/wnba/player/bio/_/id/4432831/aliyah-boston,analysis/role_fulfillment_matrix/data/live_inputs/player_core_2026.csv,e5b1f81f0caf215ee0996544f095f7cfbde50f22f6c81e8519af9eb2fae09c26,2026-08-22,normalized_full_name_exact
1628277,Allisha Gray,3058901,Allisha Gray,ATL,experience_le_3,1995-01-12T08:00Z,31,10,False,True,active,pending,,,ESPN,https://www.espn.com/wnba/player/bio/_/id/3058901/allisha-gray,analysis/role_fulfillment_matrix/data/live_inputs/player_core_2026.csv,e5b1f81f0caf215ee0996544f095f7cfbde50f22f6c81e8519af9eb2fae09c26,2026-08-22,normalized_full_name_exact
202252,Alysha Clark,924,Alysha Clark,DAL,experience_le_3,1987-07-07T07:00Z,39,14,False,True,active,pending,,,ESPN,https://www.espn.com/wnba/player/bio/_/id/924/alysha-clark,analysis/role_fulfillment_matrix/data/live_inputs/player_core_2026.csv,e5b1f81f0caf215ee0996544f095f7cfbde50f22f6c81e8519af9eb2fae09c26,2026-08-22,normalized_full_name_exact
203826,Alyssa Thomas,2529140,Alyssa Thomas,PHX,experience_le_3,1992-04-12T07:00Z,34,13,False,True,active,pending,,,ESPN,https://www.espn.com/wnba/player/bio/_/id/2529140/alyssa-thomas,analysis/role_fulfillment_matrix/data/live_inputs/player_core_2026.csv,e5b1f81f0caf215ee0996544f095f7cfbde50f22f6c81e8519af9eb2fae09c26,2026-08-22,normalized_full_name_exact
1629539,Amy Okonkwo,3142242,Amy Okonkwo,ATL,experience_le_3,1996-08-26T07:00Z,29,1,True,True,active,pending,,,ESPN,https://www.espn.com/wnba/player/bio/_/id/3142242/amy-okonkwo,analysis/role_fulfillment_matrix/data/live_inputs/player_core_2026.csv,e5b1f81f0caf215ee0996544f095f7cfbde50f22f6c81e8519af9eb2fae09c26,2026-08-22,normalized_full_name_exact
1642797,Anastasiia Olairi Kosu,5278237,Anastasiia Olairi Kosu,MIN,experience_le_3,2005-04-21T07:00Z,21,2,True,True,active,pending,,,ESPN,https://www.espn.com/wnba/player/bio/_/id/5278237/anastasiia-olairi-kosu,analysis/role_fulfillment_matrix/data/live_inputs/player_core_2026.csv,e5b1f81f0caf215ee0996544f095f7cfbde50f22f6c81e8519af9eb2fae09c26,2026-08-22,normalized_full_name_exact
1642800,Aneesah Morrow,4684384,Aneesah Morrow,TOR,experience_le_3,2003-02-02T08:00Z,23,2,True,True,active,pending,,,ESPN,https://www.espn.com/wnba/player/bio/_/id/4684384/aneesah-morrow,analysis/role_fulfillment_matrix/data/live_inputs/player_core_2026.csv,e5b1f81f0caf215ee0996544f095f7cfbde50f22f6c81e8519af9eb2fae09c26,2026-08-22,normalized_full_name_exact
1642291,Angel Reese,4433402,Angel Reese,ATL,experience_le_3,2002-05-06T07:00Z,24,3,True,True,active,pending,,,ESPN,https://www.espn.com/wnba/player/bio/_/id/4433402/angel-reese,analysis/role_fulfillment_matrix/data/live_inputs/player_core_2026.csv,e5b1f81f0caf215ee0996544f095f7cfbde50f22f6c81e8519af9eb2fae09c26,2026-08-22,normalized_full_name_exact
1643455,Angela Dugalic,4433411,Angela Dugalic,WAS,experience_le_3,2001-12-29T08:00Z,24,0,True,True,active,pending,,,ESPN,https://www.espn.com/wnba/player/bio/_/id/4433411/angela-dugalic,analysis/role_fulfillment_matrix/data/live_inputs/player_core_2026.csv,e5b1f81f0caf215ee0996544f095f7cfbde50f22f6c81e8519af9eb2fae09c26,2026-08-22,normalized_full_name_exact
1630993,Anneli Maley,4281930,Anneli Maley,NYL,experience_le_3,1998-09-01T07:00Z,27,2,True,True,active,pending,,,ESPN,https://www.espn.com/wnba/player/bio/_/id/4281930/anneli-maley,analysis/role_fulfillment_matrix/data/live_inputs/player_core_2026.csv,e5b1f81f0caf215ee0996544f095f7cfbde50f22f6c81e8519af9eb2fae09c26,2026-08-22,normalized_full_name_exact
1643489,Antonia Delaere,4873358,Antonia Delaere,MIN,experience_le_3,1994-08-01T07:00Z,32,0,True,True,active,pending,,,ESPN,https://www.espn.com/wnba/player/bio/_/id/4873358/antonia-delaere,analysis/role_fulfillment_matrix/data/live_inputs/player_core_2026.csv,e5b1f81f0caf215ee0996544f095f7cfbde50f22f6c81e8519af9eb2fae09c26,2026-08-22,normalized_full_name_exact
1628878,Ariel Atkins,3146151,Ariel Atkins,LAS,experience_le_3,1996-07-30T07:00Z,30,9,False,True,active,pending,,,ESPN,https://www.espn.com/wnba/player/bio/_/id/3146151/ariel-atkins,analysis/role_fulfillment_matrix/data/live_inputs/player_core_2026.csv,e5b1f81f0caf215ee0996544f095f7cfbde50f22f6c81e8519af9eb2fae09c26,2026-08-22,normalized_full_name_exact
1629481,Arike Ogunbowale,3904577,Arike Ogunbowale,DAL,experience_le_3,1997-03-02T08:00Z,29,8,False,True,active,pending,,,ESPN,https://www.espn.com/wnba/player/bio/_/id/3904577/arike-ogunbowale,analysis/role_fulfillment_matrix/data/live_inputs/player_core_2026.csv,e5b1f81f0caf215ee0996544f095f7cfbde50f22f6c81e8519af9eb2fae09c26,2026-08-22,normalized_full_name_exact
1643437,Ashlon Jackson,5106232,Ashlon Jackson,CON,experience_le_3,2004-01-06T08:00Z,22,0,True,True,active,pending,,,ESPN,https://www.espn.com/wnba/player/bio/_/id/5106232/ashlon-jackson,analysis/role_fulfillment_matrix/data/live_inputs/player_core_2026.csv,e5b1f81f0caf215ee0996544f095f7cfbde50f22f6c81e8519af9eb2fae09c26,2026-08-22,normalized_full_name_exact
1641695,Ashten Prechtel,4433634,Ashten Prechtel,GSV,experience_le_3,2001-05-11T07:00Z,25,0,True,True,active,pending,,,ESPN,https://www.espn.com/wnba/player/bio/_/id/4433634/ashten-prechtel,analysis/role_fulfillment_matrix/data/live_inputs/player_core_2026.csv,e5b1f81f0caf215ee0996544f095f7cfbde50f22f6c81e8519af9eb2fae09c26,2026-08-22,normalized_full_name_exact
1642826,Aubrey Griffin,4432844,Aubrey Griffin,NYL,experience_le_3,2001-11-06T08:00Z,24,0,True,False,inactive,pending,,,ESPN,https://www.espn.com/wnba/player/bio/_/id/4432844/aubrey-griffin,analysis/role_fulfillment_matrix/data/live_inputs/player_core_2026.csv,e5b1f81f0caf215ee0996544f095f7cfbde50f22f6c81e8519af9eb2fae09c26,2026-08-22,normalized_full_name_exact
1643443,Awa Fam,5345325,Awa Fam,SEA,experience_le_3,2006-06-17T07:00Z,20,0,True,True,active,pending,,,ESPN,https://www.espn.com/wnba/player/bio/_/id/5345325/awa-fam,analysis/role_fulfillment_matrix/data/live_inputs/player_core_2026.csv,e5b1f81f0caf215ee0996544f095f7cfbde50f22f6c81e8519af9eb2fae09c26,2026-08-22,normalized_full_name_exact
1630386,Awak Kuier,4790266,Awak Kuier,DAL,experience_le_3,2001-08-19T07:00Z,25,4,False,True,active,pending,,,ESPN,https://www.espn.com/wnba/player/bio/_/id/4790266/awak-kuier,analysis/role_fulfillment_matrix/data/live_inputs/player_core_2026.csv,e5b1f81f0caf215ee0996544f095f7cfbde50f22f6c81e8519af9eb2fae09c26,2026-08-22,normalized_full_name_exact
1642793,Aziaha James,4433807,Aziaha James,DAL,experience_le_3,2002-11-19T08:00Z,23,2,True,True,active,pending,,,ESPN,https://www.espn.com/wnba/player/bio/_/id/4433807/aziaha-james,analysis/role_fulfillment_matrix/data/live_inputs/player_core_2026.csv,e5b1f81f0caf215ee0996544f095f7cfbde50f22f6c81e8519af9eb2fae09c26,2026-08-22,normalized_full_name_exact
1628922,Azura Stevens,3142010,Azura Stevens,CHI,experience_le_3,1996-02-01T08:00Z,30,9,False,True,active,pending,,,ESPN,https://www.espn.com/wnba/player/bio/_/id/3142010/azura-stevens,analysis/role_fulfillment_matrix/data/live_inputs/player_core_2026.csv,e5b1f81f0caf215ee0996544f095f7cfbde50f22f6c81e8519af9eb2fae09c26,2026-08-22,normalized_full_name_exact
1643425,Azzi Fudd,4433790,Azzi Fudd,DAL,experience_le_3,2002-11-11T08:00Z,23,0,True,True,active,pending,,,ESPN,https://www.espn.com/wnba/player/bio/_/id/4433790/azzi-fudd,analysis/role_fulfillment_matrix/data/live_inputs/player_core_2026.csv,e5b1f81f0caf215ee0996544f095f7cfbde50f22f6c81e8519af9eb2fae09c26,2026-08-22,normalized_full_name_exact
204335,Betnijah Laney-Hamilton,2593770,Betnijah Laney-Hamilton,WAS,experience_le_3,1993-10-29T07:00Z,32,10,False,True,active,pending,,,ESPN,https://www.espn.com/wnba/player/bio/_/id/2593770/betnijah-laney-hamilton,analysis/role_fulfillment_matrix/data/live_inputs/player_core_2026.csv,e5b1f81f0caf215ee0996544f095f7cfbde50f22f6c81e8519af9eb2fae09c26,2026-08-22,normalized_full_name_exact
1627668,Breanna Stewart,2998928,Breanna Stewart,NYL,experience_le_3,1994-08-27T07:00Z,31,10,False,True,active,pending,,,ESPN,https://www.espn.com/wnba/player/bio/_/id/2998928/breanna-stewart,analysis/role_fulfillment_matrix/data/live_inputs/player_core_2026.csv,e5b1f81f0caf215ee0996544f095f7cfbde50f22f6c81e8519af9eb2fae09c26,2026-08-22,normalized_full_name_exact
1642788,Bree Hall,4898383,Bree Hall,IND,experience_le_3,2003-06-28T07:00Z,23,2,True,True,active,pending,,,ESPN,https://www.espn.com/wnba/player/bio/_/id/4898383/bree-hall,analysis/role_fulfillment_matrix/data/live_inputs/player_core_2026.csv,e5b1f81f0caf215ee0996544f095f7cfbde50f22f6c81e8519af9eb2fae09c26,2026-08-22,normalized_full_name_exact
1629488,Brianna Turner,3142086,Brianna Turner,LVA,experience_le_3,1996-07-05T07:00Z,30,8,False,True,active,pending,,,ESPN,https://www.espn.com/wnba/player/bio/_/id/3142086/brianna-turner,analysis/role_fulfillment_matrix/data/live_inputs/player_core_2026.csv,e5b1f81f0caf215ee0996544f095f7cfbde50f22f6c81e8519af9eb2fae09c26,2026-08-22,normalized_full_name_exact
1629524,Bridget Carleton,3906972,Bridget Carleton,PDX,experience_le_3,1997-05-22T07:00Z,29,8,False,True,active,pending,,,ESPN,https://www.espn.com/wnba/player/bio/_/id/3906972/bridget-carleton,analysis/role_fulfillment_matrix/data/live_inputs/player_core_2026.csv,e5b1f81f0caf215ee0996544f095f7cfbde50f22f6c81e8519af9eb2fae09c26,2026-08-22,normalized_full_name_exact
1628280,Brionna Jones,3058895,Brionna Jones,ATL,experience_le_3,1995-12-18T08:00Z,30,10,False,True,active,pending,,,ESPN,https://www.espn.com/wnba/player/bio/_/id/3058895/brionna-jones,analysis/role_fulfillment_matrix/data/live_inputs/player_core_2026.csv,e5b1f81f0caf215ee0996544f095f7cfbde50f22f6c81e8519af9eb2fae09c26,2026-08-22,normalized_full_name_exact
203398,Brittney Griner,2490553,Brittney Griner,CON,experience_le_3,1990-10-18T07:00Z,35,13,False,True,active,pending,,,ESPN,https://www.espn.com/wnba/player/bio/_/id/2490553/brittney-griner,analysis/role_fulfillment_matrix/data/live_inputs/player_core_2026.csv,e5b1f81f0caf215ee0996544f095f7cfbde50f22f6c81e8519af9eb2fae09c26,2026-08-22,normalized_full_name_exact
1628279,Brittney Sykes,2988756,Brittney Sykes,TOR,experience_le_3,1994-02-07T08:00Z,32,10,False,True,active,pending,,,ESPN,https://www.espn.com/wnba/player/bio/_/id/2988756/brittney-sykes,analysis/role_fulfillment_matrix/data/live_inputs/player_core_2026.csv,e5b1f81f0caf215ee0996544f095f7cfbde50f22f6c81e8519af9eb2fae09c26,2026-08-22,normalized_full_name_exact
1642286,Caitlin Clark,4433403,Caitlin Clark,IND,experience_le_3,2002-01-22T08:00Z,24,3,True,True,active,pending,,,ESPN,https://www.espn.com/wnba/player/bio/_/id/4433403/caitlin-clark,analysis/role_fulfillment_matrix/data/live_inputs/player_core_2026.csv,e5b1f81f0caf215ee0996544f095f7cfbde50f22f6c81e8519af9eb2fae09c26,2026-08-22,normalized_full_name_exact
1642287,Cameron Brink,4433404,Cameron Brink,LAS,experience_le_3,2001-12-31T08:00Z,24,3,True,True,active,pending,,,ESPN,https://www.espn.com/wnba/player/bio/_/id/4433404/cameron-brink,analysis/role_fulfillment_matrix/data/live_inputs/player_core_2026.csv,e5b1f81f0caf215ee0996544f095f7cfbde50f22f6c81e8519af9eb2fae09c26,2026-08-22,normalized_full_name_exact
1642304,Carla Leite,5208982,Carla Leite,PDX,experience_le_3,2004-04-16T07:00Z,22,2,True,True,active,pending,,,ESPN,https://www.espn.com/wnba/player/bio/_/id/5208982/carla-leite,analysis/role_fulfillment_matrix/data/live_inputs/player_core_2026.csv,e5b1f81f0caf215ee0996544f095f7cfbde50f22f6c81e8519af9eb2fae09c26,2026-08-22,normalized_full_name_exact
1643467,Cassandre Prosper,5122345,Cassandre Prosper,WAS,experience_le_3,2005-06-25T07:00Z,21,0,True,True,active,pending,,,ESPN,https://www.espn.com/wnba/player/bio/_/id/5122345/cassandre-prosper,analysis/role_fulfillment_matrix/data/live_inputs/player_core_2026.csv,e5b1f81f0caf215ee0996544f095f7cfbde50f22f6c81e8519af9eb2fae09c26,2026-08-22,normalized_full_name_exact
1628508,Cecilia Zandalasini,4257500,Cecilia Zandalasini,GSV,experience_le_3,1996-03-16T08:00Z,30,5,False,True,active,pending,,,ESPN,https://www.espn.com/wnba/player/bio/_/id/4257500/cecilia-zandalasini,analysis/role_fulfillment_matrix/data/live_inputs/player_core_2026.csv,e5b1f81f0caf215ee0996544f095f7cfbde50f22f6c81e8519af9eb2fae09c26,2026-08-22,normalized_full_name_exact
1643462,Chance Gray,5105729,Chance Gray,LAS,experience_le_3,2004-07-06T07:00Z,22,0,True,True,active,pending,,,ESPN,https://www.espn.com/wnba/player/bio/_/id/5105729/chance-gray,analysis/role_fulfillment_matrix/data/live_inputs/player_core_2026.csv,e5b1f81f0caf215ee0996544f095f7cfbde50f22f6c81e8519af9eb2fae09c26,2026-08-22,normalized_full_name_exact
1643449,Charlisse Leger-Walker,4703609,Charlisse Leger-Walker,CON,experience_le_3,2001-09-15T07:00Z,24,0,True,True,active,pending,,,ESPN,https://www.espn.com/wnba/player/bio/_/id/4703609/charlisse-leger-walker,analysis/role_fulfillment_matrix/data/live_inputs/player_core_2026.csv,e5b1f81f0caf215ee0996544f095f7cfbde50f22f6c81e8519af9eb2fae09c26,2026-08-22,normalized_full_name_exact
203833,Chelsea Gray,2529122,Chelsea Gray,LVA,experience_le_3,1992-10-08T07:00Z,33,12,False,True,active,pending,,,ESPN,https://www.espn.com/wnba/player/bio/_/id/2529122/chelsea-gray,analysis/role_fulfillment_matrix/data/live_inputs/player_core_2026.csv,e5b1f81f0caf215ee0996544f095f7cfbde50f22f6c81e8519af9eb2fae09c26,2026-08-22,normalized_full_name_exact
1630150,Chennedy Carter,4280892,Chennedy Carter,LVA,experience_le_3,1998-11-14T08:00Z,27,4,False,False,free-agent,pending,,,ESPN,https://www.espn.com/wnba/player/bio/_/id/4280892/chennedy-carter,analysis/role_fulfillment_matrix/data/live_inputs/player_core_2026.csv,e5b1f81f0caf215ee0996544f095f7cfbde50f22f6c81e8519af9eb2fae09c26,2026-08-22,normalized_full_name_exact
204323,Cheyenne Parker-Tyus,2529458,Cheyenne Parker-Tyus,LVA,experience_le_3,1992-08-22T07:00Z,33,12,False,True,active,pending,,,ESPN,https://www.espn.com/wnba/player/bio/_/id/2529458/cheyenne-parker-tyus,analysis/role_fulfillment_matrix/data/live_inputs/player_core_2026.csv,e5b1f81f0caf215ee0996544f095f7cfbde50f22f6c81e8519af9eb2fae09c26,2026-08-22,normalized_full_name_exact
1631064,Chloe Bibby,4280877,Chloe Bibby,CHI,experience_le_3,1998-06-15T07:00Z,28,2,True,True,active,pending,,,ESPN,https://www.espn.com/wnba/player/bio/_/id/4280877/chloe-bibby,analysis/role_fulfillment_matrix/data/live_inputs/player_core_2026.csv,e5b1f81f0caf215ee0996544f095f7cfbde50f22f6c81e8519af9eb2fae09c26,2026-08-22,normalized_full_name_exact
1643424,Costanza Verona,5345473,Costanza Verona,DAL,experience_le_3,1999-08-06T07:00Z,27,0,True,True,active,pending,,,ESPN,https://www.espn.com/wnba/player/bio/_/id/5345473/costanza-verona,analysis/role_fulfillment_matrix/data/live_inputs/player_core_2026.csv,e5b1f81f0caf215ee0996544f095f7cfbde50f22f6c81e8519af9eb2fae09c26,2026-08-22,normalized_full_name_exact
1643430,Cotie McMahon,4583144,Cotie McMahon,WAS,experience_le_3,2004-05-04T07:00Z,22,0,True,True,active,pending,,,ESPN,https://www.espn.com/wnba/player/bio/_/id/4583144/cotie-mcmahon,analysis/role_fulfillment_matrix/data/live_inputs/player_core_2026.csv,e5b1f81f0caf215ee0996544f095f7cfbde50f22f6c81e8519af9eb2fae09c26,2026-08-22,normalized_full_name_exact
202664,Courtney Vandersloot,981,Courtney Vandersloot,CHI,experience_le_3,1989-02-08T08:00Z,37,16,False,True,active,pending,,,ESPN,https://www.espn.com/wnba/player/bio/_/id/981/courtney-vandersloot,analysis/role_fulfillment_matrix/data/live_inputs/player_core_2026.csv,e5b1f81f0caf215ee0996544f095f7cfbde50f22f6c81e8519af9eb2fae09c26,2026-08-22,normalized_full_name_exact
1627675,Courtney Williams,2987891,Courtney Williams,MIN,experience_le_3,1994-05-11T07:00Z,32,11,False,True,active,pending,,,ESPN,https://www.espn.com/wnba/player/bio/_/id/2987891/courtney-williams,analysis/role_fulfillment_matrix/data/live_inputs/player_core_2026.csv,e5b1f81f0caf215ee0996544f095f7cfbde50f22f6c81e8519af9eb2fae09c26,2026-08-22,normalized_full_name_exact
203024,Damiris Dantas,2955898,Damiris Dantas,IND,experience_le_3,1992-11-17T08:00Z,33,11,False,True,active,pending,,,ESPN,https://www.espn.com/wnba/player/bio/_/id/2955898/damiris-dantas,analysis/role_fulfillment_matrix/data/live_inputs/player_core_2026.csv,e5b1f81f0caf215ee0996544f095f7cfbde50f22f6c81e8519af9eb2fae09c26,2026-08-22,normalized_full_name_exact
1630389,Dana Evans,4281190,Dana Evans,LVA,experience_le_3,1998-08-01T07:00Z,28,6,False,True,active,pending,,,ESPN,https://www.espn.com/wnba/player/bio/_/id/4281190/dana-evans,analysis/role_fulfillment_matrix/data/live_inputs/player_core_2026.csv,e5b1f81f0caf215ee0996544f095f7cfbde50f22f6c81e8519af9eb2fae09c26,2026-08-22,normalized_full_name_exact
1643440,Darianna Littlepage-Buggs,5106145,Darianna Littlepage-Buggs,WAS,experience_le_3,2003-09-23T07:00Z,22,0,True,True,active,pending,,,ESPN,https://www.espn.com/wnba/player/bio/_/id/5106145/darianna-littlepage-buggs,analysis/role_fulfillment_matrix/data/live_inputs/player_core_2026.csv,e5b1f81f0caf215ee0996544f095f7cfbde50f22f6c81e8519af9eb2fae09c26,2026-08-22,normalized_full_name_exact
201886,DeWanna Bonner,869,DeWanna Bonner,PHX,experience_le_3,1987-08-21T07:00Z,38,17,False,True,active,pending,,,ESPN,https://www.espn.com/wnba/player/bio/_/id/869/dewanna-bonner,analysis/role_fulfillment_matrix/data/live_inputs/player_core_2026.csv,e5b1f81f0caf215ee0996544f095f7cfbde50f22f6c81e8519af9eb2fae09c26,2026-08-22,normalized_full_name_exact
204324,Dearica Hamby,2566106,Dearica Hamby,LAS,experience_le_3,1993-11-06T08:00Z,32,12,False,True,active,pending,,,ESPN,https://www.espn.com/wnba/player/bio/_/id/2566106/dearica-hamby,analysis/role_fulfillment_matrix/data/live_inputs/player_core_2026.csv,e5b1f81f0caf215ee0996544f095f7cfbde50f22f6c81e8519af9eb2fae09c26,2026-08-22,normalized_full_name_exact
1630096,DiJonai Carrington,4066548,DiJonai Carrington,CHI,experience_le_3,1998-01-08T08:00Z,28,6,False,True,active,pending,,,ESPN,https://www.espn.com/wnba/player/bio/_/id/4066548/dijonai-carrington,analysis/role_fulfillment_matrix/data/live_inputs/player_core_2026.csv,e5b1f81f0caf215ee0996544f095f7cfbde50f22f6c81e8519af9eb2fae09c26,2026-08-22,normalized_full_name_exact
1641649,Diamond Miller,4433635,Diamond Miller,CON,experience_le_3,2001-02-11T08:00Z,25,4,False,True,active,pending,,,ESPN,https://www.espn.com/wnba/player/bio/_/id/4433635/diamond-miller,analysis/role_fulfillment_matrix/data/live_inputs/player_core_2026.csv,e5b1f81f0caf215ee0996544f095f7cfbde50f22f6c81e8519af9eb2fae09c26,2026-08-22,normalized_full_name_exact
1642798,Dominique Malonga,5220150,Dominique Malonga,SEA,experience_le_3,2005-11-16T08:00Z,20,2,True,True,active,pending,,,ESPN,https://www.espn.com/wnba/player/bio/_/id/5220150/dominique-malonga,analysis/role_fulfillment_matrix/data/live_inputs/player_core_2026.csv,e5b1f81f0caf215ee0996544f095f7cfbde50f22f6c81e8519af9eb2fae09c26,2026-08-22,normalized_full_name_exact
1641657,Dorka Juhasz,4398938,Dorka Juhasz,MIN,experience_le_3,1999-12-18T08:00Z,26,3,True,True,active,pending,,,ESPN,https://www.espn.com/wnba/player/bio/_/id/4398938/dorka-juhasz,analysis/role_fulfillment_matrix/data/live_inputs/player_core_2026.csv,e5b1f81f0caf215ee0996544f095f7cfbde50f22f6c81e8519af9eb2fae09c26,2026-08-22,normalized_full_name_exact
1643490,Eliska Joklova,5345478,Eliska Joklova,MIN,experience_le_3,2001-10-01T07:00Z,24,0,True,True,active,pending,,,ESPN,https://www.espn.com/wnba/player/bio/_/id/5345478/eliska-joklova,analysis/role_fulfillment_matrix/data/live_inputs/player_core_2026.csv,e5b1f81f0caf215ee0996544f095f7cfbde50f22f6c81e8519af9eb2fae09c26,2026-08-22,normalized_full_name_exact
204322,Elizabeth Williams,2566081,Elizabeth Williams,CHI,experience_le_3,1993-06-23T07:00Z,33,12,False,True,active,pending,,,ESPN,https://www.espn.com/wnba/player/bio/_/id/2566081/elizabeth-williams,analysis/role_fulfillment_matrix/data/live_inputs/player_core_2026.csv,e5b1f81f0caf215ee0996544f095f7cfbde50f22f6c81e8519af9eb2fae09c26,2026-08-22,normalized_full_name_exact
1629581,Emese Hof,3913680,Emese Hof,MIN,experience_le_3,1996-05-29T07:00Z,30,0,True,False,inactive,pending,,,ESPN,https://www.espn.com/wnba/player/bio/_/id/3913680/emese-hof,analysis/role_fulfillment_matrix/data/live_inputs/player_core_2026.csv,e5b1f81f0caf215ee0996544f095f7cfbde50f22f6c81e8519af9eb2fae09c26,2026-08-22,normalized_full_name_exact
1631083,Emily Engstler,4398729,Emily Engstler,PDX,experience_le_3,2000-05-01T07:00Z,26,5,False,True,active,pending,,,ESPN,https://www.espn.com/wnba/player/bio/_/id/4398729/emily-engstler,analysis/role_fulfillment_matrix/data/live_inputs/player_core_2026.csv,e5b1f81f0caf215ee0996544f095f7cfbde50f22f6c81e8519af9eb2fae09c26,2026-08-22,normalized_full_name_exact
1628242,Emma Cannon,2284331,Emma Cannon,LAS,experience_le_3,1989-06-01T07:00Z,37,8,False,True,active,pending,,,ESPN,https://www.espn.com/wnba/player/bio/_/id/2284331/emma-cannon,analysis/role_fulfillment_matrix/data/live_inputs/player_core_2026.csv,e5b1f81f0caf215ee0996544f095f7cfbde50f22f6c81e8519af9eb2fae09c26,2026-08-22,normalized_full_name_exact
1643488,Emma Cechova,5345322,Emma Cechova,MIN,experience_le_3,2004-07-12T07:00Z,22,0,True,False,inactive,pending,,,ESPN,https://www.espn.com/wnba/player/bio/_/id/5345322/emma-cechova,analysis/role_fulfillment_matrix/data/live_inputs/player_core_2026.csv,e5b1f81f0caf215ee0996544f095f7cfbde50f22f6c81e8519af9eb2fae09c26,2026-08-22,normalized_full_name_exact
204365,Erica Wheeler,2491214,Erica Wheeler,LAS,experience_le_3,1991-05-02T07:00Z,35,11,False,True,active,pending,,,ESPN,https://www.espn.com/wnba/player/bio/_/id/2491214/erica-wheeler,analysis/role_fulfillment_matrix/data/live_inputs/player_core_2026.csv,e5b1f81f0caf215ee0996544f095f7cfbde50f22f6c81e8519af9eb2fae09c26,2026-08-22,normalized_full_name_exact
1629496,Ezi Magbegor,4420318,Ezi Magbegor,SEA,experience_le_3,1999-08-13T07:00Z,27,7,False,True,active,pending,,,ESPN,https://www.espn.com/wnba/player/bio/_/id/4420318/ezi-magbegor,analysis/role_fulfillment_matrix/data/live_inputs/player_core_2026.csv,e5b1f81f0caf215ee0996544f095f7cfbde50f22f6c81e8519af9eb2fae09c26,2026-08-22,normalized_full_name_exact
1643428,Flau'jae Johnson,4698736,Flau'jae Johnson,SEA,experience_le_3,2003-11-03T08:00Z,22,0,True,True,active,pending,,,ESPN,https://www.espn.com/wnba/player/bio/_/id/4698736/flaujae-johnson,analysis/role_fulfillment_matrix/data/live_inputs/player_core_2026.csv,e5b1f81f0caf215ee0996544f095f7cfbde50f22f6c81e8519af9eb2fae09c26,2026-08-22,normalized_full_name_exact
1643494,Frieda Buhner,5105406,Frieda Buhner,PDX,experience_le_3,2004-05-28T07:00Z,22,0,True,True,active,pending,,,ESPN,https://www.espn.com/wnba/player/bio/_/id/5105406/frieda-buhner,analysis/role_fulfillment_matrix/data/live_inputs/player_core_2026.csv,e5b1f81f0caf215ee0996544f095f7cfbde50f22f6c81e8519af9eb2fae09c26,2026-08-22,normalized_full_name_exact
1628931,Gabby Williams,3142328,Gabby Williams,GSV,experience_le_3,1996-09-09T07:00Z,29,8,False,True,active,pending,,,ESPN,https://www.espn.com/wnba/player/bio/_/id/3142328/gabby-williams,analysis/role_fulfillment_matrix/data/live_inputs/player_core_2026.csv,e5b1f81f0caf215ee0996544f095f7cfbde50f22f6c81e8519af9eb2fae09c26,2026-08-22,normalized_full_name_exact
1643447,Gabriela Jaquez,4858656,Gabriela Jaquez,CHI,experience_le_3,2003-11-19T08:00Z,22,0,True,True,active,pending,,,ESPN,https://www.espn.com/wnba/player/bio/_/id/4858656/gabriela-jaquez,analysis/role_fulfillment_matrix/data/live_inputs/player_core_2026.csv,e5b1f81f0caf215ee0996544f095f7cfbde50f22f6c81e8519af9eb2fae09c26,2026-08-22,normalized_full_name_exact
1642781,Georgia Amoore,4704180,Georgia Amoore,WAS,experience_le_3,2001-04-03T07:00Z,25,0,True,True,active,pending,,,ESPN,https://www.espn.com/wnba/player/bio/_/id/4704180/georgia-amoore,analysis/role_fulfillment_matrix/data/live_inputs/player_core_2026.csv,e5b1f81f0caf215ee0996544f095f7cfbde50f22f6c81e8519af9eb2fae09c26,2026-08-22,normalized_full_name_exact
1643429,Gianna Kneepkens,4898898,Gianna Kneepkens,CON,experience_le_3,2003-03-04T08:00Z,23,0,True,True,active,pending,,,ESPN,https://www.espn.com/wnba/player/bio/_/id/4898898/gianna-kneepkens,analysis/role_fulfillment_matrix/data/live_inputs/player_core_2026.csv,e5b1f81f0caf215ee0996544f095f7cfbde50f22f6c81e8519af9eb2fae09c26,2026-08-22,normalized_full_name_exact
1643453,Grace VanSlooten,5105731,Grace VanSlooten,IND,experience_le_3,2004-06-16T07:00Z,22,0,True,True,active,pending,,,ESPN,https://www.espn.com/wnba/player/bio/_/id/5105731/grace-vanslooten,analysis/role_fulfillment_matrix/data/live_inputs/player_core_2026.csv,e5b1f81f0caf215ee0996544f095f7cfbde50f22f6c81e8519af9eb2fae09c26,2026-08-22,normalized_full_name_exact
1642817,Hailey Van Lith,4433412,Hailey Van Lith,CON,experience_le_3,2001-09-09T07:00Z,24,2,True,True,active,pending,,,ESPN,https://www.espn.com/wnba/player/bio/_/id/4433412/hailey-van-lith,analysis/role_fulfillment_matrix/data/live_inputs/player_core_2026.csv,e5b1f81f0caf215ee0996544f095f7cfbde50f22f6c81e8519af9eb2fae09c26,2026-08-22,normalized_full_name_exact
1641650,Haley Jones,4595910,Haley Jones,DAL,experience_le_3,2001-05-23T07:00Z,25,4,False,True,active,pending,,,ESPN,https://www.espn.com/wnba/player/bio/_/id/4595910/haley-jones,analysis/role_fulfillment_matrix/data/live_inputs/player_core_2026.csv,e5b1f81f0caf215ee0996544f095f7cfbde50f22f6c81e8519af9eb2fae09c26,2026-08-22,normalized_full_name_exact
1629566,Han Xu,4337216,Han Xu,NYL,experience_le_3,1999-10-31T07:00Z,26,4,False,True,active,pending,,,ESPN,https://www.espn.com/wnba/player/bio/_/id/4337216/han-xu,analysis/role_fulfillment_matrix/data/live_inputs/player_core_2026.csv,e5b1f81f0caf215ee0996544f095f7cfbde50f22f6c81e8519af9eb2fae09c26,2026-08-22,normalized_full_name_exact
1641683,Holly Winterburn,4433690,Holly Winterburn,PDX,experience_le_3,2000-10-01T07:00Z,25,0,True,True,active,pending,,,ESPN,https://www.espn.com/wnba/player/bio/_/id/4433690/holly-winterburn,analysis/role_fulfillment_matrix/data/live_inputs/player_core_2026.csv,e5b1f81f0caf215ee0996544f095f7cfbde50f22f6c81e8519af9eb2fae09c26,2026-08-22,normalized_full_name_exact
1643469,Indya Nivar,5105740,Indya Nivar,ATL,experience_le_3,2004-01-16T08:00Z,22,0,True,True,active,pending,,,ESPN,https://www.espn.com/wnba/player/bio/_/id/5105740/indya-nivar,analysis/role_fulfillment_matrix/data/live_inputs/player_core_2026.csv,e5b1f81f0caf215ee0996544f095f7cfbde50f22f6c81e8519af9eb2fae09c26,2026-08-22,normalized_full_name_exact
204330,Isabelle Harrison,2566453,Isabelle Harrison,TOR,experience_le_3,1993-09-27T07:00Z,32,9,False,True,active,pending,,,ESPN,https://www.espn.com/wnba/player/bio/_/id/2566453/isabelle-harrison,analysis/role_fulfillment_matrix/data/live_inputs/player_core_2026.csv,e5b1f81f0caf215ee0996544f095f7cfbde50f22f6c81e8519af9eb2fae09c26,2026-08-22,normalized_full_name_exact
1642302,Isobel Borlase,5208983,Isobel Borlase,ATL,experience_le_3,2004-09-12T07:00Z,21,0,True,True,active,pending,,,ESPN,https://www.espn.com/wnba/player/bio/_/id/5208983/isobel-borlase,analysis/role_fulfillment_matrix/data/live_inputs/player_core_2026.csv,e5b1f81f0caf215ee0996544f095f7cfbde50f22f6c81e8519af9eb2fae09c26,2026-08-22,normalized_full_name_exact
1642808,JJ Quinerly,4434015,JJ Quinerly,DAL,experience_le_3,2002-10-24T07:00Z,23,1,True,False,free-agent,pending,,,ESPN,https://www.espn.com/wnba/player/bio/_/id/4434015/jj-quinerly,analysis/role_fulfillment_matrix/data/live_inputs/player_core_2026.csv,e5b1f81f0caf215ee0996544f095f7cfbde50f22f6c81e8519af9eb2fae09c26,2026-08-22,normalized_full_name_exact
1629498,Jackie Young,4065870,Jackie Young,LVA,experience_le_3,1997-09-16T07:00Z,28,8,False,True,active,pending,,,ESPN,https://www.espn.com/wnba/player/bio/_/id/4065870/jackie-young,analysis/role_fulfillment_matrix/data/live_inputs/player_core_2026.csv,e5b1f81f0caf215ee0996544f095f7cfbde50f22f6c81e8519af9eb2fae09c26,2026-08-22,normalized_full_name_exact
1642292,Jacy Sheldon,4432865,Jacy Sheldon,CHI,experience_le_3,2000-08-23T07:00Z,25,3,True,True,active,pending,,,ESPN,https://www.espn.com/wnba/player/bio/_/id/4432865/jacy-sheldon,analysis/role_fulfillment_matrix/data/live_inputs/player_core_2026.csv,e5b1f81f0caf215ee0996544f095f7cfbde50f22f6c81e8519af9eb2fae09c26,2026-08-22,normalized_full_name_exact
1631141,Jade Melbourne,5017726,Jade Melbourne,SEA,experience_le_3,2002-08-18T07:00Z,24,4,False,True,active,pending,,,ESPN,https://www.espn.com/wnba/player/bio/_/id/5017726/jade-melbourne,analysis/role_fulfillment_matrix/data/live_inputs/player_core_2026.csv,e5b1f81f0caf215ee0996544f095f7cfbde50f22f6c81e8519af9eb2fae09c26,2026-08-22,normalized_full_name_exact
1642767,Janelle Salaun,4790264,Janelle Salaun,GSV,experience_le_3,2001-09-05T07:00Z,24,2,True,True,active,pending,,,ESPN,https://www.espn.com/wnba/player/bio/_/id/4790264/janelle-salaun,analysis/role_fulfillment_matrix/data/live_inputs/player_core_2026.csv,e5b1f81f0caf215ee0996544f095f7cfbde50f22f6c81e8519af9eb2fae09c26,2026-08-22,normalized_full_name_exact
1642320,Jaylyn Sherrod,4433386,Jaylyn Sherrod,ATL,experience_le_3,2001-10-21T07:00Z,24,3,True,True,active,pending,,,ESPN,https://www.espn.com/wnba/player/bio/_/id/4433386/jaylyn-sherrod,analysis/role_fulfillment_matrix/data/live_inputs/player_core_2026.csv,e5b1f81f0caf215ee0996544f095f7cfbde50f22f6c81e8519af9eb2fae09c26,2026-08-22,normalized_full_name_exact
1629491,Jessica Shepard,3906949,Jessica Shepard,DAL,experience_le_3,1996-09-11T07:00Z,29,6,False,True,active,pending,,,ESPN,https://www.espn.com/wnba/player/bio/_/id/3906949/jessica-shepard,analysis/role_fulfillment_matrix/data/live_inputs/player_core_2026.csv,e5b1f81f0caf215ee0996544f095f7cfbde50f22f6c81e8519af9eb2fae09c26,2026-08-22,normalized_full_name_exact
204319,Jewell Loyd,2987869,Jewell Loyd,LVA,experience_le_3,1993-10-05T07:00Z,32,12,False,True,active,pending,,,ESPN,https://www.espn.com/wnba/player/bio/_/id/2987869/jewell-loyd,analysis/role_fulfillment_matrix/data/live_inputs/player_core_2026.csv,e5b1f81f0caf215ee0996544f095f7cfbde50f22f6c81e8519af9eb2fae09c26,2026-08-22,normalized_full_name_exact
1630148,Jihyun Park,4874375,Jihyun Park,LAS,experience_le_3,2000-04-07T07:00Z,26,0,True,True,active,pending,,,ESPN,https://www.espn.com/wnba/player/bio/_/id/4874375/jihyun-park,analysis/role_fulfillment_matrix/data/live_inputs/player_core_2026.csv,e5b1f81f0caf215ee0996544f095f7cfbde50f22f6c81e8519af9eb2fae09c26,2026-08-22,normalized_full_name_exact
1627673,Jonquel Jones,2999101,Jonquel Jones,NYL,experience_le_3,1994-01-05T08:00Z,32,10,False,True,active,pending,,,ESPN,https://www.espn.com/wnba/player/bio/_/id/2999101/jonquel-jones,analysis/role_fulfillment_matrix/data/live_inputs/player_core_2026.csv,e5b1f81f0caf215ee0996544f095f7cfbde50f22f6c81e8519af9eb2fae09c26,2026-08-22,normalized_full_name_exact
1643527,Jordan Harrison,5108051,Jordan Harrison,PDX,experience_le_3,2004-04-26T07:00Z,22,0,True,True,active,pending,,,ESPN,https://www.espn.com/wnba/player/bio/_/id/5108051/jordan-harrison,analysis/role_fulfillment_matrix/data/live_inputs/player_core_2026.csv,e5b1f81f0caf215ee0996544f095f7cfbde50f22f6c81e8519af9eb2fae09c26,2026-08-22,normalized_full_name_exact
1641651,Jordan Horston,4432830,Jordan Horston,SEA,experience_le_3,2001-05-21T07:00Z,25,3,True,True,active,pending,,,ESPN,https://www.espn.com/wnba/player/bio/_/id/4432830/jordan-horston,analysis/role_fulfillment_matrix/data/live_inputs/player_core_2026.csv,e5b1f81f0caf215ee0996544f095f7cfbde50f22f6c81e8519af9eb2fae09c26,2026-08-22,normalized_full_name_exact
1628886,Jordin Canada,3142250,Jordin Canada,ATL,experience_le_3,1995-08-11T07:00Z,31,9,False,True,active,pending,,,ESPN,https://www.espn.com/wnba/player/bio/_/id/3142250/jordin-canada,analysis/role_fulfillment_matrix/data/live_inputs/player_core_2026.csv,e5b1f81f0caf215ee0996544f095f7cfbde50f22f6c81e8519af9eb2fae09c26,2026-08-22,normalized_full_name_exact
1643505,Jovana Nogic,3906769,Jovana Nogic,PHX,experience_le_3,1997-12-17T08:00Z,28,0,True,True,active,pending,,,ESPN,https://www.espn.com/wnba/player/bio/_/id/3906769/jovana-nogic,analysis/role_fulfillment_matrix/data/live_inputs/player_core_2026.csv,e5b1f81f0caf215ee0996544f095f7cfbde50f22f6c81e8519af9eb2fae09c26,2026-08-22,normalized_full_name_exact
1630115,Joyner Holmes,4068161,Joyner Holmes,SEA,experience_le_3,1998-02-22T08:00Z,28,4,False,False,free-agent,pending,,,ESPN,https://www.espn.com/wnba/player/bio/_/id/4068161/joyner-holmes,analysis/role_fulfillment_matrix/data/live_inputs/player_core_2026.csv,e5b1f81f0caf215ee0996544f095f7cfbde50f22f6c81e8519af9eb2fae09c26,2026-08-22,normalized_full_name_exact
1627700,Julie Allemand,4001679,Julie Allemand,TOR,experience_le_3,1996-07-07T07:00Z,30,4,False,True,active,pending,,,ESPN,https://www.espn.com/wnba/player/bio/_/id/4001679/julie-allemand,analysis/role_fulfillment_matrix/data/live_inputs/player_core_2026.csv,e5b1f81f0caf215ee0996544f095f7cfbde50f22f6c81e8519af9eb2fae09c26,2026-08-22,normalized_full_name_exact
1642210,Julie Vanloo,2566110,Julie Vanloo,NYL,experience_le_3,1993-02-10T08:00Z,33,2,True,False,free-agent,pending,,,ESPN,https://www.espn.com/wnba/player/bio/_/id/2566110/julie-vanloo,analysis/role_fulfillment_matrix/data/live_inputs/player_core_2026.csv,e5b1f81f0caf215ee0996544f095f7cfbde50f22f6c81e8519af9eb2fae09c26,2026-08-22,normalized_full_name_exact
1642794,Juste Jocyte,5277552,Juste Jocyte,GSV,experience_le_3,2005-11-19T08:00Z,20,0,True,True,active,pending,,,ESPN,https://www.espn.com/wnba/player/bio/_/id/5277552/juste-jocyte,analysis/role_fulfillment_matrix/data/live_inputs/player_core_2026.csv,e5b1f81f0caf215ee0996544f095f7cfbde50f22f6c81e8519af9eb2fae09c26,2026-08-22,normalized_full_name_exact
1643495,Justine Pissott,4682855,Justine Pissott,LVA,experience_le_3,2004-02-04T08:00Z,22,0,True,True,active,pending,,,ESPN,https://www.espn.com/wnba/player/bio/_/id/4682855/justine-pissott,analysis/role_fulfillment_matrix/data/live_inputs/player_core_2026.csv,e5b1f81f0caf215ee0996544f095f7cfbde50f22f6c81e8519af9eb2fae09c26,2026-08-22,normalized_full_name_exact
1627674,Kahleah Copper,2998938,Kahleah Copper,PHX,experience_le_3,1994-08-28T07:00Z,31,11,False,True,active,pending,,,ESPN,https://www.espn.com/wnba/player/bio/_/id/2998938/kahleah-copper,analysis/role_fulfillment_matrix/data/live_inputs/player_core_2026.csv,e5b1f81f0caf215ee0996544f095f7cfbde50f22f6c81e8519af9eb2fae09c26,2026-08-22,normalized_full_name_exact
1630097,Kaila Charles,4065780,Kaila Charles,GSV,experience_le_3,1998-03-23T08:00Z,28,6,False,True,active,pending,,,ESPN,https://www.espn.com/wnba/player/bio/_/id/4065780/kaila-charles,analysis/role_fulfillment_matrix/data/live_inputs/player_core_2026.csv,e5b1f81f0caf215ee0996544f095f7cfbde50f22f6c81e8519af9eb2fae09c26,2026-08-22,normalized_full_name_exact
1642822,Kaitlyn Chen,4899328,Kaitlyn Chen,GSV,experience_le_3,2002-02-22T08:00Z,24,2,True,True,active,pending,,,ESPN,https://www.espn.com/wnba/player/bio/_/id/4899328/kaitlyn-chen,analysis/role_fulfillment_matrix/data/live_inputs/player_core_2026.csv,e5b1f81f0caf215ee0996544f095f7cfbde50f22f6c81e8519af9eb2fae09c26,2026-08-22,normalized_full_name_exact
1630154,Kamiah Smalls,4068346,Kamiah Smalls,PDX,experience_le_3,1998-04-17T07:00Z,28,3,True,False,free-agent,pending,,,ESPN,https://www.espn.com/wnba/player/bio/_/id/4068346/kamiah-smalls,analysis/role_fulfillment_matrix/data/live_inputs/player_core_2026.csv,e5b1f81f0caf215ee0996544f095f7cfbde50f22f6c81e8519af9eb2fae09c26,2026-08-22,normalized_full_name_exact
1642289,Kamilla Cardoso,4433405,Kamilla Cardoso,CHI,experience_le_3,2001-04-30T07:00Z,25,3,True,True,active,pending,,,ESPN,https://www.espn.com/wnba/player/bio/_/id/4433405/kamilla-cardoso,analysis/role_fulfillment_matrix/data/live_inputs/player_core_2026.csv,e5b1f81f0caf215ee0996544f095f7cfbde50f22f6c81e8519af9eb2fae09c26,2026-08-22,normalized_full_name_exact
1628317,Karlie Samuelson,3056730,Karlie Samuelson,PDX,experience_le_3,1995-05-10T07:00Z,31,8,False,True,active,pending,,,ESPN,https://www.espn.com/wnba/player/bio/_/id/3056730/karlie-samuelson,analysis/role_fulfillment_matrix/data/live_inputs/player_core_2026.csv,e5b1f81f0caf215ee0996544f095f7cfbde50f22f6c81e8519af9eb2fae09c26,2026-08-22,normalized_full_name_exact
1642324,Kate Martin,4398907,Kate Martin,LAS,experience_le_3,2000-06-05T07:00Z,26,3,True,True,active,pending,,,ESPN,https://www.espn.com/wnba/player/bio/_/id/4398907/kate-martin,analysis/role_fulfillment_matrix/data/live_inputs/player_core_2026.csv,e5b1f81f0caf215ee0996544f095f7cfbde50f22f6c81e8519af9eb2fae09c26,2026-08-22,normalized_full_name_exact
1629478,Katie Lou Samuelson,3917453,Katie Lou Samuelson,SEA,experience_le_3,1997-06-13T07:00Z,29,6,False,True,active,pending,,,ESPN,https://www.espn.com/wnba/player/bio/_/id/3917453/katie-lou-samuelson,analysis/role_fulfillment_matrix/data/live_inputs/player_core_2026.csv,e5b1f81f0caf215ee0996544f095f7cfbde50f22f6c81e8519af9eb2fae09c26,2026-08-22,normalized_full_name_exact
203405,Kayla Alexander,2491232,Kayla Alexander,TOR,experience_le_3,1991-01-05T08:00Z,35,7,False,False,free-agent,pending,,,ESPN,https://www.espn.com/wnba/player/bio/_/id/2491232/kayla-alexander,analysis/role_fulfillment_matrix/data/live_inputs/player_core_2026.csv,e5b1f81f0caf215ee0996544f095f7cfbde50f22f6c81e8519af9eb2fae09c26,2026-08-22,normalized_full_name_exact
203825,Kayla McBride,2529205,Kayla McBride,MIN,experience_le_3,1992-06-25T07:00Z,34,13,False,True,active,pending,,,ESPN,https://www.espn.com/wnba/player/bio/_/id/2529205/kayla-mcbride,analysis/role_fulfillment_matrix/data/live_inputs/player_core_2026.csv,e5b1f81f0caf215ee0996544f095f7cfbde50f22f6c81e8519af9eb2fae09c26,2026-08-22,normalized_full_name_exact
203866,Kayla Thornton,2529622,Kayla Thornton,GSV,experience_le_3,1992-10-20T07:00Z,33,11,False,True,active,pending,,,ESPN,https://www.espn.com/wnba/player/bio/_/id/2529622/kayla-thornton,analysis/role_fulfillment_matrix/data/live_inputs/player_core_2026.csv,e5b1f81f0caf215ee0996544f095f7cfbde50f22f6c81e8519af9eb2fae09c26,2026-08-22,normalized_full_name_exact
1628909,Kelsey Mitchell,3142191,Kelsey Mitchell,IND,experience_le_3,1995-11-12T08:00Z,30,9,False,True,active,pending,,,ESPN,https://www.espn.com/wnba/player/bio/_/id/3142191/kelsey-mitchell,analysis/role_fulfillment_matrix/data/live_inputs/player_core_2026.csv,e5b1f81f0caf215ee0996544f095f7cfbde50f22f6c81e8519af9eb2fae09c26,2026-08-22,normalized_full_name_exact
1628276,Kelsey Plum,3065570,Kelsey Plum,PHX,experience_le_3,1994-08-24T07:00Z,31,9,False,True,active,pending,,,ESPN,https://www.espn.com/wnba/player/bio/_/id/3065570/kelsey-plum,analysis/role_fulfillment_matrix/data/live_inputs/player_core_2026.csv,e5b1f81f0caf215ee0996544f095f7cfbde50f22f6c81e8519af9eb2fae09c26,2026-08-22,normalized_full_name_exact
1629568,Kennedy Burke,3922628,Kennedy Burke,CON,experience_le_3,1997-02-14T08:00Z,29,7,False,True,active,pending,,,ESPN,https://www.espn.com/wnba/player/bio/_/id/3922628/kennedy-burke,analysis/role_fulfillment_matrix/data/live_inputs/player_core_2026.csv,e5b1f81f0caf215ee0996544f095f7cfbde50f22f6c81e8519af9eb2fae09c26,2026-08-22,normalized_full_name_exact
1628915,Kia Nurse,3142327,Kia Nurse,TOR,experience_le_3,1996-02-22T08:00Z,30,8,False,True,active,pending,,,ESPN,https://www.espn.com/wnba/player/bio/_/id/3142327/kia-nurse,analysis/role_fulfillment_matrix/data/live_inputs/player_core_2026.csv,e5b1f81f0caf215ee0996544f095f7cfbde50f22f6c81e8519af9eb2fae09c26,2026-08-22,normalized_full_name_exact
204329,Kiah Stokes,2590093,Kiah Stokes,GSV,experience_le_3,1993-03-30T08:00Z,33,11,False,True,active,pending,,,ESPN,https://www.espn.com/wnba/player/bio/_/id/2590093/kiah-stokes,analysis/role_fulfillment_matrix/data/live_inputs/player_core_2026.csv,e5b1f81f0caf215ee0996544f095f7cfbde50f22f6c81e8519af9eb2fae09c26,2026-08-22,normalized_full_name_exact
1630461,Kiana Williams,4282168,Kiana Williams,LAS,experience_le_3,1999-04-09T07:00Z,27,5,False,False,free-agent,pending,,,ESPN,https://www.espn.com/wnba/player/bio/_/id/4282168/kiana-williams,analysis/role_fulfillment_matrix/data/live_inputs/player_core_2026.csv,e5b1f81f0caf215ee0996544f095f7cfbde50f22f6c81e8519af9eb2fae09c26,2026-08-22,normalized_full_name_exact
1631006,Kierstan Bell,4433633,Kierstan Bell,LVA,experience_le_3,2000-03-16T08:00Z,26,5,False,True,active,pending,,,ESPN,https://www.espn.com/wnba/player/bio/_/id/4433633/kierstan-bell,analysis/role_fulfillment_matrix/data/live_inputs/player_core_2026.csv,e5b1f81f0caf215ee0996544f095f7cfbde50f22f6c81e8519af9eb2fae09c26,2026-08-22,normalized_full_name_exact
1642792,Kiki Iriafen,4898384,Kiki Iriafen,WAS,experience_le_3,2003-08-26T07:00Z,22,2,True,True,active,pending,,,ESPN,https://www.espn.com/wnba/player/bio/_/id/4898384/kiki-iriafen,analysis/role_fulfillment_matrix/data/live_inputs/player_core_2026.csv,e5b1f81f0caf215ee0996544f095f7cfbde50f22f6c81e8519af9eb2fae09c26,2026-08-22,normalized_full_name_exact
1643445,Kiki Rice,4565505,Kiki Rice,TOR,experience_le_3,2004-01-14T08:00Z,22,0,True,True,active,pending,,,ESPN,https://www.espn.com/wnba/player/bio/_/id/4565505/kiki-rice,analysis/role_fulfillment_matrix/data/live_inputs/player_core_2026.csv,e5b1f81f0caf215ee0996544f095f7cfbde50f22f6c81e8519af9eb2fae09c26,2026-08-22,normalized_full_name_exact
1642768,Kyara Linskens,4873359,Kyara Linskens,PHX,experience_le_3,1996-11-13T08:00Z,29,2,True,True,active,pending,,,ESPN,https://www.espn.com/wnba/player/bio/_/id/4873359/kyara-linskens,analysis/role_fulfillment_matrix/data/live_inputs/player_core_2026.csv,e5b1f81f0caf215ee0996544f095f7cfbde50f22f6c81e8519af9eb2fae09c26,2026-08-22,normalized_full_name_exact
1641656,Laeticia Amihere,4432834,Laeticia Amihere,GSV,experience_le_3,2001-07-10T07:00Z,25,4,False,True,active,pending,,,ESPN,https://www.espn.com/wnba/player/bio/_/id/4432834/laeticia-amihere,analysis/role_fulfillment_matrix/data/live_inputs/player_core_2026.csv,e5b1f81f0caf215ee0996544f095f7cfbde50f22f6c81e8519af9eb2fae09c26,2026-08-22,normalized_full_name_exact
1643420,Laura Juskaite,5345444,Laura Juskaite,TOR,experience_le_3,1997-09-22T07:00Z,28,0,True,True,active,pending,,,ESPN,https://www.espn.com/wnba/player/bio/_/id/5345444/laura-juskaite,analysis/role_fulfillment_matrix/data/live_inputs/player_core_2026.csv,e5b1f81f0caf215ee0996544f095f7cfbde50f22f6c81e8519af9eb2fae09c26,2026-08-22,normalized_full_name_exact
1643461,Laura Ziegler,5107515,Laura Ziegler,LAS,experience_le_3,2002-07-23T07:00Z,24,0,True,False,free-agent,pending,,,ESPN,https://www.espn.com/wnba/player/bio/_/id/5107515/laura-ziegler,analysis/role_fulfillment_matrix/data/live_inputs/player_core_2026.csv,e5b1f81f0caf215ee0996544f095f7cfbde50f22f6c81e8519af9eb2fae09c26,2026-08-22,normalized_full_name_exact
1643427,Lauren Betts,5105737,Lauren Betts,WAS,experience_le_3,2003-10-15T07:00Z,22,0,True,True,active,pending,,,ESPN,https://www.espn.com/wnba/player/bio/_/id/5105737/lauren-betts,analysis/role_fulfillment_matrix/data/live_inputs/player_core_2026.csv,e5b1f81f0caf215ee0996544f095f7cfbde50f22f6c81e8519af9eb2fae09c26,2026-08-22,normalized_full_name_exact
1642303,Leila Lacan,5208981,Leila Lacan,CON,experience_le_3,2004-06-02T07:00Z,22,2,True,True,active,pending,,,ESPN,https://www.espn.com/wnba/player/bio/_/id/5208981/leila-lacan,analysis/role_fulfillment_matrix/data/live_inputs/player_core_2026.csv,e5b1f81f0caf215ee0996544f095f7cfbde50f22f6c81e8519af9eb2fae09c26,2026-08-22,normalized_full_name_exact
1630142,Leonie Fiebich,4683006,Leonie Fiebich,NYL,experience_le_3,2000-01-10T08:00Z,26,3,True,True,active,pending,,,ESPN,https://www.espn.com/wnba/player/bio/_/id/4683006/leonie-fiebich,analysis/role_fulfillment_matrix/data/live_inputs/player_core_2026.csv,e5b1f81f0caf215ee0996544f095f7cfbde50f22f6c81e8519af9eb2fae09c26,2026-08-22,normalized_full_name_exact
1631118,Lexi Held,4399342,Lexi Held,PHX,experience_le_3,1999-12-28T08:00Z,26,2,True,True,active,pending,,,ESPN,https://www.espn.com/wnba/player/bio/_/id/4399342/lexi-held,analysis/role_fulfillment_matrix/data/live_inputs/player_core_2026.csv,e5b1f81f0caf215ee0996544f095f7cfbde50f22f6c81e8519af9eb2fae09c26,2026-08-22,normalized_full_name_exact
1628882,Lexie Brown,3058892,Lexie Brown,SEA,experience_le_3,1994-10-27T07:00Z,31,8,False,False,free-agent,pending,,,ESPN,https://www.espn.com/wnba/player/bio/_/id/3058892/lexie-brown,analysis/role_fulfillment_matrix/data/live_inputs/player_core_2026.csv,e5b1f81f0caf215ee0996544f095f7cfbde50f22f6c81e8519af9eb2fae09c26,2026-08-22,normalized_full_name_exact
1631086,Lexie Hull,4398829,Lexie Hull,IND,experience_le_3,1999-09-13T07:00Z,26,5,False,True,active,pending,,,ESPN,https://www.espn.com/wnba/player/bio/_/id/4398829/lexie-hull,analysis/role_fulfillment_matrix/data/live_inputs/player_core_2026.csv,e5b1f81f0caf215ee0996544f095f7cfbde50f22f6c81e8519af9eb2fae09c26,2026-08-22,normalized_full_name_exact
1629574,Li Yueru,4336633,Li Yueru,DAL,experience_le_3,1999-03-28T08:00Z,27,4,False,True,active,pending,,,ESPN,https://www.espn.com/wnba/player/bio/_/id/4336633/li-yueru,analysis/role_fulfillment_matrix/data/live_inputs/player_core_2026.csv,e5b1f81f0caf215ee0996544f095f7cfbde50f22f6c81e8519af9eb2fae09c26,2026-08-22,normalized_full_name_exact
1642820,Liatu King,4596309,Liatu King,MIN,experience_le_3,2002-02-10T08:00Z,24,2,True,True,active,pending,,,ESPN,https://www.espn.com/wnba/player/bio/_/id/4596309/liatu-king,analysis/role_fulfillment_matrix/data/live_inputs/player_core_2026.csv,e5b1f81f0caf215ee0996544f095f7cfbde50f22f6c81e8519af9eb2fae09c26,2026-08-22,normalized_full_name_exact
1642802,Lucy Olsen,4433815,Lucy Olsen,WAS,experience_le_3,2003-05-26T07:00Z,23,2,True,True,active,pending,,,ESPN,https://www.espn.com/wnba/player/bio/_/id/4433815/lucy-olsen,analysis/role_fulfillment_matrix/data/live_inputs/player_core_2026.csv,e5b1f81f0caf215ee0996544f095f7cfbde50f22f6c81e8519af9eb2fae09c26,2026-08-22,normalized_full_name_exact
1630143,Luisa Geiselsoder,4682797,Luisa Geiselsoder,PDX,experience_le_3,2000-02-10T08:00Z,26,2,True,True,active,pending,,,ESPN,https://www.espn.com/wnba/player/bio/_/id/4682797/luisa-geiselsoder,analysis/role_fulfillment_matrix/data/live_inputs/player_core_2026.csv,e5b1f81f0caf215ee0996544f095f7cfbde50f22f6c81e8519af9eb2fae09c26,2026-08-22,normalized_full_name_exact
1642307,Mackenzie Holmes,4433643,Mackenzie Holmes,SEA,experience_le_3,2000-11-01T08:00Z,25,2,True,True,active,pending,,,ESPN,https://www.espn.com/wnba/player/bio/_/id/4433643/mackenzie-holmes,analysis/role_fulfillment_matrix/data/live_inputs/player_core_2026.csv,e5b1f81f0caf215ee0996544f095f7cfbde50f22f6c81e8519af9eb2fae09c26,2026-08-22,normalized_full_name_exact
1641652,Maddy Siegrist,4399415,Maddy Siegrist,DAL,experience_le_3,2000-05-22T07:00Z,26,4,False,True,active,pending,,,ESPN,https://www.espn.com/wnba/player/bio/_/id/4399415/maddy-siegrist,analysis/role_fulfillment_matrix/data/live_inputs/player_core_2026.csv,e5b1f81f0caf215ee0996544f095f7cfbde50f22f6c81e8519af9eb2fae09c26,2026-08-22,normalized_full_name_exact
1642818,Maddy Westbeld,4433424,Maddy Westbeld,CHI,experience_le_3,2002-02-10T08:00Z,24,2,True,True,active,pending,,,ESPN,https://www.espn.com/wnba/player/bio/_/id/4433424/maddy-westbeld,analysis/role_fulfillment_matrix/data/live_inputs/player_core_2026.csv,e5b1f81f0caf215ee0996544f095f7cfbde50f22f6c81e8519af9eb2fae09c26,2026-08-22,normalized_full_name_exact
1643431,Madina Okot,5108587,Madina Okot,ATL,experience_le_3,2004-08-23T07:00Z,21,0,True,True,active,pending,,,ESPN,https://www.espn.com/wnba/player/bio/_/id/5108587/madina-okot,analysis/role_fulfillment_matrix/data/live_inputs/player_core_2026.csv,e5b1f81f0caf215ee0996544f095f7cfbde50f22f6c81e8519af9eb2fae09c26,2026-08-22,normalized_full_name_exact
1642769,Mai Yamamoto,5220104,Mai Yamamoto,LVA,experience_le_3,1999-10-23T07:00Z,26,0,True,True,active,pending,,,ESPN,https://www.espn.com/wnba/player/bio/_/id/5220104/mai-yamamoto,analysis/role_fulfillment_matrix/data/live_inputs/player_core_2026.csv,e5b1f81f0caf215ee0996544f095f7cfbde50f22f6c81e8519af9eb2fae09c26,2026-08-22,normalized_full_name_exact
1642815,Makayla Timpson,4433546,Makayla Timpson,IND,experience_le_3,2002-09-20T07:00Z,23,2,True,True,active,pending,,,ESPN,https://www.espn.com/wnba/player/bio/_/id/4433546/makayla-timpson,analysis/role_fulfillment_matrix/data/live_inputs/player_core_2026.csv,e5b1f81f0caf215ee0996544f095f7cfbde50f22f6c81e8519af9eb2fae09c26,2026-08-22,normalized_full_name_exact
1629576,Maria Conde,3910470,Maria Conde,TOR,experience_le_3,1997-01-14T08:00Z,29,0,True,True,active,pending,,,ESPN,https://www.espn.com/wnba/player/bio/_/id/3910470/maria-conde,analysis/role_fulfillment_matrix/data/live_inputs/player_core_2026.csv,e5b1f81f0caf215ee0996544f095f7cfbde50f22f6c81e8519af9eb2fae09c26,2026-08-22,normalized_full_name_exact
1630108,Mariella Fasoula,3904479,Mariella Fasoula,TOR,experience_le_3,1997-09-02T07:00Z,28,0,True,False,inactive,pending,,,ESPN,https://www.espn.com/wnba/player/bio/_/id/3904479/mariella-fasoula,analysis/role_fulfillment_matrix/data/live_inputs/player_core_2026.csv,e5b1f81f0caf215ee0996544f095f7cfbde50f22f6c81e8519af9eb2fae09c26,2026-08-22,normalized_full_name_exact
1629497,Marina Mabrey,3904576,Marina Mabrey,TOR,experience_le_3,1996-09-14T07:00Z,29,8,False,True,active,pending,,,ESPN,https://www.espn.com/wnba/player/bio/_/id/3904576/marina-mabrey,analysis/role_fulfillment_matrix/data/live_inputs/player_core_2026.csv,e5b1f81f0caf215ee0996544f095f7cfbde50f22f6c81e8519af9eb2fae09c26,2026-08-22,normalized_full_name_exact
1630469,Marine Fauthoux,4790260,Marine Fauthoux,NYL,experience_le_3,2001-01-23T08:00Z,25,0,True,True,active,pending,,,ESPN,https://www.espn.com/wnba/player/bio/_/id/4790260/marine-fauthoux,analysis/role_fulfillment_matrix/data/live_inputs/player_core_2026.csv,e5b1f81f0caf215ee0996544f095f7cfbde50f22f6c81e8519af9eb2fae09c26,2026-08-22,normalized_full_name_exact
1629546,Marine Johannes,4038379,Marine Johannes,NYL,experience_le_3,1995-01-21T08:00Z,31,5,False,True,active,pending,,,ESPN,https://www.espn.com/wnba/player/bio/_/id/4038379/marine-johannes,analysis/role_fulfillment_matrix/data/live_inputs/player_core_2026.csv,e5b1f81f0caf215ee0996544f095f7cfbde50f22f6c81e8519af9eb2fae09c26,2026-08-22,normalized_full_name_exact
1643438,Marta Suarez,4704594,Marta Suarez,PHX,experience_le_3,2002-05-07T07:00Z,24,0,True,True,active,pending,,,ESPN,https://www.espn.com/wnba/player/bio/_/id/4704594/marta-suarez,analysis/role_fulfillment_matrix/data/live_inputs/player_core_2026.csv,e5b1f81f0caf215ee0996544f095f7cfbde50f22f6c81e8519af9eb2fae09c26,2026-08-22,normalized_full_name_exact
1630471,Maya Caldwell,4280850,Maya Caldwell,MIN,experience_le_3,1998-12-15T08:00Z,27,5,False,True,active,pending,,,ESPN,https://www.espn.com/wnba/player/bio/_/id/4280850/maya-caldwell,analysis/role_fulfillment_matrix/data/live_inputs/player_core_2026.csv,e5b1f81f0caf215ee0996544f095f7cfbde50f22f6c81e8519af9eb2fae09c26,2026-08-22,normalized_full_name_exact
1629484,Megan DiLeo,3934218,Megan DiLeo,PDX,experience_le_3,1996-12-13T08:00Z,29,8,False,True,active,pending,,,ESPN,https://www.espn.com/wnba/player/bio/_/id/3934218/megan-dileo,analysis/role_fulfillment_matrix/data/live_inputs/player_core_2026.csv,e5b1f81f0caf215ee0996544f095f7cfbde50f22f6c81e8519af9eb2fae09c26,2026-08-22,normalized_full_name_exact
1628920,Mercedes Russell,3056672,Mercedes Russell,IND,experience_le_3,1995-07-27T07:00Z,31,7,False,True,active,pending,,,ESPN,https://www.espn.com/wnba/player/bio/_/id/3056672/mercedes-russell,analysis/role_fulfillment_matrix/data/live_inputs/player_core_2026.csv,e5b1f81f0caf215ee0996544f095f7cfbde50f22f6c81e8519af9eb2fae09c26,2026-08-22,normalized_full_name_exact
1630446,Michaela Onyenwere,4282173,Michaela Onyenwere,WAS,experience_le_3,1999-08-10T07:00Z,27,6,False,True,active,pending,,,ESPN,https://www.espn.com/wnba/player/bio/_/id/4282173/michaela-onyenwere,analysis/role_fulfillment_matrix/data/live_inputs/player_core_2026.csv,e5b1f81f0caf215ee0996544f095f7cfbde50f22f6c81e8519af9eb2fae09c26,2026-08-22,normalized_full_name_exact
1631039,Miela Sowah,4398577,Miela Sowah,GSV,experience_le_3,2000-06-04T07:00Z,26,0,True,True,active,pending,,,ESPN,https://www.espn.com/wnba/player/bio/_/id/4398577/miela-sowah,analysis/role_fulfillment_matrix/data/live_inputs/player_core_2026.csv,e5b1f81f0caf215ee0996544f095f7cfbde50f22f6c81e8519af9eb2fae09c26,2026-08-22,normalized_full_name_exact
1642777,Monique Akoa Makani,5274110,Monique Akoa Makani,LAS,experience_le_3,2001-02-04T08:00Z,25,2,True,True,active,pending,,,ESPN,https://www.espn.com/wnba/player/bio/_/id/5274110/monique-akoa-makani,analysis/role_fulfillment_matrix/data/live_inputs/player_core_2026.csv,e5b1f81f0caf215ee0996544f095f7cfbde50f22f6c81e8519af9eb2fae09c26,2026-08-22,normalized_full_name_exact
1628881,Monique Billings,3142255,Monique Billings,IND,experience_le_3,1996-05-02T07:00Z,30,9,False,True,active,pending,,,ESPN,https://www.espn.com/wnba/player/bio/_/id/3142255/monique-billings,analysis/role_fulfillment_matrix/data/live_inputs/player_core_2026.csv,e5b1f81f0caf215ee0996544f095f7cfbde50f22f6c81e8519af9eb2fae09c26,2026-08-22,normalized_full_name_exact
1628899,Myisha Hines-Allen,3142055,Myisha Hines-Allen,IND,experience_le_3,1995-05-30T07:00Z,31,9,False,True,active,pending,,,ESPN,https://www.espn.com/wnba/player/bio/_/id/3142055/myisha-hines-allen,analysis/role_fulfillment_matrix/data/live_inputs/player_core_2026.csv,e5b1f81f0caf215ee0996544f095f7cfbde50f22f6c81e8519af9eb2fae09c26,2026-08-22,normalized_full_name_exact
1631019,NaLyssa Smith,4398776,NaLyssa Smith,LVA,experience_le_3,2000-08-08T07:00Z,26,5,False,True,active,pending,,,ESPN,https://www.espn.com/wnba/player/bio/_/id/4398776/nalyssa-smith,analysis/role_fulfillment_matrix/data/live_inputs/player_core_2026.csv,e5b1f81f0caf215ee0996544f095f7cfbde50f22f6c81e8519af9eb2fae09c26,2026-08-22,normalized_full_name_exact
1643686,Nadia Fingall,4066546,Nadia Fingall,GSV,experience_le_3,1998-08-12T07:00Z,28,0,True,True,active,pending,,,ESPN,https://www.espn.com/wnba/player/bio/_/id/4066546/nadia-fingall,analysis/role_fulfillment_matrix/data/live_inputs/player_core_2026.csv,e5b1f81f0caf215ee0996544f095f7cfbde50f22f6c81e8519af9eb2fae09c26,2026-08-22,normalized_full_name_exact
1629483,Napheesa Collier,3917450,Napheesa Collier,MIN,experience_le_3,1996-09-23T07:00Z,29,8,False,True,active,pending,,,ESPN,https://www.espn.com/wnba/player/bio/_/id/3917450/napheesa-collier,analysis/role_fulfillment_matrix/data/live_inputs/player_core_2026.csv,e5b1f81f0caf215ee0996544f095f7cfbde50f22f6c81e8519af9eb2fae09c26,2026-08-22,normalized_full_name_exact
204333,Natasha Cloud,2529137,Natasha Cloud,CHI,experience_le_3,1992-02-22T08:00Z,34,11,False,True,active,pending,,,ESPN,https://www.espn.com/wnba/player/bio/_/id/2529137/natasha-cloud,analysis/role_fulfillment_matrix/data/live_inputs/player_core_2026.csv,e5b1f81f0caf215ee0996544f095f7cfbde50f22f6c81e8519af9eb2fae09c26,2026-08-22,normalized_full_name_exact
203827,Natasha Howard,2529130,Natasha Howard,MIN,experience_le_3,1991-09-02T07:00Z,34,13,False,True,active,pending,,,ESPN,https://www.espn.com/wnba/player/bio/_/id/2529130/natasha-howard,analysis/role_fulfillment_matrix/data/live_inputs/player_core_2026.csv,e5b1f81f0caf215ee0996544f095f7cfbde50f22f6c81e8519af9eb2fae09c26,2026-08-22,normalized_full_name_exact
1630442,Natasha Mack,4068042,Natasha Mack,PHX,experience_le_3,1997-11-03T08:00Z,28,4,False,True,active,pending,,,ESPN,https://www.espn.com/wnba/player/bio/_/id/4068042/natasha-mack,analysis/role_fulfillment_matrix/data/live_inputs/player_core_2026.csv,e5b1f81f0caf215ee0996544f095f7cfbde50f22f6c81e8519af9eb2fae09c26,2026-08-22,normalized_full_name_exact
1629567,Natisha Hiedeman,3906753,Natisha Hiedeman,SEA,experience_le_3,1997-02-10T08:00Z,29,8,False,True,active,pending,,,ESPN,https://www.espn.com/wnba/player/bio/_/id/3906753/natisha-hiedeman,analysis/role_fulfillment_matrix/data/live_inputs/player_core_2026.csv,e5b1f81f0caf215ee0996544f095f7cfbde50f22f6c81e8519af9eb2fae09c26,2026-08-22,normalized_full_name_exact
1631044,Naz Hillmon,4398915,Naz Hillmon,ATL,experience_le_3,2000-04-05T07:00Z,26,5,False,True,active,pending,,,ESPN,https://www.espn.com/wnba/player/bio/_/id/4398915/naz-hillmon,analysis/role_fulfillment_matrix/data/live_inputs/player_core_2026.csv,e5b1f81f0caf215ee0996544f095f7cfbde50f22f6c81e8519af9eb2fae09c26,2026-08-22,normalized_full_name_exact
1643479,Ndjakalenga Mwenentanda,5106170,Ndjakalenga Mwenentanda,GSV,experience_le_3,2003-11-24T08:00Z,22,0,True,False,free-agent,pending,,,ESPN,https://www.espn.com/wnba/player/bio/_/id/5106170/ndjakalenga-mwenentanda,analysis/role_fulfillment_matrix/data/live_inputs/player_core_2026.csv,e5b1f81f0caf215ee0996544f095f7cfbde50f22f6c81e8519af9eb2fae09c26,2026-08-22,normalized_full_name_exact
1643448,Nell Angloma,5345319,Nell Angloma,CON,experience_le_3,2006-06-12T07:00Z,20,0,True,True,active,pending,,,ESPN,https://www.espn.com/wnba/player/bio/_/id/5345319/nell-angloma,analysis/role_fulfillment_matrix/data/live_inputs/player_core_2026.csv,e5b1f81f0caf215ee0996544f095f7cfbde50f22f6c81e8519af9eb2fae09c26,2026-08-22,normalized_full_name_exact
1628269,Nia Coffey,3054590,Nia Coffey,MIN,experience_le_3,1995-06-11T07:00Z,31,10,False,True,active,pending,,,ESPN,https://www.espn.com/wnba/player/bio/_/id/3054590/nia-coffey,analysis/role_fulfillment_matrix/data/live_inputs/player_core_2026.csv,e5b1f81f0caf215ee0996544f095f7cfbde50f22f6c81e8519af9eb2fae09c26,2026-08-22,normalized_full_name_exact
1631263,Nikolina Milic,4874475,Nikolina Milic,TOR,experience_le_3,1994-04-12T07:00Z,32,2,True,False,free-agent,pending,,,ESPN,https://www.espn.com/wnba/player/bio/_/id/4874475/nikolina-milic,analysis/role_fulfillment_matrix/data/live_inputs/player_core_2026.csv,e5b1f81f0caf215ee0996544f095f7cfbde50f22f6c81e8519af9eb2fae09c26,2026-08-22,normalized_full_name_exact
203014,Nneka Ogwumike,1068,Nneka Ogwumike,LAS,experience_le_3,1990-07-02T07:00Z,36,15,False,True,active,pending,,,ESPN,https://www.espn.com/wnba/player/bio/_/id/1068/nneka-ogwumike,analysis/role_fulfillment_matrix/data/live_inputs/player_core_2026.csv,e5b1f81f0caf215ee0996544f095f7cfbde50f22f6c81e8519af9eb2fae09c26,2026-08-22,normalized_full_name_exact
1643493,Noemie Brochant,5345524,Noemie Brochant,PHX,experience_le_3,1999-10-25T07:00Z,26,0,True,True,active,pending,,,ESPN,https://www.espn.com/wnba/player/bio/_/id/5345524/noemie-brochant,analysis/role_fulfillment_matrix/data/live_inputs/player_core_2026.csv,e5b1f81f0caf215ee0996544f095f7cfbde50f22f6c81e8519af9eb2fae09c26,2026-08-22,normalized_full_name_exact
1642296,Nyadiew Puoch,5209202,Nyadiew Puoch,PDX,experience_le_3,2004-06-23T07:00Z,22,0,True,True,active,pending,,,ESPN,https://www.espn.com/wnba/player/bio/_/id/5209202/nyadiew-puoch,analysis/role_fulfillment_matrix/data/live_inputs/player_core_2026.csv,e5b1f81f0caf215ee0996544f095f7cfbde50f22f6c81e8519af9eb2fae09c26,2026-08-22,normalized_full_name_exact
1631055,Nyara Sabally,4398768,Nyara Sabally,TOR,experience_le_3,2000-02-26T08:00Z,26,4,False,True,active,pending,,,ESPN,https://www.espn.com/wnba/player/bio/_/id/4398768/nyara-sabally,analysis/role_fulfillment_matrix/data/live_inputs/player_core_2026.csv,e5b1f81f0caf215ee0996544f095f7cfbde50f22f6c81e8519af9eb2fae09c26,2026-08-22,normalized_full_name_exact
203824,Odyssey Sims,2529047,Odyssey Sims,DAL,experience_le_3,1992-07-13T07:00Z,34,13,False,True,active,pending,,,ESPN,https://www.espn.com/wnba/player/bio/_/id/2529047/odyssey-sims,analysis/role_fulfillment_matrix/data/live_inputs/player_core_2026.csv,e5b1f81f0caf215ee0996544f095f7cfbde50f22f6c81e8519af9eb2fae09c26,2026-08-22,normalized_full_name_exact
1643426,Olivia Miles,4433791,Olivia Miles,MIN,experience_le_3,2003-01-29T08:00Z,23,0,True,True,active,pending,,,ESPN,https://www.espn.com/wnba/player/bio/_/id/4433791/olivia-miles,analysis/role_fulfillment_matrix/data/live_inputs/player_core_2026.csv,e5b1f81f0caf215ee0996544f095f7cfbde50f22f6c81e8519af9eb2fae09c26,2026-08-22,normalized_full_name_exact
1631135,Olivia Nelson-Ododa,4398966,Olivia Nelson-Ododa,CON,experience_le_3,2000-08-17T07:00Z,26,5,False,True,active,pending,,,ESPN,https://www.espn.com/wnba/player/bio/_/id/4398966/olivia-nelson-ododa,analysis/role_fulfillment_matrix/data/live_inputs/player_core_2026.csv,e5b1f81f0caf215ee0996544f095f7cfbde50f22f6c81e8519af9eb2fae09c26,2026-08-22,normalized_full_name_exact
1643706,Ornella Bankole,5364343,Ornella Bankole,TOR,experience_le_3,1997-09-17T07:00Z,28,0,True,True,active,pending,,,ESPN,https://www.espn.com/wnba/player/bio/_/id/5364343/ornella-bankole,analysis/role_fulfillment_matrix/data/live_inputs/player_core_2026.csv,e5b1f81f0caf215ee0996544f095f7cfbde50f22f6c81e8519af9eb2fae09c26,2026-08-22,normalized_full_name_exact
1642784,Paige Bueckers,4433730,Paige Bueckers,DAL,experience_le_3,2001-10-20T07:00Z,24,2,True,True,active,pending,,,ESPN,https://www.espn.com/wnba/player/bio/_/id/4433730/paige-bueckers,analysis/role_fulfillment_matrix/data/live_inputs/player_core_2026.csv,e5b1f81f0caf215ee0996544f095f7cfbde50f22f6c81e8519af9eb2fae09c26,2026-08-22,normalized_full_name_exact
1631136,Pauline Astier,5345320,Pauline Astier,NYL,experience_le_3,2002-02-15T08:00Z,24,0,True,True,active,pending,,,ESPN,https://www.espn.com/wnba/player/bio/_/id/5345320/pauline-astier,analysis/role_fulfillment_matrix/data/live_inputs/player_core_2026.csv,e5b1f81f0caf215ee0996544f095f7cfbde50f22f6c81e8519af9eb2fae09c26,2026-08-22,normalized_full_name_exact
1630138,Peyton Williams,4068104,Peyton Williams,PHX,experience_le_3,1998-04-27T07:00Z,28,0,True,False,free-agent,pending,,,ESPN,https://www.espn.com/wnba/player/bio/_/id/4068104/peyton-williams,analysis/role_fulfillment_matrix/data/live_inputs/player_core_2026.csv,e5b1f81f0caf215ee0996544f095f7cfbde50f22f6c81e8519af9eb2fae09c26,2026-08-22,normalized_full_name_exact
1643487,Quionche Carter,5107404,Quionche Carter,PHX,experience_le_3,2000-10-25T07:00Z,25,0,True,False,free-agent,pending,,,ESPN,https://www.espn.com/wnba/player/bio/_/id/5107404/quionche-carter,analysis/role_fulfillment_matrix/data/live_inputs/player_core_2026.csv,e5b1f81f0caf215ee0996544f095f7cfbde50f22f6c81e8519af9eb2fae09c26,2026-08-22,normalized_full_name_exact
1627671,Rachel Banham,2566186,Rachel Banham,CHI,experience_le_3,1993-07-15T07:00Z,33,11,False,True,active,pending,,,ESPN,https://www.espn.com/wnba/player/bio/_/id/2566186/rachel-banham,analysis/role_fulfillment_matrix/data/live_inputs/player_core_2026.csv,e5b1f81f0caf215ee0996544f095f7cfbde50f22f6c81e8519af9eb2fae09c26,2026-08-22,normalized_full_name_exact
1630996,Rae Burrell,4398764,Rae Burrell,LAS,experience_le_3,2000-06-21T07:00Z,26,5,False,True,active,pending,,,ESPN,https://www.espn.com/wnba/player/bio/_/id/4398764/rae-burrell,analysis/role_fulfillment_matrix/data/live_inputs/player_core_2026.csv,e5b1f81f0caf215ee0996544f095f7cfbde50f22f6c81e8519af9eb2fae09c26,2026-08-22,normalized_full_name_exact
1643441,Raegan Beers,5105732,Raegan Beers,CON,experience_le_3,2003-07-23T07:00Z,23,0,True,True,active,pending,,,ESPN,https://www.espn.com/wnba/player/bio/_/id/5105732/raegan-beers,analysis/role_fulfillment_matrix/data/live_inputs/player_core_2026.csv,e5b1f81f0caf215ee0996544f095f7cfbde50f22f6c81e8519af9eb2fae09c26,2026-08-22,normalized_full_name_exact
1630384,Raquel Carrera,4790258,Raquel Carrera,NYL,experience_le_3,2001-10-31T08:00Z,24,0,True,True,active,pending,,,ESPN,https://www.espn.com/wnba/player/bio/_/id/4790258/raquel-carrera,analysis/role_fulfillment_matrix/data/live_inputs/player_core_2026.csv,e5b1f81f0caf215ee0996544f095f7cfbde50f22f6c81e8519af9eb2fae09c26,2026-08-22,normalized_full_name_exact
1643433,Raven Johnson,4433797,Raven Johnson,IND,experience_le_3,2003-03-04T08:00Z,23,0,True,True,active,pending,,,ESPN,https://www.espn.com/wnba/player/bio/_/id/4433797/raven-johnson,analysis/role_fulfillment_matrix/data/live_inputs/player_core_2026.csv,e5b1f81f0caf215ee0996544f095f7cfbde50f22f6c81e8519af9eb2fae09c26,2026-08-22,normalized_full_name_exact
1642796,Rayah Marshall,4433792,Rayah Marshall,CON,experience_le_3,2003-11-15T08:00Z,22,1,True,True,active,pending,,,ESPN,https://www.espn.com/wnba/player/bio/_/id/4433792/rayah-marshall,analysis/role_fulfillment_matrix/data/live_inputs/player_core_2026.csv,e5b1f81f0caf215ee0996544f095f7cfbde50f22f6c81e8519af9eb2fae09c26,2026-08-22,normalized_full_name_exact
204296,Rebecca Allen,3102133,Rebecca Allen,NYL,experience_le_3,1992-11-06T08:00Z,33,11,False,True,active,pending,,,ESPN,https://www.espn.com/wnba/player/bio/_/id/3102133/rebecca-allen,analysis/role_fulfillment_matrix/data/live_inputs/player_core_2026.csv,e5b1f81f0caf215ee0996544f095f7cfbde50f22f6c81e8519af9eb2fae09c26,2026-08-22,normalized_full_name_exact
203822,Rebekah Gardner,2327695,Rebekah Gardner,NYL,experience_le_3,1990-07-09T07:00Z,36,4,False,True,active,pending,,,ESPN,https://www.espn.com/wnba/player/bio/_/id/2327695/rebekah-gardner,analysis/role_fulfillment_matrix/data/live_inputs/player_core_2026.csv,e5b1f81f0caf215ee0996544f095f7cfbde50f22f6c81e8519af9eb2fae09c26,2026-08-22,normalized_full_name_exact
1631009,Rhyne Howard,4398674,Rhyne Howard,ATL,experience_le_3,2000-04-29T07:00Z,26,5,False,True,active,pending,,,ESPN,https://www.espn.com/wnba/player/bio/_/id/4398674/rhyne-howard,analysis/role_fulfillment_matrix/data/live_inputs/player_core_2026.csv,e5b1f81f0caf215ee0996544f095f7cfbde50f22f6c81e8519af9eb2fae09c26,2026-08-22,normalized_full_name_exact
1642288,Rickea Jackson,4433630,Rickea Jackson,CHI,experience_le_3,2001-03-16T08:00Z,25,3,True,True,active,pending,,,ESPN,https://www.espn.com/wnba/player/bio/_/id/4433630/rickea-jackson,analysis/role_fulfillment_matrix/data/live_inputs/player_core_2026.csv,e5b1f81f0caf215ee0996544f095f7cfbde50f22f6c81e8519af9eb2fae09c26,2026-08-22,normalized_full_name_exact
1643450,Rori Harmon,4433523,Rori Harmon,WAS,experience_le_3,2003-01-29T08:00Z,23,0,True,True,active,pending,,,ESPN,https://www.espn.com/wnba/player/bio/_/id/4433523/rori-harmon,analysis/role_fulfillment_matrix/data/live_inputs/player_core_2026.csv,e5b1f81f0caf215ee0996544f095f7cfbde50f22f6c81e8519af9eb2fae09c26,2026-08-22,normalized_full_name_exact
1629477,Sabrina Ionescu,4066533,Sabrina Ionescu,NYL,experience_le_3,1997-12-06T08:00Z,28,7,False,True,active,pending,,,ESPN,https://www.espn.com/wnba/player/bio/_/id/4066533/sabrina-ionescu,analysis/role_fulfillment_matrix/data/live_inputs/player_core_2026.csv,e5b1f81f0caf215ee0996544f095f7cfbde50f22f6c81e8519af9eb2fae09c26,2026-08-22,normalized_full_name_exact
1628244,Sami Whitcomb,887,Sami Whitcomb,PHX,experience_le_3,1988-07-20T07:00Z,38,10,False,True,active,pending,,,ESPN,https://www.espn.com/wnba/player/bio/_/id/887/sami-whitcomb,analysis/role_fulfillment_matrix/data/live_inputs/player_core_2026.csv,e5b1f81f0caf215ee0996544f095f7cfbde50f22f6c81e8519af9eb2fae09c26,2026-08-22,normalized_full_name_exact
1642790,Sania Feagin,4433795,Sania Feagin,LAS,experience_le_3,2003-03-15T08:00Z,23,2,True,True,active,pending,,,ESPN,https://www.espn.com/wnba/player/bio/_/id/4433795/sania-feagin,analysis/role_fulfillment_matrix/data/live_inputs/player_core_2026.csv,e5b1f81f0caf215ee0996544f095f7cfbde50f22f6c81e8519af9eb2fae09c26,2026-08-22,normalized_full_name_exact
1642809,Saniya Rivers,4433514,Saniya Rivers,CON,experience_le_3,2003-03-04T08:00Z,23,2,True,True,active,pending,,,ESPN,https://www.espn.com/wnba/player/bio/_/id/4433514/saniya-rivers,analysis/role_fulfillment_matrix/data/live_inputs/player_core_2026.csv,e5b1f81f0caf215ee0996544f095f7cfbde50f22f6c81e8519af9eb2fae09c26,2026-08-22,normalized_full_name_exact
1642782,Sarah Ashlee Barker,4703794,Sarah Ashlee Barker,PDX,experience_le_3,2001-09-10T07:00Z,24,2,True,True,active,pending,,,ESPN,https://www.espn.com/wnba/player/bio/_/id/4703794/sarah-ashlee-barker,analysis/role_fulfillment_matrix/data/live_inputs/player_core_2026.csv,e5b1f81f0caf215ee0996544f095f7cfbde50f22f6c81e8519af9eb2fae09c26,2026-08-22,normalized_full_name_exact
1630149,Satou Sabally,4281929,Satou Sabally,NYL,experience_le_3,1998-04-25T07:00Z,28,7,False,True,active,pending,,,ESPN,https://www.espn.com/wnba/player/bio/_/id/4281929/satou-sabally,analysis/role_fulfillment_matrix/data/live_inputs/player_core_2026.csv,e5b1f81f0caf215ee0996544f095f7cfbde50f22f6c81e8519af9eb2fae09c26,2026-08-22,normalized_full_name_exact
1643458,Saylor Poffenbarger,4433542,Saylor Poffenbarger,CHI,experience_le_3,2003-04-14T07:00Z,23,0,True,False,free-agent,pending,,,ESPN,https://www.espn.com/wnba/player/bio/_/id/4433542/saylor-poffenbarger,analysis/role_fulfillment_matrix/data/live_inputs/player_core_2026.csv,e5b1f81f0caf215ee0996544f095f7cfbde50f22f6c81e8519af9eb2fae09c26,2026-08-22,normalized_full_name_exact
1643436,Serah Williams,5108550,Serah Williams,PDX,experience_le_3,2004-01-17T08:00Z,22,0,True,True,active,pending,,,ESPN,https://www.espn.com/wnba/player/bio/_/id/5108550/serah-williams,analysis/role_fulfillment_matrix/data/live_inputs/player_core_2026.csv,e5b1f81f0caf215ee0996544f095f7cfbde50f22f6c81e8519af9eb2fae09c26,2026-08-22,normalized_full_name_exact
1631022,Shakira Austin,4398911,Shakira Austin,WAS,experience_le_3,2000-07-25T07:00Z,26,5,False,True,active,pending,,,ESPN,https://www.espn.com/wnba/player/bio/_/id/4398911/shakira-austin,analysis/role_fulfillment_matrix/data/live_inputs/player_core_2026.csv,e5b1f81f0caf215ee0996544f095f7cfbde50f22f6c81e8519af9eb2fae09c26,2026-08-22,normalized_full_name_exact
1628278,Shatori Walker-Kimbrough,3058893,Shatori Walker-Kimbrough,ATL,experience_le_3,1995-05-18T07:00Z,31,10,False,True,active,pending,,,ESPN,https://www.espn.com/wnba/player/bio/_/id/3058893/shatori-walker-kimbrough,analysis/role_fulfillment_matrix/data/live_inputs/player_core_2026.csv,e5b1f81f0caf215ee0996544f095f7cfbde50f22f6c81e8519af9eb2fae09c26,2026-08-22,normalized_full_name_exact
1643470,Shay Ciezki,4688629,Shay Ciezki,PHX,experience_le_3,2003-11-26T08:00Z,22,0,True,True,active,pending,,,ESPN,https://www.espn.com/wnba/player/bio/_/id/4688629/shay-ciezki,analysis/role_fulfillment_matrix/data/live_inputs/player_core_2026.csv,e5b1f81f0caf215ee0996544f095f7cfbde50f22f6c81e8519af9eb2fae09c26,2026-08-22,normalized_full_name_exact
1631021,Sika Kone,5017721,Sika Kone,ATL,experience_le_3,2002-07-13T07:00Z,24,4,False,True,active,pending,,,ESPN,https://www.espn.com/wnba/player/bio/_/id/5017721/sika-kone,analysis/role_fulfillment_matrix/data/live_inputs/player_core_2026.csv,e5b1f81f0caf215ee0996544f095f7cfbde50f22f6c81e8519af9eb2fae09c26,2026-08-22,normalized_full_name_exact
203400,Skylar Diggins,2491205,Skylar Diggins,CHI,experience_le_3,1990-08-02T07:00Z,36,12,False,True,active,pending,,,ESPN,https://www.espn.com/wnba/player/bio/_/id/2491205/skylar-diggins,analysis/role_fulfillment_matrix/data/live_inputs/player_core_2026.csv,e5b1f81f0caf215ee0996544f095f7cfbde50f22f6c81e8519af9eb2fae09c26,2026-08-22,normalized_full_name_exact
1642785,Sonia Citron,4433524,Sonia Citron,WAS,experience_le_3,2003-10-22T07:00Z,22,2,True,True,active,pending,,,ESPN,https://www.espn.com/wnba/player/bio/_/id/4433524/sonia-citron,analysis/role_fulfillment_matrix/data/live_inputs/player_core_2026.csv,e5b1f81f0caf215ee0996544f095f7cfbde50f22f6c81e8519af9eb2fae09c26,2026-08-22,normalized_full_name_exact
1629482,Sophie Cunningham,3907781,Sophie Cunningham,IND,experience_le_3,1996-08-16T07:00Z,30,8,False,True,active,pending,,,ESPN,https://www.espn.com/wnba/player/bio/_/id/3907781/sophie-cunningham,analysis/role_fulfillment_matrix/data/live_inputs/player_core_2026.csv,e5b1f81f0caf215ee0996544f095f7cfbde50f22f6c81e8519af9eb2fae09c26,2026-08-22,normalized_full_name_exact
203828,Stefanie Dolson,2529183,Stefanie Dolson,SEA,experience_le_3,1992-01-08T08:00Z,34,13,False,True,active,pending,,,ESPN,https://www.espn.com/wnba/player/bio/_/id/2529183/stefanie-dolson,analysis/role_fulfillment_matrix/data/live_inputs/player_core_2026.csv,e5b1f81f0caf215ee0996544f095f7cfbde50f22f6c81e8519af9eb2fae09c26,2026-08-22,normalized_full_name_exact
203855,Stephanie Talbot,3099736,Stephanie Talbot,LVA,experience_le_3,1994-06-15T07:00Z,32,8,False,True,active,pending,,,ESPN,https://www.espn.com/wnba/player/bio/_/id/3099736/stephanie-talbot,analysis/role_fulfillment_matrix/data/live_inputs/player_core_2026.csv,e5b1f81f0caf215ee0996544f095f7cfbde50f22f6c81e8519af9eb2fae09c26,2026-08-22,normalized_full_name_exact
1630134,Sug Sutton,4068159,Sug Sutton,DAL,experience_le_3,1998-12-17T08:00Z,27,5,False,True,active,pending,,,ESPN,https://www.espn.com/wnba/player/bio/_/id/4068159/sug-sutton,analysis/role_fulfillment_matrix/data/live_inputs/player_core_2026.csv,e5b1f81f0caf215ee0996544f095f7cfbde50f22f6c81e8519af9eb2fae09c26,2026-08-22,normalized_full_name_exact
1642321,Sydney Taylor,4594786,Sydney Taylor,CHI,experience_le_3,2001-06-21T07:00Z,25,0,True,True,active,pending,,,ESPN,https://www.espn.com/wnba/player/bio/_/id/4594786/sydney-taylor,analysis/role_fulfillment_matrix/data/live_inputs/player_core_2026.csv,e5b1f81f0caf215ee0996544f095f7cfbde50f22f6c81e8519af9eb2fae09c26,2026-08-22,normalized_full_name_exact
1643444,Ta'Niya Latson,4609797,Ta'Niya Latson,LVA,experience_le_3,2003-12-26T08:00Z,22,0,True,True,active,pending,,,ESPN,https://www.espn.com/wnba/player/bio/_/id/4609797/taniya-latson,analysis/role_fulfillment_matrix/data/live_inputs/player_core_2026.csv,e5b1f81f0caf215ee0996544f095f7cfbde50f22f6c81e8519af9eb2fae09c26,2026-08-22,normalized_full_name_exact
1643473,Taina Mair,5106222,Taina Mair,SEA,experience_le_3,2003-11-20T08:00Z,22,0,True,True,active,pending,,,ESPN,https://www.espn.com/wnba/player/bio/_/id/5106222/taina-mair,analysis/role_fulfillment_matrix/data/live_inputs/player_core_2026.csv,e5b1f81f0caf215ee0996544f095f7cfbde50f22f6c81e8519af9eb2fae09c26,2026-08-22,normalized_full_name_exact
1642814,Taylor Thierry,4898400,Taylor Thierry,SEA,experience_le_3,2003-01-08T08:00Z,23,2,True,True,active,pending,,,ESPN,https://www.espn.com/wnba/player/bio/_/id/4898400/taylor-thierry,analysis/role_fulfillment_matrix/data/live_inputs/player_core_2026.csv,e5b1f81f0caf215ee0996544f095f7cfbde50f22f6c81e8519af9eb2fae09c26,2026-08-22,normalized_full_name_exact
1642804,Te-Hina Paopao,4433431,Te-Hina Paopao,ATL,experience_le_3,2002-08-21T07:00Z,23,2,True,True,active,pending,,,ESPN,https://www.espn.com/wnba/player/bio/_/id/4433431/te-hina-paopao,analysis/role_fulfillment_matrix/data/live_inputs/player_core_2026.csv,e5b1f81f0caf215ee0996544f095f7cfbde50f22f6c81e8519af9eb2fae09c26,2026-08-22,normalized_full_name_exact
1629479,Teaira McCowan,3913903,Teaira McCowan,MIN,experience_le_3,1996-09-28T07:00Z,29,6,False,False,free-agent,pending,,,ESPN,https://www.espn.com/wnba/player/bio/_/id/3913903/teaira-mccowan,analysis/role_fulfillment_matrix/data/live_inputs/player_core_2026.csv,e5b1f81f0caf215ee0996544f095f7cfbde50f22f6c81e8519af9eb2fae09c26,2026-08-22,normalized_full_name_exact
1643506,Teja Oblak,5346554,Teja Oblak,PDX,experience_le_3,1990-12-20T08:00Z,35,0,True,True,active,pending,,,ESPN,https://www.espn.com/wnba/player/bio/_/id/5346554/teja-oblak,analysis/role_fulfillment_matrix/data/live_inputs/player_core_2026.csv,e5b1f81f0caf215ee0996544f095f7cfbde50f22f6c81e8519af9eb2fae09c26,2026-08-22,normalized_full_name_exact
1627701,Temi Fagbenle,2569044,Temi Fagbenle,TOR,experience_le_3,1992-09-08T07:00Z,33,6,False,True,active,pending,,,ESPN,https://www.espn.com/wnba/player/bio/_/id/2569044/temi-fagbenle,analysis/role_fulfillment_matrix/data/live_inputs/player_core_2026.csv,e5b1f81f0caf215ee0996544f095f7cfbde50f22f6c81e8519af9eb2fae09c26,2026-08-22,normalized_full_name_exact
1643457,Teonni Key,4434020,Teonni Key,TOR,experience_le_3,2003-07-10T07:00Z,23,0,True,True,active,pending,,,ESPN,https://www.espn.com/wnba/player/bio/_/id/4434020/teonni-key,analysis/role_fulfillment_matrix/data/live_inputs/player_core_2026.csv,e5b1f81f0caf215ee0996544f095f7cfbde50f22f6c81e8519af9eb2fae09c26,2026-08-22,normalized_full_name_exact
203026,Tiffany Hayes,1054,Tiffany Hayes,GSV,experience_le_3,1989-09-20T07:00Z,36,14,False,True,active,pending,,,ESPN,https://www.espn.com/wnba/player/bio/_/id/1054/tiffany-hayes,analysis/role_fulfillment_matrix/data/live_inputs/player_core_2026.csv,e5b1f81f0caf215ee0996544f095f7cfbde50f22f6c81e8519af9eb2fae09c26,2026-08-22,normalized_full_name_exact
1643647,Tima Pouye,5355509,Tima Pouye,TOR,experience_le_3,1999-04-07T07:00Z,27,0,True,False,free-agent,pending,,,ESPN,https://www.espn.com/wnba/player/bio/_/id/5355509/tima-pouye,analysis/role_fulfillment_matrix/data/live_inputs/player_core_2026.csv,e5b1f81f0caf215ee0996544f095f7cfbde50f22f6c81e8519af9eb2fae09c26,2026-08-22,normalized_full_name_exact
1643439,Tonie Morgan,4565515,Tonie Morgan,LAS,experience_le_3,2004-07-16T07:00Z,22,0,True,True,active,pending,,,ESPN,https://www.espn.com/wnba/player/bio/_/id/4565515/tonie-morgan,analysis/role_fulfillment_matrix/data/live_inputs/player_core_2026.csv,e5b1f81f0caf215ee0996544f095f7cfbde50f22f6c81e8519af9eb2fae09c26,2026-08-22,normalized_full_name_exact
1630112,Tyasha Harris,4065760,Tyasha Harris,IND,experience_le_3,1998-05-01T07:00Z,28,7,False,True,active,pending,,,ESPN,https://www.espn.com/wnba/player/bio/_/id/4065760/tyasha-harris,analysis/role_fulfillment_matrix/data/live_inputs/player_core_2026.csv,e5b1f81f0caf215ee0996544f095f7cfbde50f22f6c81e8519af9eb2fae09c26,2026-08-22,normalized_full_name_exact
204468,Valeriane Ayayi,3919496,Valeriane Ayayi,PHX,experience_le_3,1994-04-29T07:00Z,32,2,True,True,active,pending,,,ESPN,https://www.espn.com/wnba/player/bio/_/id/3919496/valeriane-ayayi,analysis/role_fulfillment_matrix/data/live_inputs/player_core_2026.csv,e5b1f81f0caf215ee0996544f095f7cfbde50f22f6c81e8519af9eb2fae09c26,2026-08-22,normalized_full_name_exact
1631007,Veronica Burton,4398935,Veronica Burton,GSV,experience_le_3,2000-07-12T07:00Z,26,5,False,True,active,pending,,,ESPN,https://www.espn.com/wnba/player/bio/_/id/4398935/veronica-burton,analysis/role_fulfillment_matrix/data/live_inputs/player_core_2026.csv,e5b1f81f0caf215ee0996544f095f7cfbde50f22f6c81e8519af9eb2fae09c26,2026-08-22,normalized_full_name_exact
1642791,Zaay Green,4398766,Zaay Green,TOR,experience_le_3,2000-03-25T08:00Z,26,0,True,True,active,pending,,,ESPN,https://www.espn.com/wnba/player/bio/_/id/4398766/zaay-green,analysis/role_fulfillment_matrix/data/live_inputs/player_core_2026.csv,e5b1f81f0caf215ee0996544f095f7cfbde50f22f6c81e8519af9eb2fae09c26,2026-08-22,normalized_full_name_exact
1641660,Zia Cooke,4432832,Zia Cooke,SEA,experience_le_3,2001-01-09T08:00Z,25,4,False,True,active,pending,,,ESPN,https://www.espn.com/wnba/player/bio/_/id/4432832/zia-cooke,analysis/role_fulfillment_matrix/data/live_inputs/player_core_2026.csv,e5b1f81f0caf215ee0996544f095f7cfbde50f22f6c81e8519af9eb2fae09c26,2026-08-22,normalized_full_name_exact
