normalized_name,player_id,pbpstats_player_name,team_abbreviation,latest_game_date,espn_athlete_id,espn_player_name,experience_years,source_url,match_status,match_method,exclusion_reason
ajawilson,1628932,A'ja Wilson,LVA,2026-08-20,3149391,A'ja Wilson,9,https://www.espn.com/wnba/player/bio/_/id/3149391/aja-wilson,matched,normalized_full_name_exact,
aaliyahedwards,1642290,Aaliyah Edwards,CON,2026-08-13,4433408,Aaliyah Edwards,3,https://www.espn.com/wnba/player/bio/_/id/4433408/aaliyah-edwards,matched,normalized_full_name_exact,
aaliyahnye,1642801,Aaliyah Nye,ATL,2026-08-20,4597509,Aaliyah Nye,2,https://www.espn.com/wnba/player/bio/_/id/4597509/aaliyah-nye,matched,normalized_full_name_exact,
aichacoulibaly,1642786,Aicha Coulibaly,CHI,2026-08-16,4433433,Aicha Coulibaly,0,https://www.espn.com/wnba/player/bio/_/id/4433433/aicha-coulibaly,matched,normalized_full_name_exact,
alannasmith,1629501,Alanna Smith,DAL,2026-08-20,3913881,Alanna Smith,8,https://www.espn.com/wnba/player/bio/_/id/3913881/alanna-smith,matched,normalized_full_name_exact,
alexfowler,1643525,Alex Fowler,NYL,2026-05-21,4595823,Alex Fowler,0,https://www.espn.com/wnba/player/bio/_/id/4595823/alex-fowler,matched,normalized_full_name_exact,
alexwilson,1642775,Alex Wilson,WAS,2026-05-18,5278157,Alex Wilson,0,https://www.espn.com/wnba/player/bio/_/id/5278157/alex-wilson,matched,normalized_full_name_exact,
aliciaflorez,1643644,Alicia Florez,WAS,2026-08-19,5349415,Alicia Florez,0,https://www.espn.com/wnba/player/bio/_/id/5349415/alicia-florez,matched,normalized_full_name_exact,
alissapili,1642293,Alissa Pili,LAS,2026-08-18,5105752,Alissa Pili,3,https://www.espn.com/wnba/player/bio/_/id/5105752/alissa-pili,matched,normalized_full_name_exact,
aliyahboston,1641648,Aliyah Boston,IND,2026-08-20,4432831,Aliyah Boston,4,https://www.espn.com/wnba/player/bio/_/id/4432831/aliyah-boston,matched,normalized_full_name_exact,
allishagray,1628277,Allisha Gray,ATL,2026-08-20,3058901,Allisha Gray,10,https://www.espn.com/wnba/player/bio/_/id/3058901/allisha-gray,matched,normalized_full_name_exact,
alyshaclark,202252,Alysha Clark,DAL,2026-08-20,924,Alysha Clark,14,https://www.espn.com/wnba/player/bio/_/id/924/alysha-clark,matched,normalized_full_name_exact,
alyssathomas,203826,Alyssa Thomas,PHX,2026-08-16,2529140,Alyssa Thomas,13,https://www.espn.com/wnba/player/bio/_/id/2529140/alyssa-thomas,matched,normalized_full_name_exact,
amyokonkwo,1629539,Amy Okonkwo,ATL,2026-06-27,3142242,Amy Okonkwo,1,https://www.espn.com/wnba/player/bio/_/id/3142242/amy-okonkwo,matched,normalized_full_name_exact,
anastasiiaolairikosu,1642797,Anastasiia Olairi Kosu,MIN,2026-07-30,5278237,Anastasiia Olairi Kosu,2,https://www.espn.com/wnba/player/bio/_/id/5278237/anastasiia-olairi-kosu,matched,normalized_full_name_exact,
aneesahmorrow,1642800,Aneesah Morrow,TOR,2026-08-19,4684384,Aneesah Morrow,2,https://www.espn.com/wnba/player/bio/_/id/4684384/aneesah-morrow,matched,normalized_full_name_exact,
angelreese,1642291,Angel Reese,ATL,2026-08-20,4433402,Angel Reese,3,https://www.espn.com/wnba/player/bio/_/id/4433402/angel-reese,matched,normalized_full_name_exact,
angeladugalic,1643455,Angela Dugalic,WAS,2026-08-19,4433411,Angela Dugalic,0,https://www.espn.com/wnba/player/bio/_/id/4433411/angela-dugalic,matched,normalized_full_name_exact,
annelimaley,1630993,Anneli Maley,NYL,2026-08-18,4281930,Anneli Maley,2,https://www.espn.com/wnba/player/bio/_/id/4281930/anneli-maley,matched,normalized_full_name_exact,
antoniadelaere,1643489,Antonia Delaere,MIN,2026-08-12,4873358,Antonia Delaere,0,https://www.espn.com/wnba/player/bio/_/id/4873358/antonia-delaere,matched,normalized_full_name_exact,
arielatkins,1628878,Ariel Atkins,LAS,2026-08-20,3146151,Ariel Atkins,9,https://www.espn.com/wnba/player/bio/_/id/3146151/ariel-atkins,matched,normalized_full_name_exact,
arikeogunbowale,1629481,Arike Ogunbowale,DAL,2026-08-20,3904577,Arike Ogunbowale,8,https://www.espn.com/wnba/player/bio/_/id/3904577/arike-ogunbowale,matched,normalized_full_name_exact,
ashlonjackson,1643437,Ashlon Jackson,CON,2026-08-20,5106232,Ashlon Jackson,0,https://www.espn.com/wnba/player/bio/_/id/5106232/ashlon-jackson,matched,normalized_full_name_exact,
ashtenprechtel,1641695,Ashten Prechtel,GSV,2026-08-12,4433634,Ashten Prechtel,0,https://www.espn.com/wnba/player/bio/_/id/4433634/ashten-prechtel,matched,normalized_full_name_exact,
aubreygriffin,1642826,Aubrey Griffin,NYL,2026-05-14,4432844,Aubrey Griffin,0,https://www.espn.com/wnba/player/bio/_/id/4432844/aubrey-griffin,matched,normalized_full_name_exact,
awafam,1643443,Awa Fam,SEA,2026-08-16,5345325,Awa Fam,0,https://www.espn.com/wnba/player/bio/_/id/5345325/awa-fam,matched,normalized_full_name_exact,
awakkuier,1630386,Awak Kuier,DAL,2026-08-20,4790266,Awak Kuier,4,https://www.espn.com/wnba/player/bio/_/id/4790266/awak-kuier,matched,normalized_full_name_exact,
aziahajames,1642793,Aziaha James,DAL,2026-08-12,4433807,Aziaha James,2,https://www.espn.com/wnba/player/bio/_/id/4433807/aziaha-james,matched,normalized_full_name_exact,
azurastevens,1628922,Azura Stevens,CHI,2026-08-18,3142010,Azura Stevens,9,https://www.espn.com/wnba/player/bio/_/id/3142010/azura-stevens,matched,normalized_full_name_exact,
azzifudd,1643425,Azzi Fudd,DAL,2026-08-05,4433790,Azzi Fudd,0,https://www.espn.com/wnba/player/bio/_/id/4433790/azzi-fudd,matched,normalized_full_name_exact,
betnijahlaneyhamilton,204335,Betnijah Laney-Hamilton,WAS,2026-08-19,2593770,Betnijah Laney-Hamilton,10,https://www.espn.com/wnba/player/bio/_/id/2593770/betnijah-laney-hamilton,matched,normalized_full_name_exact,
breannastewart,1627668,Breanna Stewart,NYL,2026-08-18,2998928,Breanna Stewart,10,https://www.espn.com/wnba/player/bio/_/id/2998928/breanna-stewart,matched,normalized_full_name_exact,
breehall,1642788,Bree Hall,IND,2026-07-08,4898383,Bree Hall,2,https://www.espn.com/wnba/player/bio/_/id/4898383/bree-hall,matched,normalized_full_name_exact,
briannaturner,1629488,Brianna Turner,LVA,2026-08-20,3142086,Brianna Turner,8,https://www.espn.com/wnba/player/bio/_/id/3142086/brianna-turner,matched,normalized_full_name_exact,
bridgetcarleton,1629524,Bridget Carleton,PDX,2026-08-16,3906972,Bridget Carleton,8,https://www.espn.com/wnba/player/bio/_/id/3906972/bridget-carleton,matched,normalized_full_name_exact,
brionnajones,1628280,Brionna Jones,ATL,2026-08-13,3058895,Brionna Jones,10,https://www.espn.com/wnba/player/bio/_/id/3058895/brionna-jones,matched,normalized_full_name_exact,
brittneygriner,203398,Brittney Griner,CON,2026-08-13,2490553,Brittney Griner,13,https://www.espn.com/wnba/player/bio/_/id/2490553/brittney-griner,matched,normalized_full_name_exact,
brittneysykes,1628279,Brittney Sykes,TOR,2026-08-18,2988756,Brittney Sykes,10,https://www.espn.com/wnba/player/bio/_/id/2988756/brittney-sykes,matched,normalized_full_name_exact,
caitlinclark,1642286,Caitlin Clark,IND,2026-08-20,4433403,Caitlin Clark,3,https://www.espn.com/wnba/player/bio/_/id/4433403/caitlin-clark,matched,normalized_full_name_exact,
cameronbrink,1642287,Cameron Brink,LAS,2026-08-20,4433404,Cameron Brink,3,https://www.espn.com/wnba/player/bio/_/id/4433404/cameron-brink,matched,normalized_full_name_exact,
carlaleite,1642304,Carla Leite,PDX,2026-08-16,5208982,Carla Leite,2,https://www.espn.com/wnba/player/bio/_/id/5208982/carla-leite,matched,normalized_full_name_exact,
cassandreprosper,1643467,Cassandre Prosper,WAS,2026-08-19,5122345,Cassandre Prosper,0,https://www.espn.com/wnba/player/bio/_/id/5122345/cassandre-prosper,matched,normalized_full_name_exact,
ceciliazandalasini,1628508,Cecilia Zandalasini,GSV,2026-08-19,4257500,Cecilia Zandalasini,5,https://www.espn.com/wnba/player/bio/_/id/4257500/cecilia-zandalasini,matched,normalized_full_name_exact,
chancegray,1643462,Chance Gray,LAS,2026-08-20,5105729,Chance Gray,0,https://www.espn.com/wnba/player/bio/_/id/5105729/chance-gray,matched,normalized_full_name_exact,
charlisselegerwalker,1643449,Charlisse Leger-Walker,CON,2026-08-20,4703609,Charlisse Leger-Walker,0,https://www.espn.com/wnba/player/bio/_/id/4703609/charlisse-leger-walker,matched,normalized_full_name_exact,
chelseagray,203833,Chelsea Gray,LVA,2026-08-20,2529122,Chelsea Gray,12,https://www.espn.com/wnba/player/bio/_/id/2529122/chelsea-gray,matched,normalized_full_name_exact,
chennedycarter,1630150,Chennedy Carter,LVA,2026-07-05,4280892,Chennedy Carter,4,https://www.espn.com/wnba/player/bio/_/id/4280892/chennedy-carter,matched,normalized_full_name_exact,
cheyenneparkertyus,204323,Cheyenne Parker-Tyus,LVA,2026-08-20,2529458,Cheyenne Parker-Tyus,12,https://www.espn.com/wnba/player/bio/_/id/2529458/cheyenne-parker-tyus,matched,normalized_full_name_exact,
chloebibby,1631064,Chloe Bibby,CHI,2026-07-30,4280877,Chloe Bibby,2,https://www.espn.com/wnba/player/bio/_/id/4280877/chloe-bibby,matched,normalized_full_name_exact,
costanzaverona,1643424,Costanza Verona,DAL,2026-06-09,5345473,Costanza Verona,0,https://www.espn.com/wnba/player/bio/_/id/5345473/costanza-verona,matched,normalized_full_name_exact,
cotiemcmahon,1643430,Cotie McMahon,WAS,2026-08-19,4583144,Cotie McMahon,0,https://www.espn.com/wnba/player/bio/_/id/4583144/cotie-mcmahon,matched,normalized_full_name_exact,
courtneyvandersloot,202664,Courtney Vandersloot,CHI,2026-08-18,981,Courtney Vandersloot,16,https://www.espn.com/wnba/player/bio/_/id/981/courtney-vandersloot,matched,normalized_full_name_exact,
courtneywilliams,1627675,Courtney Williams,MIN,2026-08-19,2987891,Courtney Williams,11,https://www.espn.com/wnba/player/bio/_/id/2987891/courtney-williams,matched,normalized_full_name_exact,
damirisdantas,203024,Damiris Dantas,IND,2026-07-17,2955898,Damiris Dantas,11,https://www.espn.com/wnba/player/bio/_/id/2955898/damiris-dantas,matched,normalized_full_name_exact,
danaevans,1630389,Dana Evans,LVA,2026-08-09,4281190,Dana Evans,6,https://www.espn.com/wnba/player/bio/_/id/4281190/dana-evans,matched,normalized_full_name_exact,
dariannalittlepagebuggs,1643440,Darianna Littlepage-Buggs,WAS,2026-08-19,5106145,Darianna Littlepage-Buggs,0,https://www.espn.com/wnba/player/bio/_/id/5106145/darianna-littlepage-buggs,matched,normalized_full_name_exact,
dewannabonner,201886,DeWanna Bonner,PHX,2026-08-16,869,DeWanna Bonner,17,https://www.espn.com/wnba/player/bio/_/id/869/dewanna-bonner,matched,normalized_full_name_exact,
dearicahamby,204324,Dearica Hamby,LAS,2026-08-20,2566106,Dearica Hamby,12,https://www.espn.com/wnba/player/bio/_/id/2566106/dearica-hamby,matched,normalized_full_name_exact,
dijonaicarrington,1630096,DiJonai Carrington,CHI,2026-08-18,4066548,DiJonai Carrington,6,https://www.espn.com/wnba/player/bio/_/id/4066548/dijonai-carrington,matched,normalized_full_name_exact,
diamondmiller,1641649,Diamond Miller,CON,2026-08-20,4433635,Diamond Miller,4,https://www.espn.com/wnba/player/bio/_/id/4433635/diamond-miller,matched,normalized_full_name_exact,
dominiquemalonga,1642798,Dominique Malonga,SEA,2026-08-16,5220150,Dominique Malonga,2,https://www.espn.com/wnba/player/bio/_/id/5220150/dominique-malonga,matched,normalized_full_name_exact,
dorkajuhasz,1641657,Dorka Juhasz,MIN,2026-08-19,4398938,Dorka Juhasz,3,https://www.espn.com/wnba/player/bio/_/id/4398938/dorka-juhasz,matched,normalized_full_name_exact,
eliskajoklova,1643490,Eliska Joklova,MIN,2026-08-12,5345478,Eliska Joklova,0,https://www.espn.com/wnba/player/bio/_/id/5345478/eliska-joklova,matched,normalized_full_name_exact,
elizabethwilliams,204322,Elizabeth Williams,CHI,2026-08-18,2566081,Elizabeth Williams,12,https://www.espn.com/wnba/player/bio/_/id/2566081/elizabeth-williams,matched,normalized_full_name_exact,
emesehof,1629581,Emese Hof,MIN,2026-05-23,3913680,Emese Hof,0,https://www.espn.com/wnba/player/bio/_/id/3913680/emese-hof,matched,normalized_full_name_exact,
emilyengstler,1631083,Emily Engstler,PDX,2026-08-16,4398729,Emily Engstler,5,https://www.espn.com/wnba/player/bio/_/id/4398729/emily-engstler,matched,normalized_full_name_exact,
emmacannon,1628242,Emma Cannon,LAS,2026-08-20,2284331,Emma Cannon,8,https://www.espn.com/wnba/player/bio/_/id/2284331/emma-cannon,matched,normalized_full_name_exact,
emmacechova,1643488,Emma Cechova,MIN,2026-05-14,5345322,Emma Cechova,0,https://www.espn.com/wnba/player/bio/_/id/5345322/emma-cechova,matched,normalized_full_name_exact,
ericawheeler,204365,Erica Wheeler,LAS,2026-08-20,2491214,Erica Wheeler,11,https://www.espn.com/wnba/player/bio/_/id/2491214/erica-wheeler,matched,normalized_full_name_exact,
ezimagbegor,1629496,Ezi Magbegor,SEA,2026-08-16,4420318,Ezi Magbegor,7,https://www.espn.com/wnba/player/bio/_/id/4420318/ezi-magbegor,matched,normalized_full_name_exact,
flaujaejohnson,1643428,Flau'jae Johnson,SEA,2026-08-16,4698736,Flau'jae Johnson,0,https://www.espn.com/wnba/player/bio/_/id/4698736/flaujae-johnson,matched,normalized_full_name_exact,
friedabuhner,1643494,Frieda Buhner,PDX,2026-08-16,5105406,Frieda Buhner,0,https://www.espn.com/wnba/player/bio/_/id/5105406/frieda-buhner,matched,normalized_full_name_exact,
gabbywilliams,1628931,Gabby Williams,GSV,2026-08-19,3142328,Gabby Williams,8,https://www.espn.com/wnba/player/bio/_/id/3142328/gabby-williams,matched,normalized_full_name_exact,
gabrielajaquez,1643447,Gabriela Jaquez,CHI,2026-08-18,4858656,Gabriela Jaquez,0,https://www.espn.com/wnba/player/bio/_/id/4858656/gabriela-jaquez,matched,normalized_full_name_exact,
georgiaamoore,1642781,Georgia Amoore,WAS,2026-08-19,4704180,Georgia Amoore,0,https://www.espn.com/wnba/player/bio/_/id/4704180/georgia-amoore,matched,normalized_full_name_exact,
giannakneepkens,1643429,Gianna Kneepkens,CON,2026-08-20,4898898,Gianna Kneepkens,0,https://www.espn.com/wnba/player/bio/_/id/4898898/gianna-kneepkens,matched,normalized_full_name_exact,
gracevanslooten,1643453,Grace VanSlooten,IND,2026-08-14,5105731,Grace VanSlooten,0,https://www.espn.com/wnba/player/bio/_/id/5105731/grace-vanslooten,matched,normalized_full_name_exact,
haileyvanlith,1642817,Hailey Van Lith,CON,2026-08-13,4433412,Hailey Van Lith,2,https://www.espn.com/wnba/player/bio/_/id/4433412/hailey-van-lith,matched,normalized_full_name_exact,
haleyjones,1641650,Haley Jones,DAL,2026-08-14,4595910,Haley Jones,4,https://www.espn.com/wnba/player/bio/_/id/4595910/haley-jones,matched,normalized_full_name_exact,
hanxu,1629566,Han Xu,NYL,2026-08-18,4337216,Han Xu,4,https://www.espn.com/wnba/player/bio/_/id/4337216/han-xu,matched,normalized_full_name_exact,
hollywinterburn,1641683,Holly Winterburn,PDX,2026-08-16,4433690,Holly Winterburn,0,https://www.espn.com/wnba/player/bio/_/id/4433690/holly-winterburn,matched,normalized_full_name_exact,
indyanivar,1643469,Indya Nivar,ATL,2026-07-11,5105740,Indya Nivar,0,https://www.espn.com/wnba/player/bio/_/id/5105740/indya-nivar,matched,normalized_full_name_exact,
isabelleharrison,204330,Isabelle Harrison,TOR,2026-08-19,2566453,Isabelle Harrison,9,https://www.espn.com/wnba/player/bio/_/id/2566453/isabelle-harrison,matched,normalized_full_name_exact,
isobelborlase,1642302,Isobel Borlase,ATL,2026-08-20,5208983,Isobel Borlase,0,https://www.espn.com/wnba/player/bio/_/id/5208983/isobel-borlase,matched,normalized_full_name_exact,
jjquinerly,1642808,JJ Quinerly,DAL,2026-06-11,4434015,JJ Quinerly,1,https://www.espn.com/wnba/player/bio/_/id/4434015/jj-quinerly,matched,normalized_full_name_exact,
jackieyoung,1629498,Jackie Young,LVA,2026-08-20,4065870,Jackie Young,8,https://www.espn.com/wnba/player/bio/_/id/4065870/jackie-young,matched,normalized_full_name_exact,
jacysheldon,1642292,Jacy Sheldon,CHI,2026-08-18,4432865,Jacy Sheldon,3,https://www.espn.com/wnba/player/bio/_/id/4432865/jacy-sheldon,matched,normalized_full_name_exact,
jademelbourne,1631141,Jade Melbourne,SEA,2026-08-16,5017726,Jade Melbourne,4,https://www.espn.com/wnba/player/bio/_/id/5017726/jade-melbourne,matched,normalized_full_name_exact,
janellesalaun,1642767,Janelle Salaun,GSV,2026-08-19,4790264,Janelle Salaun,2,https://www.espn.com/wnba/player/bio/_/id/4790264/janelle-salaun,matched,normalized_full_name_exact,
jaylynsherrod,1642320,Jaylyn Sherrod,ATL,2026-08-16,4433386,Jaylyn Sherrod,3,https://www.espn.com/wnba/player/bio/_/id/4433386/jaylyn-sherrod,matched,normalized_full_name_exact,
jessicashepard,1629491,Jessica Shepard,DAL,2026-08-20,3906949,Jessica Shepard,6,https://www.espn.com/wnba/player/bio/_/id/3906949/jessica-shepard,matched,normalized_full_name_exact,
jewellloyd,204319,Jewell Loyd,LVA,2026-08-20,2987869,Jewell Loyd,12,https://www.espn.com/wnba/player/bio/_/id/2987869/jewell-loyd,matched,normalized_full_name_exact,
jihyunpark,1630148,Jihyun Park,LAS,2026-08-20,4874375,Jihyun Park,0,https://www.espn.com/wnba/player/bio/_/id/4874375/jihyun-park,matched,normalized_full_name_exact,
jonqueljones,1627673,Jonquel Jones,NYL,2026-08-18,2999101,Jonquel Jones,10,https://www.espn.com/wnba/player/bio/_/id/2999101/jonquel-jones,matched,normalized_full_name_exact,
jordanharrison,1643527,Jordan Harrison,PDX,2026-08-16,5108051,Jordan Harrison,0,https://www.espn.com/wnba/player/bio/_/id/5108051/jordan-harrison,matched,normalized_full_name_exact,
jordanhorston,1641651,Jordan Horston,SEA,2026-08-16,4432830,Jordan Horston,3,https://www.espn.com/wnba/player/bio/_/id/4432830/jordan-horston,matched,normalized_full_name_exact,
jordincanada,1628886,Jordin Canada,ATL,2026-08-20,3142250,Jordin Canada,9,https://www.espn.com/wnba/player/bio/_/id/3142250/jordin-canada,matched,normalized_full_name_exact,
jovananogic,1643505,Jovana Nogic,PHX,2026-06-17,3906769,Jovana Nogic,0,https://www.espn.com/wnba/player/bio/_/id/3906769/jovana-nogic,matched,normalized_full_name_exact,
joynerholmes,1630115,Joyner Holmes,SEA,2026-05-22,4068161,Joyner Holmes,4,https://www.espn.com/wnba/player/bio/_/id/4068161/joyner-holmes,matched,normalized_full_name_exact,
julieallemand,1627700,Julie Allemand,TOR,2026-08-19,4001679,Julie Allemand,4,https://www.espn.com/wnba/player/bio/_/id/4001679/julie-allemand,matched,normalized_full_name_exact,
julievanloo,1642210,Julie Vanloo,NYL,2026-05-21,2566110,Julie Vanloo,2,https://www.espn.com/wnba/player/bio/_/id/2566110/julie-vanloo,matched,normalized_full_name_exact,
justejocyte,1642794,Juste Jocyte,GSV,2026-08-12,5277552,Juste Jocyte,0,https://www.espn.com/wnba/player/bio/_/id/5277552/juste-jocyte,matched,normalized_full_name_exact,
justinepissott,1643495,Justine Pissott,LVA,2026-08-20,4682855,Justine Pissott,0,https://www.espn.com/wnba/player/bio/_/id/4682855/justine-pissott,matched,normalized_full_name_exact,
kahleahcopper,1627674,Kahleah Copper,PHX,2026-08-16,2998938,Kahleah Copper,11,https://www.espn.com/wnba/player/bio/_/id/2998938/kahleah-copper,matched,normalized_full_name_exact,
kailacharles,1630097,Kaila Charles,GSV,2026-08-19,4065780,Kaila Charles,6,https://www.espn.com/wnba/player/bio/_/id/4065780/kaila-charles,matched,normalized_full_name_exact,
kaitlynchen,1642822,Kaitlyn Chen,GSV,2026-08-19,4899328,Kaitlyn Chen,2,https://www.espn.com/wnba/player/bio/_/id/4899328/kaitlyn-chen,matched,normalized_full_name_exact,
kamiahsmalls,1630154,Kamiah Smalls,PDX,2026-05-14,4068346,Kamiah Smalls,3,https://www.espn.com/wnba/player/bio/_/id/4068346/kamiah-smalls,matched,normalized_full_name_exact,
kamillacardoso,1642289,Kamilla Cardoso,CHI,2026-08-18,4433405,Kamilla Cardoso,3,https://www.espn.com/wnba/player/bio/_/id/4433405/kamilla-cardoso,matched,normalized_full_name_exact,
karliesamuelson,1628317,Karlie Samuelson,PDX,2026-08-16,3056730,Karlie Samuelson,8,https://www.espn.com/wnba/player/bio/_/id/3056730/karlie-samuelson,matched,normalized_full_name_exact,
katemartin,1642324,Kate Martin,LAS,2026-08-20,4398907,Kate Martin,3,https://www.espn.com/wnba/player/bio/_/id/4398907/kate-martin,matched,normalized_full_name_exact,
katielousamuelson,1629478,Katie Lou Samuelson,SEA,2026-08-16,3917453,Katie Lou Samuelson,6,https://www.espn.com/wnba/player/bio/_/id/3917453/katie-lou-samuelson,matched,normalized_full_name_exact,
kaylaalexander,203405,Kayla Alexander,TOR,2026-07-20,2491232,Kayla Alexander,7,https://www.espn.com/wnba/player/bio/_/id/2491232/kayla-alexander,matched,normalized_full_name_exact,
kaylamcbride,203825,Kayla McBride,MIN,2026-08-19,2529205,Kayla McBride,13,https://www.espn.com/wnba/player/bio/_/id/2529205/kayla-mcbride,matched,normalized_full_name_exact,
kaylathornton,203866,Kayla Thornton,GSV,2026-08-19,2529622,Kayla Thornton,11,https://www.espn.com/wnba/player/bio/_/id/2529622/kayla-thornton,matched,normalized_full_name_exact,
kelseymitchell,1628909,Kelsey Mitchell,IND,2026-08-20,3142191,Kelsey Mitchell,9,https://www.espn.com/wnba/player/bio/_/id/3142191/kelsey-mitchell,matched,normalized_full_name_exact,
kelseyplum,1628276,Kelsey Plum,PHX,2026-08-09,3065570,Kelsey Plum,9,https://www.espn.com/wnba/player/bio/_/id/3065570/kelsey-plum,matched,normalized_full_name_exact,
kennedyburke,1629568,Kennedy Burke,CON,2026-08-20,3922628,Kennedy Burke,7,https://www.espn.com/wnba/player/bio/_/id/3922628/kennedy-burke,matched,normalized_full_name_exact,
kianurse,1628915,Kia Nurse,TOR,2026-08-19,3142327,Kia Nurse,8,https://www.espn.com/wnba/player/bio/_/id/3142327/kia-nurse,matched,normalized_full_name_exact,
kiahstokes,204329,Kiah Stokes,GSV,2026-08-19,2590093,Kiah Stokes,11,https://www.espn.com/wnba/player/bio/_/id/2590093/kiah-stokes,matched,normalized_full_name_exact,
kianawilliams,1630461,Kiana Williams,LAS,2026-08-13,4282168,Kiana Williams,5,https://www.espn.com/wnba/player/bio/_/id/4282168/kiana-williams,matched,normalized_full_name_exact,
kierstanbell,1631006,Kierstan Bell,LVA,2026-08-20,4433633,Kierstan Bell,5,https://www.espn.com/wnba/player/bio/_/id/4433633/kierstan-bell,matched,normalized_full_name_exact,
kikiiriafen,1642792,Kiki Iriafen,WAS,2026-08-19,4898384,Kiki Iriafen,2,https://www.espn.com/wnba/player/bio/_/id/4898384/kiki-iriafen,matched,normalized_full_name_exact,
kikirice,1643445,Kiki Rice,TOR,2026-08-19,4565505,Kiki Rice,0,https://www.espn.com/wnba/player/bio/_/id/4565505/kiki-rice,matched,normalized_full_name_exact,
kyaralinskens,1642768,Kyara Linskens,PHX,2026-08-09,4873359,Kyara Linskens,2,https://www.espn.com/wnba/player/bio/_/id/4873359/kyara-linskens,matched,normalized_full_name_exact,
laeticiaamihere,1641656,Laeticia Amihere,GSV,2026-08-17,4432834,Laeticia Amihere,4,https://www.espn.com/wnba/player/bio/_/id/4432834/laeticia-amihere,matched,normalized_full_name_exact,
laurajuskaite,1643420,Laura Juskaite,TOR,2026-08-19,5345444,Laura Juskaite,0,https://www.espn.com/wnba/player/bio/_/id/5345444/laura-juskaite,matched,normalized_full_name_exact,
lauraziegler,1643461,Laura Ziegler,LAS,2026-06-27,5107515,Laura Ziegler,0,https://www.espn.com/wnba/player/bio/_/id/5107515/laura-ziegler,matched,normalized_full_name_exact,
laurenbetts,1643427,Lauren Betts,WAS,2026-08-19,5105737,Lauren Betts,0,https://www.espn.com/wnba/player/bio/_/id/5105737/lauren-betts,matched,normalized_full_name_exact,
leilalacan,1642303,Leila Lacan,CON,2026-08-20,5208981,Leila Lacan,2,https://www.espn.com/wnba/player/bio/_/id/5208981/leila-lacan,matched,normalized_full_name_exact,
leoniefiebich,1630142,Leonie Fiebich,NYL,2026-07-03,4683006,Leonie Fiebich,3,https://www.espn.com/wnba/player/bio/_/id/4683006/leonie-fiebich,matched,normalized_full_name_exact,
lexiheld,1631118,Lexi Held,PHX,2026-08-16,4399342,Lexi Held,2,https://www.espn.com/wnba/player/bio/_/id/4399342/lexi-held,matched,normalized_full_name_exact,
lexiebrown,1628882,Lexie Brown,SEA,2026-06-01,3058892,Lexie Brown,8,https://www.espn.com/wnba/player/bio/_/id/3058892/lexie-brown,matched,normalized_full_name_exact,
lexiehull,1631086,Lexie Hull,IND,2026-08-20,4398829,Lexie Hull,5,https://www.espn.com/wnba/player/bio/_/id/4398829/lexie-hull,matched,normalized_full_name_exact,
liyueru,1629574,Li Yueru,DAL,2026-08-14,4336633,Li Yueru,4,https://www.espn.com/wnba/player/bio/_/id/4336633/li-yueru,matched,normalized_full_name_exact,
liatuking,1642820,Liatu King,MIN,2026-07-15,4596309,Liatu King,2,https://www.espn.com/wnba/player/bio/_/id/4596309/liatu-king,matched,normalized_full_name_exact,
lucyolsen,1642802,Lucy Olsen,WAS,2026-08-19,4433815,Lucy Olsen,2,https://www.espn.com/wnba/player/bio/_/id/4433815/lucy-olsen,matched,normalized_full_name_exact,
luisageiselsoder,1630143,Luisa Geiselsoder,PDX,2026-07-28,4682797,Luisa Geiselsoder,2,https://www.espn.com/wnba/player/bio/_/id/4682797/luisa-geiselsoder,matched,normalized_full_name_exact,
mackenzieholmes,1642307,Mackenzie Holmes,SEA,2026-08-16,4433643,Mackenzie Holmes,2,https://www.espn.com/wnba/player/bio/_/id/4433643/mackenzie-holmes,matched,normalized_full_name_exact,
maddysiegrist,1641652,Maddy Siegrist,DAL,2026-08-20,4399415,Maddy Siegrist,4,https://www.espn.com/wnba/player/bio/_/id/4399415/maddy-siegrist,matched,normalized_full_name_exact,
maddywestbeld,1642818,Maddy Westbeld,CHI,2026-07-12,4433424,Maddy Westbeld,2,https://www.espn.com/wnba/player/bio/_/id/4433424/maddy-westbeld,matched,normalized_full_name_exact,
madinaokot,1643431,Madina Okot,ATL,2026-08-20,5108587,Madina Okot,0,https://www.espn.com/wnba/player/bio/_/id/5108587/madina-okot,matched,normalized_full_name_exact,
maiyamamoto,1642769,Mai Yamamoto,LVA,2026-08-20,5220104,Mai Yamamoto,0,https://www.espn.com/wnba/player/bio/_/id/5220104/mai-yamamoto,matched,normalized_full_name_exact,
makaylatimpson,1642815,Makayla Timpson,IND,2026-08-20,4433546,Makayla Timpson,2,https://www.espn.com/wnba/player/bio/_/id/4433546/makayla-timpson,matched,normalized_full_name_exact,
mariaconde,1629576,Maria Conde,TOR,2026-08-10,3910470,Maria Conde,0,https://www.espn.com/wnba/player/bio/_/id/3910470/maria-conde,matched,normalized_full_name_exact,
mariellafasoula,1630108,Mariella Fasoula,TOR,2026-05-23,3904479,Mariella Fasoula,0,https://www.espn.com/wnba/player/bio/_/id/3904479/mariella-fasoula,matched,normalized_full_name_exact,
marinamabrey,1629497,Marina Mabrey,TOR,2026-08-18,3904576,Marina Mabrey,8,https://www.espn.com/wnba/player/bio/_/id/3904576/marina-mabrey,matched,normalized_full_name_exact,
marinefauthoux,1630469,Marine Fauthoux,NYL,2026-08-18,4790260,Marine Fauthoux,0,https://www.espn.com/wnba/player/bio/_/id/4790260/marine-fauthoux,matched,normalized_full_name_exact,
marinejohannes,1629546,Marine Johannes,NYL,2026-08-18,4038379,Marine Johannes,5,https://www.espn.com/wnba/player/bio/_/id/4038379/marine-johannes,matched,normalized_full_name_exact,
martasuarez,1643438,Marta Suarez,PHX,2026-08-16,4704594,Marta Suarez,0,https://www.espn.com/wnba/player/bio/_/id/4704594/marta-suarez,matched,normalized_full_name_exact,
mayacaldwell,1630471,Maya Caldwell,MIN,2026-08-19,4280850,Maya Caldwell,5,https://www.espn.com/wnba/player/bio/_/id/4280850/maya-caldwell,matched,normalized_full_name_exact,
megandileo,1629484,Megan DiLeo,PDX,2026-08-16,3934218,Megan DiLeo,8,https://www.espn.com/wnba/player/bio/_/id/3934218/megan-dileo,matched,normalized_full_name_exact,
mercedesrussell,1628920,Mercedes Russell,IND,2026-08-16,3056672,Mercedes Russell,7,https://www.espn.com/wnba/player/bio/_/id/3056672/mercedes-russell,matched,normalized_full_name_exact,
michaelaonyenwere,1630446,Michaela Onyenwere,WAS,2026-08-19,4282173,Michaela Onyenwere,6,https://www.espn.com/wnba/player/bio/_/id/4282173/michaela-onyenwere,matched,normalized_full_name_exact,
mielasowah,1631039,Miela Sowah,GSV,2026-05-21,4398577,Miela Sowah,0,https://www.espn.com/wnba/player/bio/_/id/4398577/miela-sowah,matched,normalized_full_name_exact,
moniqueakoamakani,1642777,Monique Akoa Makani,LAS,2026-08-20,5274110,Monique Akoa Makani,2,https://www.espn.com/wnba/player/bio/_/id/5274110/monique-akoa-makani,matched,normalized_full_name_exact,
moniquebillings,1628881,Monique Billings,IND,2026-08-20,3142255,Monique Billings,9,https://www.espn.com/wnba/player/bio/_/id/3142255/monique-billings,matched,normalized_full_name_exact,
myishahinesallen,1628899,Myisha Hines-Allen,IND,2026-08-18,3142055,Myisha Hines-Allen,9,https://www.espn.com/wnba/player/bio/_/id/3142055/myisha-hines-allen,matched,normalized_full_name_exact,
nalyssasmith,1631019,NaLyssa Smith,LVA,2026-08-20,4398776,NaLyssa Smith,5,https://www.espn.com/wnba/player/bio/_/id/4398776/nalyssa-smith,matched,normalized_full_name_exact,
nadiafingall,1643686,Nadia Fingall,GSV,2026-08-12,4066546,Nadia Fingall,0,https://www.espn.com/wnba/player/bio/_/id/4066546/nadia-fingall,matched,normalized_full_name_exact,
napheesacollier,1629483,Napheesa Collier,MIN,2026-08-19,3917450,Napheesa Collier,8,https://www.espn.com/wnba/player/bio/_/id/3917450/napheesa-collier,matched,normalized_full_name_exact,
natashacloud,204333,Natasha Cloud,CHI,2026-08-18,2529137,Natasha Cloud,11,https://www.espn.com/wnba/player/bio/_/id/2529137/natasha-cloud,matched,normalized_full_name_exact,
natashahoward,203827,Natasha Howard,MIN,2026-08-19,2529130,Natasha Howard,13,https://www.espn.com/wnba/player/bio/_/id/2529130/natasha-howard,matched,normalized_full_name_exact,
natashamack,1630442,Natasha Mack,PHX,2026-08-16,4068042,Natasha Mack,4,https://www.espn.com/wnba/player/bio/_/id/4068042/natasha-mack,matched,normalized_full_name_exact,
natishahiedeman,1629567,Natisha Hiedeman,SEA,2026-08-14,3906753,Natisha Hiedeman,8,https://www.espn.com/wnba/player/bio/_/id/3906753/natisha-hiedeman,matched,normalized_full_name_exact,
nazhillmon,1631044,Naz Hillmon,ATL,2026-08-20,4398915,Naz Hillmon,5,https://www.espn.com/wnba/player/bio/_/id/4398915/naz-hillmon,matched,normalized_full_name_exact,
ndjakalengamwenentanda,1643479,Ndjakalenga Mwenentanda,GSV,2026-06-02,5106170,Ndjakalenga Mwenentanda,0,https://www.espn.com/wnba/player/bio/_/id/5106170/ndjakalenga-mwenentanda,matched,normalized_full_name_exact,
nellangloma,1643448,Nell Angloma,CON,2026-08-20,5345319,Nell Angloma,0,https://www.espn.com/wnba/player/bio/_/id/5345319/nell-angloma,matched,normalized_full_name_exact,
niacoffey,1628269,Nia Coffey,MIN,2026-08-19,3054590,Nia Coffey,10,https://www.espn.com/wnba/player/bio/_/id/3054590/nia-coffey,matched,normalized_full_name_exact,
nikolinamilic,1631263,Nikolina Milic,TOR,2026-06-03,4874475,Nikolina Milic,2,https://www.espn.com/wnba/player/bio/_/id/4874475/nikolina-milic,matched,normalized_full_name_exact,
nnekaogwumike,203014,Nneka Ogwumike,LAS,2026-08-20,1068,Nneka Ogwumike,15,https://www.espn.com/wnba/player/bio/_/id/1068/nneka-ogwumike,matched,normalized_full_name_exact,
noemiebrochant,1643493,Noemie Brochant,PHX,2026-08-16,5345524,Noemie Brochant,0,https://www.espn.com/wnba/player/bio/_/id/5345524/noemie-brochant,matched,normalized_full_name_exact,
nyadiewpuoch,1642296,Nyadiew Puoch,PDX,2026-08-16,5209202,Nyadiew Puoch,0,https://www.espn.com/wnba/player/bio/_/id/5209202/nyadiew-puoch,matched,normalized_full_name_exact,
nyarasabally,1631055,Nyara Sabally,TOR,2026-08-12,4398768,Nyara Sabally,4,https://www.espn.com/wnba/player/bio/_/id/4398768/nyara-sabally,matched,normalized_full_name_exact,
odysseysims,203824,Odyssey Sims,DAL,2026-08-20,2529047,Odyssey Sims,13,https://www.espn.com/wnba/player/bio/_/id/2529047/odyssey-sims,matched,normalized_full_name_exact,
oliviamiles,1643426,Olivia Miles,MIN,2026-08-19,4433791,Olivia Miles,0,https://www.espn.com/wnba/player/bio/_/id/4433791/olivia-miles,matched,normalized_full_name_exact,
olivianelsonododa,1631135,Olivia Nelson-Ododa,CON,2026-08-20,4398966,Olivia Nelson-Ododa,5,https://www.espn.com/wnba/player/bio/_/id/4398966/olivia-nelson-ododa,matched,normalized_full_name_exact,
ornellabankole,1643706,Ornella Bankole,TOR,2026-08-19,5364343,Ornella Bankole,0,https://www.espn.com/wnba/player/bio/_/id/5364343/ornella-bankole,matched,normalized_full_name_exact,
paigebueckers,1642784,Paige Bueckers,DAL,2026-08-20,4433730,Paige Bueckers,2,https://www.espn.com/wnba/player/bio/_/id/4433730/paige-bueckers,matched,normalized_full_name_exact,
paulineastier,1631136,Pauline Astier,NYL,2026-08-18,5345320,Pauline Astier,0,https://www.espn.com/wnba/player/bio/_/id/5345320/pauline-astier,matched,normalized_full_name_exact,
peytonwilliams,1630138,Peyton Williams,PHX,2026-05-09,4068104,Peyton Williams,0,https://www.espn.com/wnba/player/bio/_/id/4068104/peyton-williams,matched,normalized_full_name_exact,
quionchecarter,1643487,Quionche Carter,PHX,2026-07-02,5107404,Quionche Carter,0,https://www.espn.com/wnba/player/bio/_/id/5107404/quionche-carter,matched,normalized_full_name_exact,
rachelbanham,1627671,Rachel Banham,CHI,2026-08-18,2566186,Rachel Banham,11,https://www.espn.com/wnba/player/bio/_/id/2566186/rachel-banham,matched,normalized_full_name_exact,
raeburrell,1630996,Rae Burrell,LAS,2026-08-20,4398764,Rae Burrell,5,https://www.espn.com/wnba/player/bio/_/id/4398764/rae-burrell,matched,normalized_full_name_exact,
raeganbeers,1643441,Raegan Beers,CON,2026-08-20,5105732,Raegan Beers,0,https://www.espn.com/wnba/player/bio/_/id/5105732/raegan-beers,matched,normalized_full_name_exact,
raquelcarrera,1630384,Raquel Carrera,NYL,2026-08-18,4790258,Raquel Carrera,0,https://www.espn.com/wnba/player/bio/_/id/4790258/raquel-carrera,matched,normalized_full_name_exact,
ravenjohnson,1643433,Raven Johnson,IND,2026-08-18,4433797,Raven Johnson,0,https://www.espn.com/wnba/player/bio/_/id/4433797/raven-johnson,matched,normalized_full_name_exact,
rayahmarshall,1642796,Rayah Marshall,CON,2026-08-20,4433792,Rayah Marshall,1,https://www.espn.com/wnba/player/bio/_/id/4433792/rayah-marshall,matched,normalized_full_name_exact,
rebeccaallen,204296,Rebecca Allen,NYL,2026-08-18,3102133,Rebecca Allen,11,https://www.espn.com/wnba/player/bio/_/id/3102133/rebecca-allen,matched,normalized_full_name_exact,
rebekahgardner,203822,Rebekah Gardner,NYL,2026-08-18,2327695,Rebekah Gardner,4,https://www.espn.com/wnba/player/bio/_/id/2327695/rebekah-gardner,matched,normalized_full_name_exact,
rhynehoward,1631009,Rhyne Howard,ATL,2026-08-20,4398674,Rhyne Howard,5,https://www.espn.com/wnba/player/bio/_/id/4398674/rhyne-howard,matched,normalized_full_name_exact,
rickeajackson,1642288,Rickea Jackson,CHI,2026-05-17,4433630,Rickea Jackson,3,https://www.espn.com/wnba/player/bio/_/id/4433630/rickea-jackson,matched,normalized_full_name_exact,
roriharmon,1643450,Rori Harmon,WAS,2026-08-19,4433523,Rori Harmon,0,https://www.espn.com/wnba/player/bio/_/id/4433523/rori-harmon,matched,normalized_full_name_exact,
sabrinaionescu,1629477,Sabrina Ionescu,NYL,2026-08-18,4066533,Sabrina Ionescu,7,https://www.espn.com/wnba/player/bio/_/id/4066533/sabrina-ionescu,matched,normalized_full_name_exact,
samiwhitcomb,1628244,Sami Whitcomb,PHX,2026-08-16,887,Sami Whitcomb,10,https://www.espn.com/wnba/player/bio/_/id/887/sami-whitcomb,matched,normalized_full_name_exact,
saniafeagin,1642790,Sania Feagin,LAS,2026-06-17,4433795,Sania Feagin,2,https://www.espn.com/wnba/player/bio/_/id/4433795/sania-feagin,matched,normalized_full_name_exact,
saniyarivers,1642809,Saniya Rivers,CON,2026-08-20,4433514,Saniya Rivers,2,https://www.espn.com/wnba/player/bio/_/id/4433514/saniya-rivers,matched,normalized_full_name_exact,
sarahashleebarker,1642782,Sarah Ashlee Barker,PDX,2026-07-22,4703794,Sarah Ashlee Barker,2,https://www.espn.com/wnba/player/bio/_/id/4703794/sarah-ashlee-barker,matched,normalized_full_name_exact,
satousabally,1630149,Satou Sabally,NYL,2026-06-23,4281929,Satou Sabally,7,https://www.espn.com/wnba/player/bio/_/id/4281929/satou-sabally,matched,normalized_full_name_exact,
saylorpoffenbarger,1643458,Saylor Poffenbarger,CHI,2026-06-22,4433542,Saylor Poffenbarger,0,https://www.espn.com/wnba/player/bio/_/id/4433542/saylor-poffenbarger,matched,normalized_full_name_exact,
serahwilliams,1643436,Serah Williams,PDX,2026-08-16,5108550,Serah Williams,0,https://www.espn.com/wnba/player/bio/_/id/5108550/serah-williams,matched,normalized_full_name_exact,
shakiraaustin,1631022,Shakira Austin,WAS,2026-08-19,4398911,Shakira Austin,5,https://www.espn.com/wnba/player/bio/_/id/4398911/shakira-austin,matched,normalized_full_name_exact,
shatoriwalkerkimbrough,1628278,Shatori Walker-Kimbrough,ATL,2026-08-20,3058893,Shatori Walker-Kimbrough,10,https://www.espn.com/wnba/player/bio/_/id/3058893/shatori-walker-kimbrough,matched,normalized_full_name_exact,
shayciezki,1643470,Shay Ciezki,PHX,2026-06-27,4688629,Shay Ciezki,0,https://www.espn.com/wnba/player/bio/_/id/4688629/shay-ciezki,matched,normalized_full_name_exact,
sikakone,1631021,Sika Kone,ATL,2026-08-20,5017721,Sika Kone,4,https://www.espn.com/wnba/player/bio/_/id/5017721/sika-kone,matched,normalized_full_name_exact,
skylardiggins,203400,Skylar Diggins,CHI,2026-07-03,2491205,Skylar Diggins,12,https://www.espn.com/wnba/player/bio/_/id/2491205/skylar-diggins,matched,normalized_full_name_exact,
soniacitron,1642785,Sonia Citron,WAS,2026-08-19,4433524,Sonia Citron,2,https://www.espn.com/wnba/player/bio/_/id/4433524/sonia-citron,matched,normalized_full_name_exact,
sophiecunningham,1629482,Sophie Cunningham,IND,2026-08-20,3907781,Sophie Cunningham,8,https://www.espn.com/wnba/player/bio/_/id/3907781/sophie-cunningham,matched,normalized_full_name_exact,
stefaniedolson,203828,Stefanie Dolson,SEA,2026-08-16,2529183,Stefanie Dolson,13,https://www.espn.com/wnba/player/bio/_/id/2529183/stefanie-dolson,matched,normalized_full_name_exact,
stephanietalbot,203855,Stephanie Talbot,LVA,2026-08-20,3099736,Stephanie Talbot,8,https://www.espn.com/wnba/player/bio/_/id/3099736/stephanie-talbot,matched,normalized_full_name_exact,
sugsutton,1630134,Sug Sutton,DAL,2026-08-20,4068159,Sug Sutton,5,https://www.espn.com/wnba/player/bio/_/id/4068159/sug-sutton,matched,normalized_full_name_exact,
sydneytaylor,1642321,Sydney Taylor,CHI,2026-08-18,4594786,Sydney Taylor,0,https://www.espn.com/wnba/player/bio/_/id/4594786/sydney-taylor,matched,normalized_full_name_exact,
taniyalatson,1643444,Ta'Niya Latson,LVA,2026-08-18,4609797,Ta'Niya Latson,0,https://www.espn.com/wnba/player/bio/_/id/4609797/taniya-latson,matched,normalized_full_name_exact,
tainamair,1643473,Taina Mair,SEA,2026-08-16,5106222,Taina Mair,0,https://www.espn.com/wnba/player/bio/_/id/5106222/taina-mair,matched,normalized_full_name_exact,
taylorthierry,1642814,Taylor Thierry,SEA,2026-08-14,4898400,Taylor Thierry,2,https://www.espn.com/wnba/player/bio/_/id/4898400/taylor-thierry,matched,normalized_full_name_exact,
tehinapaopao,1642804,Te-Hina Paopao,ATL,2026-08-20,4433431,Te-Hina Paopao,2,https://www.espn.com/wnba/player/bio/_/id/4433431/te-hina-paopao,matched,normalized_full_name_exact,
teairamccowan,1629479,Teaira McCowan,MIN,2026-06-24,3913903,Teaira McCowan,6,https://www.espn.com/wnba/player/bio/_/id/3913903/teaira-mccowan,matched,normalized_full_name_exact,
tejaoblak,1643506,Teja Oblak,PDX,2026-08-14,5346554,Teja Oblak,0,https://www.espn.com/wnba/player/bio/_/id/5346554/teja-oblak,matched,normalized_full_name_exact,
temifagbenle,1627701,Temi Fagbenle,TOR,2026-08-19,2569044,Temi Fagbenle,6,https://www.espn.com/wnba/player/bio/_/id/2569044/temi-fagbenle,matched,normalized_full_name_exact,
teonnikey,1643457,Teonni Key,TOR,2026-08-19,4434020,Teonni Key,0,https://www.espn.com/wnba/player/bio/_/id/4434020/teonni-key,matched,normalized_full_name_exact,
tiffanyhayes,203026,Tiffany Hayes,GSV,2026-08-19,1054,Tiffany Hayes,14,https://www.espn.com/wnba/player/bio/_/id/1054/tiffany-hayes,matched,normalized_full_name_exact,
timapouye,1643647,Tima Pouye,TOR,2026-07-30,5355509,Tima Pouye,0,https://www.espn.com/wnba/player/bio/_/id/5355509/tima-pouye,matched,normalized_full_name_exact,
toniemorgan,1643439,Tonie Morgan,LAS,2026-08-20,4565515,Tonie Morgan,0,https://www.espn.com/wnba/player/bio/_/id/4565515/tonie-morgan,matched,normalized_full_name_exact,
tyashaharris,1630112,Tyasha Harris,IND,2026-08-20,4065760,Tyasha Harris,7,https://www.espn.com/wnba/player/bio/_/id/4065760/tyasha-harris,matched,normalized_full_name_exact,
valerianeayayi,204468,Valeriane Ayayi,PHX,2026-08-16,3919496,Valeriane Ayayi,2,https://www.espn.com/wnba/player/bio/_/id/3919496/valeriane-ayayi,matched,normalized_full_name_exact,
veronicaburton,1631007,Veronica Burton,GSV,2026-08-19,4398935,Veronica Burton,5,https://www.espn.com/wnba/player/bio/_/id/4398935/veronica-burton,matched,normalized_full_name_exact,
zaaygreen,1642791,Zaay Green,TOR,2026-08-19,4398766,Zaay Green,0,https://www.espn.com/wnba/player/bio/_/id/4398766/zaay-green,matched,normalized_full_name_exact,
ziacooke,1641660,Zia Cooke,SEA,2026-08-16,4432832,Zia Cooke,4,https://www.espn.com/wnba/player/bio/_/id/4432832/zia-cooke,matched,normalized_full_name_exact,
dulcyfankammendjiadeu,,,,,4594527,Dulcy Fankam Mendjiadeu,2,https://www.espn.com/wnba/player/bio/_/id/4594527/dulcy-fankam-mendjiadeu,source_only,normalized_full_name_exact,no_pbpstats_game_record
ilianarupert,espn:4790263,,GSV,,4790263,Iliana Rupert,4,https://www.espn.com/wnba/player/bio/_/id/4790263/iliana-rupert,source_only,espn_roster_identity_reviewed,no_pbpstats_game_record
janiahbarker,espn:4565501,,LVA,,4565501,Janiah Barker,0,https://www.espn.com/wnba/player/bio/_/id/4565501/janiah-barker,source_only,espn_roster_identity_reviewed,no_pbpstats_game_record
karadunn,,,,,4698730,Kara Dunn,0,https://www.espn.com/wnba/player/bio/_/id/4698730/kara-dunn,source_only,normalized_full_name_exact,no_pbpstats_game_record
sheypeddy,,,,,1107,Shey Peddy,6,https://www.espn.com/wnba/player/bio/_/id/1107/shey-peddy,source_only,normalized_full_name_exact,no_pbpstats_game_record
michelleonyiah,1642803,Michelle Onyiah,IND,2026-08-23,4433744,Ugonne Onyiah,0,https://www.wnba.com/player/1642803,matched,manual_alias_espn_to_pbpstats,
morganmaly,1642835,Morgan Maly,CHI,2026-08-23,4599199,Morgan Maly,0,https://www.wnba.com/player/1642835,matched,manual_exact_name_espn_to_pbpstats,
