game_id,date,home_team_id,home_team_abbreviation,home_points,home_possessions,away_team_id,away_team_abbreviation,away_points,away_possessions
1022600001,2026-05-08,1611661313,NYL,106,87,1611661323,CON,75,88
1022600002,2026-05-08,1611661332,TOR,65,80,1611661322,WAS,68,81
1022600003,2026-05-08,1611661328,SEA,80,74,1611661331,GSV,91,75
1022600004,2026-05-09,1611661325,IND,104,88,1611661321,DAL,107,88
1022600005,2026-05-09,1611661319,LVA,66,82,1611661317,PHX,99,82
1022600006,2026-05-09,1611661327,PDX,83,82,1611661329,CHI,98,80
1022600010,2026-05-09,1611661324,MIN,90,84,1611661330,ATL,91,86
1022600007,2026-05-10,1611661323,CON,82,85,1611661328,SEA,89,85
1022600008,2026-05-10,1611661322,WAS,93,84,1611661313,NYL,98,87
1022600009,2026-05-10,1611661320,LAS,78,83,1611661319,LVA,105,82
1022600011,2026-05-10,1611661331,GSV,95,75,1611661317,PHX,79,76
1022600012,2026-05-12,1611661321,DAL,72,76,1611661330,ATL,77,76
1022600013,2026-05-12,1611661317,PHX,84,81,1611661324,MIN,88,79
1022600014,2026-05-12,1611661327,PDX,98,79,1611661313,NYL,96,78
1022600015,2026-05-13,1611661332,TOR,86,79,1611661328,SEA,73,80
1022600016,2026-05-13,1611661323,CON,69,82,1611661319,LVA,98,83
1022600017,2026-05-13,1611661331,GSV,63,74,1611661329,CHI,69,75
1022600018,2026-05-13,1611661320,LAS,78,81,1611661325,IND,87,81
1022600019,2026-05-14,1611661321,DAL,86,77,1611661324,MIN,90,76
1022600020,2026-05-14,1611661327,PDX,82,86,1611661313,NYL,100,85
1022600021,2026-05-15,1611661323,CON,94,84,1611661319,LVA,101,84
1022600022,2026-05-15,1611661325,IND,102,92,1611661322,WAS,104,94
1022600023,2026-05-15,1611661320,LAS,99,78,1611661332,TOR,95,79
1022600024,2026-05-15,1611661317,PHX,91,82,1611661329,CHI,83,82
1022600025,2026-05-17,1611661324,MIN,79,82,1611661329,CHI,86,83
1022600026,2026-05-17,1611661330,ATL,84,84,1611661319,LVA,85,84
1022600027,2026-05-17,1611661325,IND,89,83,1611661328,SEA,78,83
1022600028,2026-05-17,1611661320,LAS,96,80,1611661332,TOR,106,78
1022600029,2026-05-18,1611661321,DAL,92,73,1611661322,WAS,69,73
1022600030,2026-05-18,1611661327,PDX,83,74,1611661323,CON,82,74
1022600031,2026-05-19,1611661317,PHX,90,81,1611661332,TOR,98,82
1022600032,2026-05-20,1611661325,IND,90,82,1611661327,PDX,73,81
1022600033,2026-05-20,1611661329,CHI,89,78,1611661321,DAL,99,79
1022600034,2026-05-20,1611661328,SEA,78,76,1611661323,CON,80,78
1022600035,2026-05-21,1611661313,NYL,70,75,1611661331,GSV,87,74
1022600036,2026-05-21,1611661324,MIN,100,77,1611661332,TOR,72,77
1022600037,2026-05-21,1611661317,PHX,88,81,1611661320,LAS,97,80
1022600038,2026-05-22,1611661330,ATL,86,77,1611661321,DAL,69,77
1022600039,2026-05-22,1611661325,IND,90,82,1611661331,GSV,82,82
1022600040,2026-05-22,1611661328,SEA,77,75,1611661323,CON,59,73
1022600041,2026-05-23,1611661329,CHI,75,86,1611661324,MIN,85,86
1022600042,2026-05-23,1611661332,TOR,80,78,1611661327,PDX,99,79
1022600043,2026-05-23,1611661319,LVA,95,84,1611661320,LAS,101,83
1022600044,2026-05-24,1611661330,ATL,82,74,1611661317,PHX,80,75
1022600045,2026-05-24,1611661313,NYL,76,76,1611661321,DAL,91,75
1022600046,2026-05-24,1611661328,SEA,97,79,1611661322,WAS,85,79
1022600047,2026-05-25,1611661313,NYL,74,77,1611661327,PDX,81,77
1022600048,2026-05-25,1611661331,GSV,97,79,1611661323,CON,70,79
1022600049,2026-05-27,1611661313,NYL,84,77,1611661317,PHX,74,76
1022600050,2026-05-27,1611661329,CHI,104,82,1611661332,TOR,111,83
1022600051,2026-05-27,1611661324,MIN,96,77,1611661330,ATL,81,76
1022600052,2026-05-27,1611661327,PDX,71,74,1611661323,CON,61,74
1022600053,2026-05-27,1611661328,SEA,64,71,1611661322,WAS,78,71
1022600054,2026-05-28,1611661321,DAL,95,77,1611661319,LVA,87,78
1022600055,2026-05-28,1611661331,GSV,90,81,1611661325,IND,88,81
1022600056,2026-05-29,1611661313,NYL,75,76,1611661317,PHX,68,75
1022600057,2026-05-29,1611661322,WAS,87,79,1611661320,LAS,92,80
1022600058,2026-05-29,1611661329,CHI,58,86,1611661324,MIN,79,85
1022600059,2026-05-29,1611661327,PDX,66,76,1611661330,ATL,86,77
1022600060,2026-05-30,1611661332,TOR,93,82,1611661328,SEA,72,80
1022600061,2026-05-30,1611661323,CON,84,82,1611661320,LAS,81,82
1022600062,2026-05-30,1611661327,PDX,100,79,1611661325,IND,84,79
1022600063,2026-05-31,1611661331,GSV,81,80,1611661319,LVA,91,79
1022600064,2026-06-01,1611661321,DAL,79,78,1611661328,SEA,56,79
1022600065,2026-06-01,1611661317,PHX,77,78,1611661324,MIN,111,78
1022600066,2026-06-02,1611661330,ATL,91,76,1611661323,CON,75,76
1022600067,2026-06-02,1611661322,WAS,90,81,1611661329,CHI,72,81
1022600068,2026-06-02,1611661331,GSV,95,72,1611661327,PDX,77,71
1022600069,2026-06-02,1611661320,LAS,69,78,1611661319,LVA,79,77
1022600070,2026-06-03,1611661313,NYL,97,78,1611661332,TOR,82,77
1022600071,2026-06-03,1611661328,SEA,68,79,1611661317,PHX,72,79
1022600072,2026-06-04,1611661325,IND,83,77,1611661330,ATL,71,77
1022600073,2026-06-04,1611661324,MIN,87,75,1611661331,GSV,84,73
1022600074,2026-06-05,1611661329,CHI,85,75,1611661323,CON,80,77
1022600075,2026-06-05,1611661320,LAS,96,83,1611661321,DAL,104,83
1022600076,2026-06-05,1611661327,PDX,72,75,1611661317,PHX,78,73
1022600077,2026-06-06,1611661324,MIN,88,79,1611661328,SEA,68,79
1022600078,2026-06-06,1611661319,LVA,84,75,1611661331,GSV,79,76
1022600079,2026-06-06,1611661330,ATL,109,77,1611661322,WAS,77,77
1022600080,2026-06-06,1611661313,NYL,83,84,1611661325,IND,75,84
1022600081,2026-06-07,1611661332,TOR,85,83,1611661329,CHI,68,84
1022600082,2026-06-07,1611661320,LAS,89,79,1611661327,PDX,72,80
1022600083,2026-06-08,1611661323,CON,80,80,1611661313,NYL,89,81
1022600084,2026-06-08,1611661322,WAS,76,79,1611661325,IND,78,80
1022600085,2026-06-08,1611661319,LVA,101,80,1611661328,SEA,91,81
1022600086,2026-06-09,1611661329,CHI,75,76,1611661330,ATL,82,76
1022600087,2026-06-09,1611661324,MIN,100,82,1611661321,DAL,76,82
1022600088,2026-06-09,1611661331,GSV,87,73,1611661317,PHX,81,73
1022600089,2026-06-10,1611661332,TOR,106,87,1611661323,CON,102,88
1022600090,2026-06-10,1611661328,SEA,83,80,1611661320,LAS,88,80
1022600091,2026-06-11,1611661325,IND,114,95,1611661329,CHI,106,95
1022600092,2026-06-11,1611661330,ATL,90,79,1611661313,NYL,104,81
1022600093,2026-06-11,1611661321,DAL,85,82,1611661317,PHX,70,80
1022600094,2026-06-11,1611661327,PDX,89,79,1611661319,LVA,105,78
1022600095,2026-06-12,1611661322,WAS,86,84,1611661332,TOR,85,84
1022600096,2026-06-12,1611661328,SEA,72,74,1611661331,GSV,76,74
1022600097,2026-06-13,1611661323,CON,75,76,1611661325,IND,85,75
1022600098,2026-06-13,1611661319,LVA,100,77,1611661324,MIN,97,76
1022600099,2026-06-13,1611661327,PDX,84,78,1611661321,DAL,83,77
1022600100,2026-06-13,1611661317,PHX,102,86,1611661320,LAS,111,88
1022600101,2026-06-14,1611661313,NYL,86,77,1611661322,WAS,64,78
1022600102,2026-06-14,1611661332,TOR,77,80,1611661330,ATL,102,80
1022600103,2026-06-15,1611661321,DAL,96,79,1611661319,LVA,66,78
1022600104,2026-06-15,1611661324,MIN,107,80,1611661327,PDX,74,80
1022600105,2026-06-15,1611661331,GSV,78,72,1611661320,LAS,58,72
1022600106,2026-06-16,1611661325,IND,113,87,1611661332,TOR,91,88
1022600107,2026-06-17,1611661323,CON,81,75,1611661322,WAS,88,75
1022600108,2026-06-17,1611661329,CHI,95,79,1611661313,NYL,96,79
1022600109,2026-06-17,1611661331,GSV,91,75,1611661321,DAL,80,77
1022600110,2026-06-17,1611661320,LAS,83,86,1611661324,MIN,99,86
1022600111,2026-06-17,1611661317,PHX,76,77,1611661319,LVA,86,76
1022600112,2026-06-17,1611661327,PDX,94,74,1611661328,SEA,89,74
1022600113,2026-06-18,1611661325,IND,101,85,1611661330,ATL,108,85
1022600114,2026-06-19,1611661323,CON,97,82,1611661332,TOR,101,83
1022600115,2026-06-19,1611661313,NYL,83,78,1611661322,WAS,86,79
1022600116,2026-06-19,1611661331,GSV,75,78,1611661324,MIN,81,77
1022600117,2026-06-20,1611661330,ATL,113,82,1611661325,IND,96,83
1022600118,2026-06-20,1611661317,PHX,93,78,1611661328,SEA,73,78
1022600119,2026-06-20,1611661321,DAL,93,83,1611661329,CHI,92,82
1022600120,2026-06-21,1611661319,LVA,92,71,1611661331,GSV,73,71
1022600121,2026-06-21,1611661324,MIN,79,80,1611661322,WAS,84,81
1022600122,2026-06-21,1611661320,LAS,98,83,1611661313,NYL,97,82
1022600123,2026-06-22,1611661323,CON,92,83,1611661329,CHI,63,84
1022600124,2026-06-22,1611661330,ATL,94,83,1611661332,TOR,87,84
1022600125,2026-06-22,1611661325,IND,86,80,1611661317,PHX,77,79
1022600126,2026-06-22,1611661328,SEA,110,91,1611661321,DAL,112,91
1022600127,2026-06-23,1611661319,LVA,76,76,1611661313,NYL,87,77
1022600128,2026-06-24,1611661325,IND,109,83,1611661317,PHX,111,83
1022600129,2026-06-24,1611661322,WAS,76,84,1611661324,MIN,78,85
1022600130,2026-06-24,1611661329,CHI,101,79,1611661327,PDX,78,78
1022600131,2026-06-24,1611661331,GSV,77,71,1611661330,ATL,66,71
1022600132,2026-06-25,1611661332,TOR,125,85,1611661320,LAS,97,85
1022600133,2026-06-25,1611661319,LVA,99,83,1611661321,DAL,84,83
1022600134,2026-06-25,1611661328,SEA,99,83,1611661313,NYL,88,82
1022600135,2026-06-26,1611661323,CON,68,76,1611661322,WAS,57,76
1022600136,2026-06-26,1611661329,CHI,124,82,1611661327,PDX,94,83
1022600137,2026-06-26,1611661331,GSV,78,79,1611661330,ATL,75,80
1022600138,2026-06-27,1611661332,TOR,80,78,1611661317,PHX,89,77
1022600139,2026-06-27,1611661325,IND,111,84,1611661320,LAS,87,85
1022600140,2026-06-27,1611661328,SEA,105,81,1611661330,ATL,90,83
1022600141,2026-06-28,1611661321,DAL,77,81,1611661324,MIN,85,80
1022600142,2026-06-28,1611661322,WAS,124,117,1611661327,PDX,123,115
1022600143,2026-06-28,1611661329,CHI,99,85,1611661319,LVA,107,85
1022600144,2026-06-28,1611661331,GSV,76,68,1611661313,NYL,67,67
1022600145,2026-07-02,1611661322,WAS,81,83,1611661330,ATL,76,81
1022600146,2026-07-02,1611661323,CON,83,78,1611661321,DAL,86,80
1022600147,2026-07-02,1611661317,PHX,90,75,1611661328,SEA,67,75
1022600148,2026-07-03,1611661313,NYL,99,77,1611661324,MIN,86,75
1022600149,2026-07-03,1611661319,LVA,98,90,1611661329,CHI,90,90
1022600150,2026-07-04,1611661330,ATL,83,78,1611661331,GSV,88,77
1022600151,2026-07-04,1611661328,SEA,72,83,1611661327,PDX,77,83
1022600152,2026-07-05,1611661332,TOR,76,76,1611661321,DAL,89,74
1022600153,2026-07-05,1611661319,LVA,68,72,1611661325,IND,84,72
1022600154,2026-07-06,1611661322,WAS,49,67,1611661331,GSV,62,67
1022600155,2026-07-06,1611661324,MIN,89,78,1611661323,CON,90,79
1022600156,2026-07-06,1611661320,LAS,64,84,1611661328,SEA,82,84
1022600157,2026-07-07,1611661313,NYL,77,79,1611661321,DAL,88,80
1022600158,2026-07-07,1611661317,PHX,66,78,1611661329,CHI,77,79
1022600159,2026-07-08,1611661332,TOR,75,75,1611661331,GSV,83,74
1022600160,2026-07-08,1611661323,CON,80,77,1611661324,MIN,86,79
1022600161,2026-07-08,1611661320,LAS,106,90,1611661325,IND,92,91
1022600162,2026-07-09,1611661330,ATL,89,88,1611661328,SEA,78,89
1022600163,2026-07-09,1611661317,PHX,89,77,1611661325,IND,92,77
1022600164,2026-07-09,1611661327,PDX,80,76,1611661319,LVA,88,76
1022600165,2026-07-10,1611661323,CON,64,72,1611661331,GSV,79,73
1022600166,2026-07-10,1611661332,TOR,95,77,1611661321,DAL,108,78
1022600167,2026-07-10,1611661320,LAS,102,86,1611661329,CHI,87,86
1022600168,2026-07-11,1611661324,MIN,90,77,1611661313,NYL,85,76
1022600169,2026-07-11,1611661319,LVA,106,80,1611661317,PHX,58,81
1022600170,2026-07-11,1611661330,ATL,92,81,1611661327,PDX,102,81
1022600171,2026-07-12,1611661332,TOR,93,88,1611661313,NYL,91,88
1022600172,2026-07-12,1611661322,WAS,84,80,1611661328,SEA,79,81
1022600173,2026-07-12,1611661321,DAL,96,77,1611661329,CHI,91,77
1022600174,2026-07-12,1611661319,LVA,75,79,1611661325,IND,109,78
1022600175,2026-07-13,1611661330,ATL,101,83,1611661320,LAS,92,83
1022600176,2026-07-13,1611661324,MIN,104,81,1611661317,PHX,100,81
1022600177,2026-07-14,1611661323,CON,90,79,1611661327,PDX,87,78
1022600178,2026-07-14,1611661332,TOR,62,70,1611661322,WAS,79,71
1022600179,2026-07-15,1611661329,CHI,95,84,1611661328,SEA,90,84
1022600180,2026-07-15,1611661324,MIN,96,82,1611661320,LAS,87,83
1022600181,2026-07-15,1611661325,IND,75,77,1611661331,GSV,88,77
1022600182,2026-07-16,1611661322,WAS,56,75,1611661327,PDX,75,73
1022600184,2026-07-17,1611661325,IND,110,85,1611661328,SEA,107,83
1022600185,2026-07-17,1611661332,TOR,92,81,1611661330,ATL,111,80
1022600186,2026-07-17,1611661329,CHI,96,84,1611661320,LAS,82,85
1022600187,2026-07-17,1611661317,PHX,83,83,1611661323,CON,96,83
1022600188,2026-07-18,1611661325,IND,108,83,1611661313,NYL,88,82
1022600189,2026-07-18,1611661324,MIN,101,81,1611661327,PDX,93,81
1022600190,2026-07-18,1611661331,GSV,74,66,1611661322,WAS,69,68
1022600191,2026-07-19,1611661321,DAL,90,79,1611661320,LAS,82,79
1022600192,2026-07-19,1611661330,ATL,93,80,1611661329,CHI,91,79
1022600193,2026-07-19,1611661317,PHX,72,76,1611661323,CON,63,78
1022600183,2026-07-20,1611661321,DAL,98,82,1611661313,NYL,99,82
1022600194,2026-07-20,1611661332,TOR,83,81,1611661319,LVA,109,79
1022600195,2026-07-20,1611661331,GSV,82,76,1611661322,WAS,90,76
1022600196,2026-07-20,1611661328,SEA,102,81,1611661324,MIN,105,81
1022600197,2026-07-22,1611661320,LAS,82,82,1611661317,PHX,86,82
1022600198,2026-07-22,1611661328,SEA,76,81,1611661324,MIN,86,81
1022600199,2026-07-22,1611661313,NYL,95,83,1611661329,CHI,94,82
1022600200,2026-07-22,1611661322,WAS,100,78,1611661319,LVA,99,78
1022600201,2026-07-22,1611661325,IND,123,86,1611661323,CON,88,85
1022600202,2026-07-22,1611661327,PDX,97,80,1611661321,DAL,101,82
1022600203,2026-07-28,1611661322,WAS,92,78,1611661323,CON,84,78
1022600204,2026-07-28,1611661324,MIN,100,83,1611661332,TOR,93,82
1022600205,2026-07-28,1611661328,SEA,95,78,1611661325,IND,105,80
1022600206,2026-07-28,1611661319,LVA,98,78,1611661327,PDX,83,79
1022600207,2026-07-28,1611661320,LAS,109,86,1611661313,NYL,113,84
1022600208,2026-07-29,1611661321,DAL,81,82,1611661330,ATL,82,82
1022600209,2026-07-29,1611661317,PHX,91,77,1611661331,GSV,89,76
1022600210,2026-07-30,1611661332,TOR,72,80,1611661324,MIN,104,81
1022600211,2026-07-30,1611661329,CHI,94,83,1611661323,CON,88,85
1022600212,2026-07-30,1611661319,LVA,104,82,1611661313,NYL,99,83
1022600213,2026-07-31,1611661330,ATL,98,87,1611661328,SEA,89,86
1022600214,2026-07-31,1611661322,WAS,81,74,1611661321,DAL,75,72
1022600215,2026-07-31,1611661327,PDX,98,86,1611661325,IND,112,86
1022600216,2026-08-01,1611661329,CHI,84,85,1611661319,LVA,83,84
1022600217,2026-08-01,1611661317,PHX,92,81,1611661313,NYL,94,81
1022600218,2026-08-02,1611661324,MIN,108,79,1611661325,IND,100,79
1022600219,2026-08-02,1611661327,PDX,101,86,1611661320,LAS,106,85
1022600220,2026-08-02,1611661321,DAL,83,77,1611661323,CON,63,79
1022600221,2026-08-02,1611661331,GSV,96,76,1611661332,TOR,79,74
1022600222,2026-08-03,1611661330,ATL,87,80,1611661319,LVA,109,80
1022600223,2026-08-03,1611661313,NYL,95,79,1611661328,SEA,83,77
1022600224,2026-08-03,1611661329,CHI,101,84,1611661317,PHX,106,84
1022600225,2026-08-04,1611661331,GSV,92,74,1611661332,TOR,81,74
1022600226,2026-08-05,1611661330,ATL,96,81,1611661317,PHX,82,82
1022600227,2026-08-05,1611661313,NYL,92,80,1611661328,SEA,86,79
1022600228,2026-08-05,1611661322,WAS,96,79,1611661321,DAL,92,78
1022600229,2026-08-05,1611661329,CHI,95,81,1611661320,LAS,88,82
1022600230,2026-08-06,1611661325,IND,84,91,1611661319,LVA,86,92
1022600231,2026-08-06,1611661324,MIN,82,77,1611661320,LAS,89,77
1022600232,2026-08-06,1611661327,PDX,97,86,1611661332,TOR,83,85
1022600233,2026-08-07,1611661323,CON,75,78,1611661317,PHX,72,77
1022600234,2026-08-07,1611661322,WAS,79,84,1611661330,ATL,74,84
1022600235,2026-08-07,1611661321,DAL,76,76,1611661331,GSV,94,75
1022600236,2026-08-08,1611661324,MIN,98,80,1611661319,LVA,87,80
1022600237,2026-08-08,1611661329,CHI,86,78,1611661325,IND,90,80
1022600238,2026-08-08,1611661327,PDX,100,81,1611661328,SEA,93,80
1022600239,2026-08-09,1611661313,NYL,111,81,1611661319,LVA,71,80
1022600240,2026-08-09,1611661322,WAS,95,79,1611661317,PHX,75,79
1022600241,2026-08-09,1611661324,MIN,103,81,1611661321,DAL,90,81
1022600242,2026-08-09,1611661320,LAS,78,71,1611661331,GSV,84,71
1022600243,2026-08-10,1611661330,ATL,107,84,1611661332,TOR,95,84
1022600244,2026-08-10,1611661328,SEA,97,85,1611661329,CHI,88,86
1022600245,2026-08-11,1611661325,IND,106,81,1611661313,NYL,92,82
1022600246,2026-08-11,1611661319,LVA,86,74,1611661322,WAS,76,75
1022600247,2026-08-11,1611661320,LAS,87,88,1611661317,PHX,94,87
1022600248,2026-08-12,1611661321,DAL,94,79,1611661332,TOR,88,79
1022600249,2026-08-12,1611661331,GSV,91,78,1611661329,CHI,71,78
1022600250,2026-08-12,1611661327,PDX,81,79,1611661324,MIN,85,80
1022600251,2026-08-13,1611661323,CON,69,75,1611661330,ATL,104,76
1022600252,2026-08-13,1611661313,NYL,85,80,1611661320,LAS,81,79
1022600253,2026-08-13,1611661319,LVA,83,78,1611661322,WAS,76,79
1022600254,2026-08-14,1611661325,IND,98,81,1611661321,DAL,87,80
1022600255,2026-08-14,1611661328,SEA,82,80,1611661327,PDX,84,80
1022600256,2026-08-15,1611661323,CON,75,76,1611661313,NYL,82,76
1022600257,2026-08-15,1611661322,WAS,80,78,1611661320,LAS,70,77
1022600258,2026-08-15,1611661319,LVA,87,77,1611661324,MIN,92,76
1022600259,2026-08-16,1611661328,SEA,80,89,1611661329,CHI,82,91
1022600260,2026-08-16,1611661317,PHX,85,79,1611661327,PDX,88,78
1022600261,2026-08-16,1611661330,ATL,91,90,1611661325,IND,95,89
1022600262,2026-08-17,1611661331,GSV,78,75,1611661321,DAL,70,77
1022600263,2026-08-18,1611661323,CON,85,80,1611661320,LAS,77,81
1022600264,2026-08-18,1611661332,TOR,95,86,1611661325,IND,101,84
1022600265,2026-08-18,1611661329,CHI,93,87,1611661313,NYL,86,88
1022600266,2026-08-18,1611661319,LVA,82,84,1611661330,ATL,97,84
1022600267,2026-08-19,1611661322,WAS,93,77,1611661332,TOR,82,77
1022600268,2026-08-19,1611661331,GSV,66,72,1611661324,MIN,77,72
1022600269,2026-08-20,1611661321,DAL,91,76,1611661325,IND,85,75
1022600270,2026-08-20,1611661319,LVA,101,82,1611661323,CON,78,82
1022600271,2026-08-20,1611661320,LAS,88,85,1611661330,ATL,124,86
1022600272,2026-08-21,1611661322,WAS,84,76,1611661324,MIN,94,75
1022600273,2026-08-21,1611661329,CHI,73,77,1611661331,GSV,70,77
1022600274,2026-08-21,1611661332,TOR,82,79,1611661327,PDX,79,79
1022600275,2026-08-22,1611661313,NYL,109,83,1611661325,IND,102,83
1022600276,2026-08-22,1611661320,LAS,77,83,1611661323,CON,68,83
1022600277,2026-08-22,1611661317,PHX,89,80,1611661330,ATL,99,80
1022600278,2026-08-23,1611661321,DAL,92,81,1611661328,SEA,70,80
1022600279,2026-08-23,1611661329,CHI,90,82,1611661325,IND,113,84
1022600280,2026-08-23,1611661327,PDX,100,84,1611661322,WAS,105,85
1022600281,2026-08-23,1611661332,TOR,78,76,1611661319,LVA,88,75
1022600282,2026-08-24,1611661324,MIN,66,72,1611661331,GSV,80,71
1022600283,2026-08-24,1611661320,LAS,71,77,1611661330,ATL,78,76
1022600284,2026-08-25,1611661323,CON,87,78,1611661329,CHI,81,79
1022600285,2026-08-25,1611661321,DAL,96,73,1611661327,PDX,78,73
1022600286,2026-08-25,1611661317,PHX,84,78,1611661322,WAS,94,76
1022600287,2026-08-26,1611661323,CON,64,75,1611661331,GSV,89,74
1022600288,2026-08-26,1611661328,SEA,90,84,1611661332,TOR,78,83
1022600289,2026-08-27,1611661313,NYL,60,70,1611661331,GSV,79,69
1022600290,2026-08-27,1611661317,PHX,73,80,1611661322,WAS,80,81
1022600291,2026-08-28,1611661330,ATL,83,78,1611661327,PDX,101,76
1022600292,2026-08-28,1611661325,IND,111,87,1611661323,CON,91,88
1022600293,2026-08-28,1611661319,LVA,93,79,1611661332,TOR,73,80
1022600294,2026-08-28,1611661320,LAS,88,78,1611661322,WAS,82,76
