game_id,game_date,team_abbreviation,opponent_team_abbreviation,home_away,team_score,bench_points,bench_points_share,bench_minutes,team_minutes,bench_minutes_share,bench_rebounds,bench_assists,bench_turnovers,bench_ts_pct,bench_efg_pct,bench_ast_to,bench_plus_minus,bench_net_rating
401856890,2026-05-08,CON,NYL,away,75,22.0,29.3,74.0,200.0,37.0,12.0,9.0,3.0,36.6,37.0,3.0,-55.0,
401856890,2026-05-08,NYL,CON,home,106,31.0,29.2,71.0,200.0,35.5,13.0,12.0,7.0,68.8,63.2,1.7,88.0,
401856891,2026-05-08,TOR,WAS,home,65,11.0,16.9,70.0,200.0,35.0,17.0,3.0,5.0,31.2,23.3,0.6,6.0,
401856891,2026-05-08,WAS,TOR,away,68,4.0,5.9,71.0,200.0,35.5,11.0,5.0,6.0,12.5,12.5,0.8,-44.0,
401856892,2026-05-08,GSV,SEA,away,91,48.0,52.7,87.0,200.0,43.5,15.0,7.0,4.0,58.0,58.1,1.8,35.0,
401856892,2026-05-08,SEA,GSV,home,80,35.0,43.8,80.0,200.0,40.0,17.0,8.0,5.0,66.3,61.4,1.6,-33.0,
401856893,2026-05-09,DAL,IND,away,107,26.0,24.3,62.0,201.0,30.8,9.0,4.0,3.0,71.4,68.8,1.3,13.0,
401856893,2026-05-09,IND,DAL,home,104,22.0,21.2,63.0,200.0,31.5,6.0,4.0,4.0,69.8,67.9,1.0,-9.0,
401856894,2026-05-09,LVA,PHX,home,66,18.0,27.3,88.0,199.0,44.2,16.0,5.0,9.0,40.9,40.9,0.6,-60.0,
401856894,2026-05-09,PHX,LVA,away,99,24.0,24.2,77.0,199.0,38.7,9.0,5.0,1.0,47.4,45.8,5.0,20.0,
401856895,2026-05-09,CHI,PDX,away,98,13.0,13.3,40.0,200.0,20.0,3.0,5.0,2.0,42.4,39.3,2.5,21.0,
401856895,2026-05-09,PDX,CHI,home,83,35.0,42.2,77.0,201.0,38.3,10.0,6.0,4.0,54.9,56.5,1.5,-61.0,
401856896,2026-05-10,CON,SEA,home,82,33.0,40.2,71.0,200.0,35.5,21.0,7.0,4.0,57.4,59.3,1.8,12.0,
401856896,2026-05-10,SEA,CON,away,89,46.0,51.7,89.0,201.0,44.3,10.0,9.0,3.0,68.2,69.6,3.0,4.0,
401856897,2026-05-10,NYL,WAS,away,98,16.0,16.3,64.0,224.0,28.6,9.0,4.0,3.0,59.5,57.7,1.3,-16.0,
401856897,2026-05-10,WAS,NYL,home,93,25.0,26.9,79.0,225.0,35.1,11.0,8.0,7.0,46.7,48.0,1.1,-1.0,
401856898,2026-05-10,LAS,LVA,home,78,7.0,9.0,46.0,201.0,22.9,6.0,2.0,6.0,21.9,21.9,0.3,-49.0,
401856898,2026-05-10,LVA,LAS,away,105,30.0,28.6,73.0,200.0,36.5,11.0,6.0,3.0,59.5,58.7,2.0,61.0,
401856899,2026-05-09,ATL,MIN,away,91,14.0,15.4,37.0,200.0,18.5,9.0,4.0,4.0,39.1,35.3,1.0,-23.0,
401856899,2026-05-09,MIN,ATL,home,90,26.0,28.9,51.0,201.0,25.4,6.0,1.0,4.0,75.6,76.7,0.2,14.0,
401856900,2026-05-10,GSV,PHX,home,95,36.0,37.9,59.0,200.0,29.5,12.0,9.0,3.0,74.8,71.4,3.0,68.0,
401856900,2026-05-10,PHX,GSV,away,79,17.0,21.5,39.0,201.0,19.4,3.0,0.0,2.0,85.0,85.0,0.0,-46.0,
401856901,2026-05-12,ATL,DAL,away,77,5.0,6.5,28.0,200.0,14.0,11.0,1.0,4.0,35.7,35.7,0.2,-4.0,
401856901,2026-05-12,DAL,ATL,home,72,16.0,22.2,52.0,201.0,25.9,13.0,1.0,0.0,38.5,34.2,,22.0,
401856902,2026-05-12,MIN,PHX,away,88,23.0,26.1,63.0,202.0,31.2,11.0,3.0,4.0,63.6,56.7,0.8,-8.0,
401856902,2026-05-12,PHX,MIN,home,84,13.0,15.5,55.0,199.0,27.6,5.0,5.0,1.0,38.8,30.0,5.0,2.0,
401856903,2026-05-12,NYL,PDX,away,96,11.0,11.5,40.0,200.0,20.0,2.0,6.0,1.0,78.6,78.6,6.0,12.0,
401856903,2026-05-12,PDX,NYL,home,98,32.0,32.7,70.0,200.0,35.0,10.0,6.0,6.0,72.1,67.5,1.0,-30.0,
401856904,2026-05-13,SEA,TOR,away,73,23.0,31.5,77.0,200.0,38.5,10.0,9.0,9.0,56.9,50.0,1.0,-24.0,
401856904,2026-05-13,TOR,SEA,home,86,30.0,34.9,76.0,201.0,37.8,12.0,3.0,2.0,59.0,58.0,1.5,12.0,
401856905,2026-05-13,CON,LVA,home,69,36.0,52.2,76.0,199.0,38.2,17.0,1.0,2.0,46.0,39.4,0.5,-49.0,
401856905,2026-05-13,LVA,CON,away,98,48.0,49.0,98.0,202.0,48.5,21.0,6.0,9.0,66.3,64.7,0.7,57.0,
401856906,2026-05-13,CHI,GSV,away,69,9.0,13.0,43.0,200.0,21.5,10.0,0.0,4.0,41.4,45.0,0.0,-5.0,
401856906,2026-05-13,GSV,CHI,home,63,13.0,20.6,46.0,201.0,22.9,8.0,1.0,3.0,36.8,30.0,0.3,-23.0,
401856907,2026-05-13,IND,LAS,away,87,15.0,17.2,65.0,200.0,32.5,7.0,9.0,3.0,54.0,53.8,3.0,-4.0,
401856907,2026-05-13,LAS,IND,home,78,15.0,19.2,58.0,201.0,28.9,7.0,5.0,4.0,47.6,42.9,1.2,6.0,
401856908,2026-05-14,DAL,MIN,home,86,29.0,33.7,56.0,200.0,28.0,8.0,1.0,4.0,62.5,57.1,0.2,12.0,
401856908,2026-05-14,MIN,DAL,away,90,4.0,4.4,40.0,202.0,19.8,3.0,5.0,2.0,22.2,22.2,2.5,-16.0,
401856909,2026-05-14,NYL,PDX,away,100,41.0,41.0,78.0,199.0,39.2,8.0,13.0,7.0,74.5,70.8,1.9,-15.0,
401856909,2026-05-14,PDX,NYL,home,82,39.0,47.6,88.0,201.0,43.8,14.0,13.0,9.0,49.9,45.3,1.4,-31.0,
401856910,2026-05-15,CON,LVA,home,94,47.0,50.0,104.0,200.0,52.0,19.0,16.0,5.0,54.3,48.7,3.2,17.0,
401856910,2026-05-15,LVA,CON,away,101,26.0,25.7,66.0,199.0,33.2,7.0,3.0,3.0,67.8,65.4,1.0,-27.0,
401856911,2026-05-15,IND,WAS,home,102,20.0,19.6,72.0,225.0,32.0,11.0,7.0,4.0,59.7,56.7,1.8,7.0,
401856911,2026-05-15,WAS,IND,away,104,10.0,9.6,63.0,225.0,28.0,11.0,1.0,6.0,39.2,31.8,0.2,-13.0,
401856912,2026-05-15,LAS,TOR,home,99,10.0,10.1,35.0,200.0,17.5,5.0,1.0,2.0,39.6,30.0,0.5,-34.0,
401856912,2026-05-15,TOR,LAS,away,95,42.0,44.2,90.0,200.0,45.0,10.0,8.0,4.0,69.8,66.7,2.0,45.0,
401856913,2026-05-15,CHI,PHX,away,83,26.0,31.3,79.0,201.0,39.3,8.0,9.0,3.0,47.2,43.8,3.0,4.0,
401856913,2026-05-15,PHX,CHI,home,91,12.0,13.2,39.0,200.0,19.5,7.0,2.0,4.0,49.2,40.0,0.5,-25.0,
401856914,2026-05-17,CHI,MIN,away,86,28.0,32.6,68.0,201.0,33.8,11.0,3.0,4.0,46.1,36.5,0.8,3.0,
401856914,2026-05-17,MIN,CHI,home,79,10.0,12.7,41.0,200.0,20.5,5.0,5.0,2.0,56.3,56.2,2.5,-21.0,
401856915,2026-05-17,ATL,LVA,home,84,14.0,16.7,34.0,199.0,17.1,18.0,4.0,1.0,38.5,43.8,4.0,16.0,
401856915,2026-05-17,LVA,ATL,away,85,31.0,36.5,65.0,199.0,32.7,9.0,4.0,2.0,49.9,44.6,2.0,-10.0,
401856916,2026-05-17,IND,SEA,home,89,30.0,33.7,82.0,200.0,41.0,16.0,3.0,9.0,56.6,47.8,0.3,4.0,
401856916,2026-05-17,SEA,IND,away,78,25.0,32.1,67.0,200.0,33.5,8.0,7.0,2.0,49.2,45.2,3.5,-29.0,
401856917,2026-05-17,LAS,TOR,home,96,24.0,25.0,54.0,200.0,27.0,4.0,4.0,3.0,63.6,63.9,1.3,-27.0,
401856917,2026-05-17,TOR,LAS,away,106,21.0,19.8,60.0,200.0,30.0,7.0,3.0,2.0,56.3,46.9,1.5,25.0,
401856918,2026-05-18,DAL,WAS,home,92,43.0,46.7,83.0,199.0,41.7,11.0,9.0,1.0,57.1,54.3,9.0,51.0,
401856918,2026-05-18,WAS,DAL,away,69,31.0,44.9,76.0,199.0,38.2,7.0,8.0,1.0,69.2,63.9,8.0,-43.0,
401856919,2026-05-18,CON,PDX,away,82,39.0,47.6,97.0,200.0,48.5,18.0,12.0,10.0,60.0,60.3,1.2,-13.0,
401856919,2026-05-18,PDX,CON,home,83,26.0,31.3,68.0,200.0,34.0,12.0,9.0,6.0,54.3,55.0,1.5,-32.0,
401856920,2026-05-19,PHX,TOR,home,90,17.0,18.9,52.0,199.0,26.1,9.0,1.0,0.0,54.8,50.0,,0.0,
401856920,2026-05-19,TOR,PHX,away,98,10.0,10.2,43.0,200.0,21.5,7.0,1.0,4.0,43.7,40.9,0.2,8.0,
401856921,2026-05-20,IND,PDX,home,90,20.0,22.2,78.0,199.0,39.2,13.0,5.0,5.0,39.7,37.0,1.0,-5.0,
401856921,2026-05-20,PDX,IND,away,73,34.0,46.6,89.0,201.0,44.3,20.0,4.0,5.0,53.4,44.4,0.8,9.0,
401856922,2026-05-20,CHI,DAL,home,89,15.0,16.9,49.0,200.0,24.5,5.0,3.0,2.0,54.5,50.0,1.5,-14.0,
401856922,2026-05-20,DAL,CHI,away,99,23.0,23.2,68.0,199.0,34.2,15.0,4.0,3.0,53.4,47.2,1.3,16.0,
401856923,2026-05-20,CON,SEA,away,80,62.0,77.5,135.0,200.0,67.5,28.0,10.0,5.0,58.8,58.5,2.0,33.0,
401856923,2026-05-20,SEA,CON,home,78,39.0,50.0,79.0,200.0,39.5,14.0,5.0,5.0,60.0,53.4,1.0,-15.0,
401856924,2026-05-21,GSV,NYL,away,87,28.0,32.2,72.0,198.0,36.4,15.0,4.0,3.0,47.1,35.4,1.3,1.0,
401856924,2026-05-21,NYL,GSV,home,70,24.0,34.3,74.0,199.0,37.2,8.0,10.0,7.0,55.5,50.0,1.4,-34.0,
401856925,2026-05-21,MIN,TOR,home,100,37.0,37.0,78.0,200.0,39.0,21.0,9.0,6.0,61.1,60.0,1.5,50.0,
401856925,2026-05-21,TOR,MIN,away,72,42.0,58.3,91.0,199.0,45.7,10.0,7.0,4.0,55.8,52.9,1.8,-51.0,
401856926,2026-05-21,LAS,PHX,away,97,26.0,26.8,55.0,200.0,27.5,7.0,5.0,8.0,63.7,53.1,0.6,13.0,
401856926,2026-05-21,PHX,LAS,home,88,9.0,10.2,41.0,200.0,20.5,6.0,2.0,3.0,37.5,37.5,0.7,-23.0,
401856927,2026-05-22,ATL,DAL,home,86,15.0,17.4,33.0,200.0,16.5,10.0,3.0,4.0,75.0,75.0,0.8,17.0,
401856927,2026-05-22,DAL,ATL,away,69,34.0,49.3,82.0,200.0,41.0,11.0,6.0,5.0,51.4,51.7,1.2,2.0,
401856928,2026-05-22,GSV,IND,away,82,43.0,52.4,77.0,201.0,38.3,9.0,3.0,4.0,54.6,51.4,0.8,-9.0,
401856928,2026-05-22,IND,GSV,home,90,20.0,22.2,72.0,199.0,36.2,9.0,5.0,7.0,54.9,53.1,0.7,-1.0,
401856929,2026-05-22,CON,SEA,away,59,20.0,33.9,86.0,199.0,43.2,16.0,5.0,6.0,41.3,40.9,0.8,-77.0,
401856929,2026-05-22,SEA,CON,home,77,32.0,41.6,74.0,199.0,37.2,18.0,3.0,6.0,58.9,50.0,0.5,14.0,
401856930,2026-05-23,CHI,MIN,home,75,27.0,36.0,71.0,200.0,35.5,8.0,6.0,3.0,35.5,34.3,2.0,-6.0,
401856930,2026-05-23,MIN,CHI,away,85,7.0,8.2,40.0,199.0,20.1,10.0,2.0,5.0,40.0,35.7,0.4,-4.0,
401856931,2026-05-23,PDX,TOR,away,99,42.0,42.4,84.0,200.0,42.0,13.0,11.0,2.0,72.2,71.2,5.5,11.0,
401856931,2026-05-23,TOR,PDX,home,80,20.0,25.0,65.0,200.0,32.5,14.0,2.0,4.0,40.6,36.4,0.5,-21.0,
401856932,2026-05-23,LAS,LVA,away,101,10.0,9.9,39.0,200.0,19.5,3.0,4.0,1.0,56.3,50.0,4.0,1.0,
401856932,2026-05-23,LVA,LAS,home,95,35.0,36.8,63.0,198.0,31.8,4.0,6.0,4.0,59.3,55.8,1.5,13.0,
401856933,2026-05-24,ATL,PHX,home,82,11.0,13.4,45.0,201.0,22.4,8.0,4.0,4.0,45.8,45.8,1.0,-14.0,
401856933,2026-05-24,PHX,ATL,away,80,17.0,21.2,66.0,200.0,33.0,9.0,2.0,2.0,45.6,34.4,1.0,-3.0,
401856934,2026-05-24,DAL,NYL,away,91,38.0,41.8,69.0,199.0,34.7,11.0,4.0,3.0,80.0,77.3,1.3,34.0,
401856934,2026-05-24,NYL,DAL,home,76,17.0,22.4,58.0,199.0,29.1,6.0,2.0,3.0,71.5,68.2,0.7,-20.0,
401856935,2026-05-24,SEA,WAS,home,97,32.0,33.0,77.0,201.0,38.3,9.0,5.0,6.0,66.8,60.0,0.8,24.0,
401856935,2026-05-24,WAS,SEA,away,85,25.0,29.4,70.0,200.0,35.0,11.0,6.0,4.0,44.7,39.6,1.5,-25.0,
401856936,2026-05-25,NYL,PDX,home,74,14.0,18.9,68.0,201.0,33.8,4.0,4.0,3.0,50.4,46.2,1.3,1.0,
401856936,2026-05-25,PDX,NYL,away,81,34.0,42.0,78.0,200.0,39.0,13.0,8.0,6.0,53.5,53.3,1.3,-8.0,
401856937,2026-05-25,CON,GSV,away,70,40.0,57.1,112.0,201.0,55.7,21.0,10.0,8.0,46.5,41.7,1.2,-61.0,
401856937,2026-05-25,GSV,CON,home,97,53.0,54.6,115.0,200.0,57.5,15.0,14.0,8.0,54.7,50.0,1.8,28.0,
401856938,2026-05-27,NYL,PHX,home,84,19.0,22.6,56.0,201.0,27.9,7.0,3.0,1.0,44.8,36.8,3.0,19.0,
401856938,2026-05-27,PHX,NYL,away,74,20.0,27.0,66.0,200.0,33.0,13.0,2.0,6.0,52.4,53.1,0.3,-27.0,
401856939,2026-05-27,CHI,TOR,home,104,47.0,45.2,77.0,200.0,38.5,15.0,7.0,5.0,58.1,50.0,1.4,-23.0,
401856939,2026-05-27,TOR,CHI,away,111,17.0,15.3,53.0,200.0,26.5,11.0,2.0,5.0,55.5,50.0,0.4,2.0,
401856940,2026-05-27,ATL,MIN,away,81,16.0,19.8,45.0,200.0,22.5,8.0,5.0,2.0,54.6,58.3,2.5,4.0,
401856940,2026-05-27,MIN,ATL,home,96,7.0,7.3,36.0,201.0,17.9,1.0,2.0,2.0,58.3,58.3,1.0,-10.0,
401856941,2026-05-27,CON,PDX,away,61,25.0,41.0,96.0,200.0,48.0,15.0,10.0,9.0,56.6,52.6,1.1,-4.0,
401856941,2026-05-27,PDX,CON,home,71,29.0,40.8,93.0,201.0,46.3,17.0,6.0,8.0,60.5,60.0,0.8,67.0,
401856942,2026-05-27,SEA,WAS,home,64,29.0,45.3,81.0,200.0,40.5,16.0,4.0,6.0,50.8,48.0,0.7,-22.0,
401856942,2026-05-27,WAS,SEA,away,78,19.0,24.4,68.0,200.0,34.0,12.0,7.0,4.0,41.7,35.7,1.8,22.0,
401856943,2026-05-28,DAL,LVA,home,95,22.0,23.2,51.0,200.0,25.5,6.0,2.0,4.0,76.4,65.0,0.5,3.0,
401856943,2026-05-28,LVA,DAL,away,87,32.0,36.8,64.0,200.0,32.0,5.0,2.0,0.0,67.3,65.9,,3.0,
401856944,2026-05-28,GSV,IND,home,90,35.0,38.9,84.0,200.0,42.0,14.0,12.0,5.0,53.6,53.3,2.4,24.0,
401856944,2026-05-28,IND,GSV,away,88,36.0,40.9,77.0,200.0,38.5,12.0,7.0,2.0,60.5,58.9,3.5,5.0,
401856945,2026-05-29,NYL,PHX,home,75,32.0,42.7,60.0,200.0,30.0,13.0,4.0,4.0,65.3,59.5,1.0,17.0,
401856945,2026-05-29,PHX,NYL,away,68,16.0,23.5,49.0,200.0,24.5,4.0,2.0,2.0,45.4,33.3,1.0,2.0,
401856946,2026-05-29,LAS,WAS,away,92,25.0,27.2,41.0,200.0,20.5,5.0,1.0,5.0,81.2,81.8,0.2,20.0,
401856946,2026-05-29,WAS,LAS,home,87,23.0,26.4,63.0,199.0,31.7,7.0,8.0,2.0,53.1,52.6,4.0,-18.0,
401856947,2026-05-29,CHI,MIN,home,58,19.0,32.8,74.0,200.0,37.0,17.0,5.0,6.0,30.0,29.3,0.8,-15.0,
401856947,2026-05-29,MIN,CHI,away,79,9.0,11.4,53.0,200.0,26.5,13.0,2.0,3.0,28.3,23.3,0.7,30.0,
401856948,2026-05-29,ATL,PDX,away,86,18.0,20.9,41.0,200.0,20.5,1.0,4.0,5.0,67.0,65.4,0.8,-7.0,
401856948,2026-05-29,PDX,ATL,home,66,31.0,47.0,92.0,201.0,45.8,16.0,4.0,10.0,59.9,58.0,0.4,-18.0,
401856949,2026-05-30,SEA,TOR,away,72,17.0,23.6,81.0,200.0,40.5,16.0,4.0,7.0,30.6,26.9,0.6,-50.0,
401856949,2026-05-30,TOR,SEA,home,93,21.0,22.6,63.0,200.0,31.5,13.0,6.0,3.0,60.3,50.0,2.0,27.0,
401856950,2026-05-30,CON,LAS,home,84,25.0,29.8,82.0,199.0,41.2,18.0,6.0,6.0,59.4,46.4,1.0,4.0,
401856950,2026-05-30,LAS,CON,away,81,13.0,16.0,49.0,201.0,24.4,7.0,4.0,5.0,59.1,59.1,0.8,6.0,
401856951,2026-05-30,IND,PDX,away,84,43.0,51.2,97.0,202.0,48.0,14.0,8.0,10.0,66.2,56.0,0.8,-29.0,
401856951,2026-05-30,PDX,IND,home,100,28.0,28.0,67.0,199.0,33.7,9.0,6.0,6.0,54.9,45.5,1.0,17.0,
401856952,2026-05-31,GSV,LVA,home,81,33.0,40.7,74.0,200.0,37.0,11.0,9.0,4.0,44.8,35.9,2.2,-11.0,
401856952,2026-05-31,LVA,GSV,away,91,10.0,11.0,33.0,199.0,16.6,5.0,2.0,1.0,57.1,50.0,2.0,14.0,
401856953,2026-06-01,DAL,SEA,home,79,33.0,41.8,88.0,199.0,44.2,16.0,9.0,5.0,46.8,43.3,1.8,36.0,
401856953,2026-06-01,SEA,DAL,away,56,20.0,35.7,78.0,201.0,38.8,13.0,6.0,5.0,45.7,47.6,1.2,-17.0,
401856954,2026-06-01,MIN,PHX,away,111,36.0,32.4,76.0,200.0,38.0,16.0,6.0,3.0,76.1,71.4,2.0,71.0,
401856954,2026-06-01,PHX,MIN,home,77,28.0,36.4,79.0,199.0,39.7,6.0,6.0,4.0,46.5,40.7,1.5,-50.0,
401856955,2026-06-02,ATL,CON,home,91,0.0,0.0,27.0,200.0,13.5,3.0,0.0,2.0,0.0,0.0,0.0,-6.0,
401856955,2026-06-02,CON,ATL,away,75,18.0,24.0,60.0,202.0,29.7,5.0,4.0,7.0,62.5,60.0,0.6,-25.0,
401856956,2026-06-02,CHI,WAS,away,72,30.0,41.7,67.0,201.0,33.3,10.0,6.0,6.0,48.4,48.1,1.0,-27.0,
401856956,2026-06-02,WAS,CHI,home,90,34.0,37.8,79.0,199.0,39.7,17.0,7.0,4.0,47.1,45.5,1.8,7.0,
401856957,2026-06-02,GSV,PDX,home,95,43.0,45.3,81.0,200.0,40.5,9.0,10.0,3.0,69.2,67.9,3.3,-3.0,
401856957,2026-06-02,PDX,GSV,away,77,31.0,40.3,81.0,201.0,40.3,6.0,8.0,8.0,62.6,63.0,1.0,-50.0,
401856958,2026-06-02,LAS,LVA,home,69,14.0,20.3,56.0,199.0,28.1,12.0,5.0,2.0,40.7,30.0,2.5,-14.0,
401856958,2026-06-02,LVA,LAS,away,79,11.0,13.9,51.0,201.0,25.4,11.0,3.0,2.0,50.6,50.0,1.5,26.0,
401856959,2026-06-03,NYL,TOR,home,97,17.0,17.5,56.0,201.0,27.9,10.0,7.0,4.0,44.5,37.5,1.8,7.0,
401856959,2026-06-03,TOR,NYL,away,82,20.0,24.4,68.0,200.0,34.0,8.0,5.0,0.0,55.9,52.9,,2.0,
401856960,2026-06-03,PHX,SEA,away,72,15.0,20.8,54.0,201.0,26.9,9.0,6.0,2.0,32.7,21.1,3.0,5.0,
401856960,2026-06-03,SEA,PHX,home,68,21.0,30.9,63.0,201.0,31.3,13.0,4.0,4.0,45.9,43.2,1.0,-23.0,
401856961,2026-06-04,ATL,IND,away,71,14.0,19.7,35.0,199.0,17.6,7.0,1.0,1.0,51.3,45.5,1.0,-7.0,
401856961,2026-06-04,IND,ATL,home,83,18.0,21.7,72.0,200.0,36.0,14.0,4.0,5.0,53.7,50.0,0.8,48.0,
401856962,2026-06-04,GSV,MIN,away,84,37.0,44.0,80.0,200.0,40.0,13.0,11.0,3.0,59.9,58.3,3.7,17.0,
401856962,2026-06-04,MIN,GSV,home,87,13.0,14.9,40.0,199.0,20.1,8.0,1.0,2.0,61.1,43.8,0.5,-9.0,
401856963,2026-06-05,CHI,CON,home,85,27.0,31.8,66.0,200.0,33.0,4.0,8.0,7.0,63.7,63.2,1.1,-16.0,
401856963,2026-06-05,CON,CHI,away,80,23.0,28.7,56.0,202.0,27.7,10.0,3.0,4.0,56.0,47.1,0.8,3.0,
401856964,2026-06-05,DAL,LAS,away,104,7.0,6.7,33.0,200.0,16.5,4.0,3.0,3.0,33.9,33.3,1.0,4.0,
401856964,2026-06-05,LAS,DAL,home,96,18.0,18.8,41.0,200.0,20.5,7.0,4.0,6.0,49.8,46.7,0.7,-12.0,
401856965,2026-06-05,PDX,PHX,home,72,34.0,47.2,81.0,200.0,40.5,12.0,8.0,9.0,66.6,59.1,0.9,47.0,
401856965,2026-06-05,PHX,PDX,away,78,12.0,15.4,50.0,202.0,24.8,7.0,4.0,7.0,41.3,22.7,0.6,-24.0,
401856966,2026-06-06,MIN,SEA,home,88,14.0,15.9,60.0,200.0,30.0,10.0,5.0,5.0,43.8,43.8,1.0,15.0,
401856966,2026-06-06,SEA,MIN,away,68,26.0,38.2,79.0,199.0,39.7,14.0,2.0,6.0,42.2,34.6,0.3,-44.0,
401856967,2026-06-06,GSV,LVA,away,79,21.0,26.6,70.0,200.0,35.0,13.0,8.0,4.0,40.6,42.0,2.0,2.0,
401856967,2026-06-06,LVA,GSV,home,84,5.0,6.0,44.0,199.0,22.1,5.0,3.0,2.0,31.2,31.2,1.5,-9.0,
401856968,2026-06-06,ATL,WAS,home,109,40.0,36.7,80.0,201.0,39.8,16.0,7.0,5.0,58.1,58.3,1.4,60.0,
401856968,2026-06-06,WAS,ATL,away,77,24.0,31.2,78.0,200.0,39.0,14.0,3.0,8.0,51.0,47.5,0.4,-61.0,
401856969,2026-06-06,IND,NYL,away,75,11.0,14.7,50.0,199.0,25.1,4.0,6.0,2.0,39.6,34.6,3.0,-26.0,
401856969,2026-06-06,NYL,IND,home,83,21.0,25.3,60.0,200.0,30.0,16.0,3.0,4.0,38.0,32.0,0.8,-9.0,
401856970,2026-06-07,CHI,TOR,away,68,21.0,30.9,84.0,201.0,41.8,13.0,7.0,6.0,35.9,31.2,1.2,-27.0,
401856970,2026-06-07,TOR,CHI,home,85,22.0,25.9,65.0,198.0,32.8,17.0,5.0,4.0,51.9,50.0,1.2,14.0,
401856971,2026-06-07,LAS,PDX,home,89,19.0,21.3,59.0,201.0,29.4,4.0,2.0,6.0,40.9,35.7,0.3,-7.0,
401856971,2026-06-07,PDX,LAS,away,72,23.0,31.9,72.0,201.0,35.8,10.0,6.0,3.0,40.0,35.2,2.0,-13.0,
401856972,2026-06-08,CON,NYL,home,80,21.0,26.2,68.0,200.0,34.0,8.0,8.0,6.0,48.1,41.2,1.3,12.0,
401856972,2026-06-08,NYL,CON,away,89,29.0,32.6,64.0,198.0,32.3,13.0,4.0,9.0,71.1,68.8,0.4,-6.0,
401856973,2026-06-08,IND,WAS,away,78,18.0,23.1,73.0,200.0,36.5,8.0,8.0,5.0,50.3,50.0,1.6,-10.0,
401856973,2026-06-08,WAS,IND,home,76,23.0,30.3,67.0,200.0,33.5,17.0,6.0,4.0,42.0,39.1,1.5,-2.0,
401856974,2026-06-08,LVA,SEA,home,101,7.0,6.9,52.0,200.0,26.0,7.0,1.0,2.0,29.2,29.2,0.5,-18.0,
401856974,2026-06-08,SEA,LVA,away,91,26.0,28.6,84.0,200.0,42.0,5.0,8.0,2.0,50.7,45.7,4.0,-43.0,
401856975,2026-06-09,ATL,CHI,away,82,4.0,4.9,24.0,201.0,11.9,5.0,1.0,4.0,29.1,16.7,0.2,-16.0,
401856975,2026-06-09,CHI,ATL,home,75,28.0,37.3,67.0,201.0,33.3,9.0,6.0,4.0,62.8,52.9,1.5,5.0,
401856976,2026-06-09,DAL,MIN,away,76,15.0,19.7,61.0,200.0,30.5,11.0,5.0,3.0,29.0,26.0,1.7,-29.0,
401856976,2026-06-09,MIN,DAL,home,100,11.0,11.0,55.0,201.0,27.4,9.0,4.0,2.0,30.8,29.4,2.0,37.0,
401856977,2026-06-09,GSV,PHX,home,87,22.0,25.3,61.0,200.0,30.5,12.0,3.0,3.0,59.0,50.0,1.0,18.0,
401856977,2026-06-09,PHX,GSV,away,81,12.0,14.8,55.0,199.0,27.6,6.0,3.0,3.0,31.8,27.8,1.0,-9.0,
401856978,2026-06-10,CON,TOR,away,102,22.0,21.6,67.0,223.0,30.0,13.0,5.0,5.0,40.6,35.4,1.0,-13.0,
401856978,2026-06-10,TOR,CON,home,106,7.0,6.6,48.0,226.0,21.2,10.0,7.0,2.0,21.3,8.3,3.5,-24.0,
401856979,2026-06-10,LAS,SEA,away,88,22.0,25.0,54.0,199.0,27.1,11.0,4.0,4.0,59.4,50.0,1.0,22.0,
401856979,2026-06-10,SEA,LAS,home,83,15.0,18.1,61.0,200.0,30.5,5.0,5.0,5.0,47.6,42.9,1.0,-42.0,
401856980,2026-06-11,CHI,IND,away,106,49.0,46.2,99.0,226.0,43.8,15.0,9.0,9.0,58.6,51.5,1.0,1.0,
401856980,2026-06-11,IND,CHI,home,114,18.0,15.8,72.0,225.0,32.0,16.0,4.0,4.0,64.8,65.4,1.0,13.0,
401856981,2026-06-11,ATL,NYL,home,90,13.0,14.4,42.0,201.0,20.9,4.0,4.0,0.0,54.7,54.5,,-33.0,
401856981,2026-06-11,NYL,ATL,away,104,30.0,28.8,64.0,200.0,32.0,7.0,8.0,4.0,70.8,65.8,2.0,27.0,
401856982,2026-06-11,DAL,PHX,home,85,18.0,21.2,58.0,199.0,29.1,10.0,7.0,6.0,47.7,44.4,1.2,-5.0,
401856982,2026-06-11,PHX,DAL,away,70,33.0,47.1,71.0,200.0,35.5,14.0,4.0,3.0,57.4,55.6,1.3,-4.0,
401856983,2026-06-11,LVA,PDX,away,105,6.0,5.7,43.0,200.0,21.5,4.0,2.0,1.0,29.4,25.0,2.0,-13.0,
401856983,2026-06-11,PDX,LVA,home,89,20.0,22.5,58.0,201.0,28.9,6.0,10.0,3.0,65.8,61.5,3.3,15.0,
401856984,2026-06-12,TOR,WAS,away,85,13.0,15.3,65.0,201.0,32.3,10.0,11.0,5.0,34.6,29.4,2.2,-11.0,
401856984,2026-06-12,WAS,TOR,home,86,29.0,33.7,61.0,200.0,30.5,9.0,8.0,8.0,70.3,66.7,1.0,21.0,
401856985,2026-06-12,GSV,SEA,away,76,40.0,52.6,78.0,200.0,39.0,16.0,4.0,6.0,62.0,53.7,0.7,26.0,
401856985,2026-06-12,SEA,GSV,home,72,16.0,22.2,55.0,203.0,27.1,3.0,3.0,1.0,50.8,46.4,3.0,-23.0,
401856986,2026-06-13,CON,IND,home,75,34.0,45.3,91.0,201.0,45.3,16.0,7.0,5.0,45.3,42.6,1.4,-2.0,
401856986,2026-06-13,IND,CON,away,85,16.0,18.8,46.0,200.0,23.0,8.0,0.0,3.0,94.8,100.0,0.0,-22.0,
401856987,2026-06-13,LVA,MIN,home,100,22.0,22.0,50.0,200.0,25.0,5.0,5.0,1.0,60.0,55.9,5.0,-3.0,
401856987,2026-06-13,MIN,LVA,away,97,7.0,7.2,40.0,199.0,20.1,8.0,2.0,1.0,40.0,35.7,2.0,-6.0,
401856988,2026-06-13,DAL,PDX,away,83,8.0,9.6,51.0,201.0,25.4,9.0,5.0,3.0,34.4,22.2,1.7,-24.0,
401856988,2026-06-13,PDX,DAL,home,84,17.0,20.2,60.0,200.0,30.0,6.0,8.0,3.0,53.9,50.0,2.7,-15.0,
401856989,2026-06-13,LAS,PHX,away,111,33.0,29.7,65.0,226.0,28.8,13.0,3.0,0.0,71.5,65.0,,18.0,
401856989,2026-06-13,PHX,LAS,home,102,23.0,22.5,66.0,227.0,29.1,4.0,3.0,4.0,53.6,52.4,0.8,-39.0,
401856990,2026-06-14,NYL,WAS,home,86,30.0,34.9,82.0,200.0,41.0,7.0,10.0,11.0,63.2,52.8,0.9,73.0,
401856990,2026-06-14,WAS,NYL,away,64,23.0,35.9,77.0,201.0,38.3,11.0,8.0,5.0,43.9,45.8,1.6,-65.0,
401856991,2026-06-14,ATL,TOR,away,102,23.0,22.5,40.0,200.0,20.0,7.0,2.0,3.0,66.9,60.0,0.7,14.0,
401856991,2026-06-14,TOR,ATL,home,77,22.0,28.6,60.0,201.0,29.9,10.0,8.0,4.0,57.7,56.2,2.0,-44.0,
401856992,2026-06-15,DAL,LVA,home,96,23.0,24.0,60.0,200.0,30.0,13.0,6.0,0.0,53.9,52.5,,32.0,
401856992,2026-06-15,LVA,DAL,away,66,29.0,43.9,78.0,200.0,39.0,8.0,5.0,4.0,53.9,51.9,1.2,-44.0,
401856993,2026-06-15,MIN,PDX,home,107,32.0,29.9,81.0,200.0,40.5,14.0,13.0,2.0,57.9,56.0,6.5,57.0,
401856993,2026-06-15,PDX,MIN,away,74,35.0,47.3,94.0,201.0,46.8,17.0,11.0,6.0,54.3,51.7,1.8,-65.0,
401856994,2026-06-15,GSV,LAS,home,78,30.0,38.5,71.0,200.0,35.5,15.0,10.0,3.0,56.6,50.0,3.3,43.0,
401856994,2026-06-15,LAS,GSV,away,58,28.0,48.3,65.0,199.0,32.7,11.0,3.0,6.0,56.9,47.2,0.5,-28.0,
401856995,2026-06-16,IND,TOR,home,113,36.0,31.9,71.0,201.0,35.3,15.0,5.0,3.0,76.1,71.4,1.7,61.0,
401856995,2026-06-16,TOR,IND,away,91,32.0,35.2,88.0,200.0,44.0,14.0,8.0,5.0,51.9,46.2,1.6,-82.0,
401856996,2026-06-17,CON,WAS,home,81,42.0,51.9,98.0,200.0,49.0,16.0,9.0,3.0,57.4,55.0,3.0,-12.0,
401856996,2026-06-17,WAS,CON,away,88,11.0,12.5,51.0,199.0,25.6,10.0,6.0,4.0,43.1,31.8,1.5,1.0,
401856997,2026-06-17,CHI,NYL,home,95,14.0,14.7,69.0,201.0,34.3,12.0,6.0,0.0,39.7,30.0,,-33.0,
401856997,2026-06-17,NYL,CHI,away,96,38.0,39.6,68.0,200.0,34.0,10.0,9.0,2.0,70.8,61.4,4.5,14.0,
401856998,2026-06-17,DAL,GSV,away,80,17.0,21.2,42.0,200.0,21.0,7.0,2.0,2.0,66.6,68.2,1.0,5.0,
401856998,2026-06-17,GSV,DAL,home,91,43.0,47.3,80.0,201.0,39.8,11.0,7.0,5.0,68.5,66.7,1.4,19.0,
401856999,2026-06-17,LAS,MIN,home,83,32.0,38.6,64.0,200.0,32.0,7.0,7.0,6.0,65.0,55.6,1.2,-30.0,
401856999,2026-06-17,MIN,LAS,away,99,19.0,19.2,66.0,201.0,32.8,10.0,8.0,8.0,58.2,56.7,1.0,19.0,
401857000,2026-06-17,LVA,PHX,away,86,4.0,4.7,41.0,202.0,20.3,7.0,1.0,1.0,18.2,18.2,1.0,-4.0,
401857000,2026-06-17,PHX,LVA,home,76,32.0,42.1,72.0,199.0,36.2,7.0,2.0,6.0,68.6,68.2,0.3,-11.0,
401857001,2026-06-17,PDX,SEA,home,94,21.0,22.3,64.0,201.0,31.8,8.0,4.0,4.0,52.3,44.1,1.0,-27.0,
401857001,2026-06-17,SEA,PDX,away,89,10.0,11.2,50.0,199.0,25.1,7.0,3.0,1.0,39.2,31.8,3.0,-8.0,
401857002,2026-06-18,ATL,IND,away,108,19.0,17.6,37.0,199.0,18.6,8.0,4.0,2.0,58.6,60.7,2.0,-6.0,
401857002,2026-06-18,IND,ATL,home,101,18.0,17.8,77.0,200.0,38.5,9.0,4.0,5.0,70.5,63.6,0.8,-4.0,
401857003,2026-06-19,CON,TOR,home,97,46.0,47.4,84.0,201.0,41.8,18.0,8.0,3.0,63.6,56.7,2.7,31.0,
401857003,2026-06-19,TOR,CON,away,101,22.0,21.8,42.0,200.0,21.0,7.0,3.0,0.0,58.6,52.9,,-30.0,
401857004,2026-06-19,NYL,WAS,home,83,25.0,30.1,48.0,201.0,23.9,4.0,3.0,5.0,69.9,67.6,0.6,5.0,
401857004,2026-06-19,WAS,NYL,away,86,15.0,17.4,53.0,200.0,26.5,10.0,3.0,2.0,44.7,50.0,1.5,-3.0,
401857005,2026-06-19,GSV,MIN,home,75,27.0,36.0,78.0,199.0,39.2,12.0,7.0,6.0,42.8,42.9,1.2,-13.0,
401857005,2026-06-19,MIN,GSV,away,81,4.0,4.9,37.0,200.0,18.5,8.0,0.0,3.0,20.2,11.1,0.0,10.0,
401857006,2026-06-20,ATL,IND,home,113,18.0,15.9,41.0,201.0,20.4,5.0,5.0,2.0,68.2,63.6,2.5,-14.0,
401857006,2026-06-20,IND,ATL,away,96,34.0,35.4,82.0,199.0,41.2,14.0,3.0,6.0,62.0,58.7,0.5,-32.0,
401857007,2026-06-20,PHX,SEA,home,93,31.0,33.3,62.0,202.0,30.7,17.0,1.0,3.0,65.3,52.8,0.3,27.0,
401857007,2026-06-20,SEA,PHX,away,73,23.0,31.5,75.0,201.0,37.3,13.0,7.0,2.0,51.1,42.1,3.5,-10.0,
401857008,2026-06-20,CHI,DAL,away,92,20.0,21.7,61.0,200.0,30.5,13.0,8.0,3.0,53.6,53.1,2.7,-6.0,
401857008,2026-06-20,DAL,CHI,home,93,25.0,26.9,51.0,201.0,25.4,12.0,3.0,3.0,70.9,70.0,1.0,7.0,
401857009,2026-06-21,GSV,LVA,away,73,45.0,61.6,102.0,200.0,51.0,16.0,6.0,7.0,56.6,51.5,0.9,-22.0,
401857009,2026-06-21,LVA,GSV,home,92,19.0,20.7,58.0,201.0,28.9,8.0,3.0,2.0,67.9,67.9,1.5,40.0,
401857010,2026-06-21,MIN,WAS,home,79,7.0,8.9,34.0,201.0,16.9,2.0,1.0,0.0,50.9,50.0,,2.0,
401857010,2026-06-21,WAS,MIN,away,84,26.0,31.0,65.0,200.0,32.5,10.0,8.0,6.0,72.7,73.5,1.3,23.0,
401857011,2026-06-21,LAS,NYL,home,98,25.0,25.5,46.0,200.0,23.0,5.0,6.0,3.0,71.3,64.3,2.0,-6.0,
401857011,2026-06-21,NYL,LAS,away,97,32.0,33.0,58.0,200.0,29.0,10.0,6.0,5.0,66.8,57.5,1.2,-6.0,
401857012,2026-06-22,CHI,CON,away,63,18.0,28.6,88.0,200.0,44.0,5.0,3.0,5.0,33.0,22.7,0.6,-72.0,
401857012,2026-06-22,CON,CHI,home,92,33.0,35.9,78.0,200.0,39.0,17.0,4.0,6.0,55.3,48.0,0.7,55.0,
401857013,2026-06-22,ATL,TOR,home,94,28.0,29.8,54.0,200.0,27.0,10.0,3.0,1.0,60.3,57.1,3.0,-42.0,
401857013,2026-06-22,TOR,ATL,away,87,22.0,25.3,61.0,199.0,30.7,7.0,9.0,7.0,61.7,53.8,1.3,37.0,
401857014,2026-06-22,IND,PHX,home,86,10.0,11.6,64.0,199.0,32.2,14.0,4.0,3.0,36.3,29.2,1.3,-3.0,
401857014,2026-06-22,PHX,IND,away,77,23.0,29.9,65.0,199.0,32.7,10.0,3.0,4.0,51.1,42.1,0.8,-19.0,
401857015,2026-06-22,DAL,SEA,away,112,35.0,31.2,65.0,223.0,29.1,11.0,11.0,1.0,69.4,69.6,11.0,34.0,
401857015,2026-06-22,SEA,DAL,home,110,20.0,18.2,52.0,227.0,22.9,5.0,3.0,2.0,56.7,46.7,1.5,-20.0,
401857016,2026-06-23,LVA,NYL,home,76,20.0,26.3,56.0,201.0,27.9,10.0,3.0,1.0,59.2,56.2,3.0,-9.0,
401857016,2026-06-23,NYL,LVA,away,87,25.0,28.7,68.0,200.0,34.0,9.0,6.0,4.0,61.5,57.9,1.5,21.0,
401857017,2026-06-24,IND,PHX,home,109,20.0,18.3,63.0,200.0,31.5,10.0,9.0,4.0,53.3,50.0,2.2,-2.0,
401857017,2026-06-24,PHX,IND,away,111,25.0,22.5,40.0,201.0,19.9,5.0,2.0,2.0,71.8,65.4,1.0,-1.0,
401857018,2026-06-24,MIN,WAS,away,78,7.0,9.0,43.0,200.0,21.5,5.0,1.0,3.0,50.0,50.0,0.3,-7.0,
401857018,2026-06-24,WAS,MIN,home,76,16.0,21.1,60.0,199.0,30.2,8.0,4.0,5.0,48.4,38.5,0.8,4.0,
401857019,2026-06-24,CHI,PDX,home,101,38.0,37.6,77.0,200.0,38.5,10.0,8.0,4.0,66.9,64.6,2.0,69.0,
401857019,2026-06-24,PDX,CHI,away,78,21.0,26.9,77.0,200.0,38.5,12.0,7.0,5.0,40.6,38.0,1.4,-53.0,
401857020,2026-06-24,ATL,GSV,away,66,26.0,39.4,73.0,200.0,36.5,10.0,7.0,7.0,58.6,57.5,1.0,23.0,
401857020,2026-06-24,GSV,ATL,home,77,14.0,18.2,55.0,199.0,27.6,11.0,2.0,5.0,39.1,38.2,0.4,4.0,
401857021,2026-06-25,LAS,TOR,away,97,30.0,30.9,78.0,201.0,38.8,11.0,6.0,3.0,46.1,43.1,2.0,-41.0,
401857021,2026-06-25,TOR,LAS,home,125,32.0,25.6,70.0,201.0,34.8,23.0,8.0,3.0,45.8,38.7,2.7,18.0,
401857022,2026-06-25,DAL,LVA,away,84,18.0,21.4,47.0,201.0,23.4,4.0,4.0,6.0,58.7,53.6,0.7,-12.0,
401857022,2026-06-25,LVA,DAL,home,99,31.0,31.3,58.0,201.0,28.9,5.0,5.0,1.0,75.5,70.6,5.0,19.0,
401857023,2026-06-25,NYL,SEA,away,88,23.0,26.1,63.0,199.0,31.7,10.0,8.0,4.0,52.8,50.0,2.0,-21.0,
401857023,2026-06-25,SEA,NYL,home,99,7.0,7.1,42.0,200.0,21.0,12.0,2.0,4.0,39.4,31.2,0.5,-8.0,
401857024,2026-06-26,CON,WAS,home,68,20.0,29.4,64.0,200.0,32.0,9.0,2.0,4.0,52.1,50.0,0.5,-4.0,
401857024,2026-06-26,WAS,CON,away,57,11.0,19.3,53.0,200.0,26.5,9.0,6.0,3.0,35.4,33.3,2.0,15.0,
401857025,2026-06-26,CHI,PDX,home,124,39.0,31.5,78.0,200.0,39.0,11.0,16.0,4.0,76.4,77.3,4.0,60.0,
401857025,2026-06-26,PDX,CHI,away,94,28.0,29.8,72.0,200.0,36.0,10.0,7.0,3.0,41.6,41.9,2.3,-65.0,
401857026,2026-06-26,ATL,GSV,away,75,12.0,16.0,34.0,199.0,17.1,2.0,3.0,3.0,46.6,45.8,1.0,10.0,
401857026,2026-06-26,GSV,ATL,home,78,35.0,44.9,90.0,201.0,44.8,19.0,7.0,10.0,58.6,50.0,0.7,-7.0,
401857027,2026-06-27,PHX,TOR,away,89,26.0,29.2,61.0,200.0,30.5,8.0,5.0,3.0,49.2,45.5,1.7,42.0,
401857027,2026-06-27,TOR,PHX,home,80,21.0,26.2,50.0,201.0,24.9,10.0,8.0,3.0,58.7,61.8,2.7,11.0,
401857028,2026-06-27,IND,LAS,home,111,32.0,28.8,79.0,200.0,39.5,13.0,10.0,6.0,55.7,47.8,1.7,-19.0,
401857028,2026-06-27,LAS,IND,away,87,30.0,34.5,76.0,199.0,38.2,9.0,6.0,0.0,53.6,45.8,,-11.0,
401857029,2026-06-27,ATL,SEA,away,90,17.0,18.9,48.0,200.0,24.0,5.0,7.0,2.0,43.0,38.9,3.5,4.0,
401857029,2026-06-27,SEA,ATL,home,105,14.0,13.3,48.0,199.0,24.1,5.0,8.0,2.0,53.5,50.0,4.0,-4.0,
401857030,2026-06-28,DAL,MIN,home,77,16.0,20.8,49.0,200.0,24.5,11.0,3.0,3.0,44.5,28.6,1.0,3.0,
401857030,2026-06-28,MIN,DAL,away,85,5.0,5.9,22.0,200.0,11.0,5.0,1.0,2.0,83.3,83.3,0.5,-2.0,
401857031,2026-06-28,PDX,WAS,away,123,24.0,19.5,71.0,300.0,23.7,13.0,9.0,3.0,50.8,45.2,3.0,45.0,
401857031,2026-06-28,WAS,PDX,home,124,24.0,19.4,93.0,302.0,30.8,10.0,8.0,4.0,42.1,42.0,2.0,-44.0,
401857032,2026-06-28,CHI,LVA,home,99,28.0,28.3,69.0,201.0,34.3,10.0,15.0,3.0,50.1,45.8,5.0,0.0,
401857032,2026-06-28,LVA,CHI,away,107,22.0,20.6,62.0,201.0,30.8,4.0,1.0,1.0,54.5,50.0,1.0,26.0,
401857033,2026-06-28,GSV,NYL,home,76,39.0,51.3,87.0,200.0,43.5,12.0,9.0,2.0,50.5,47.2,4.5,-16.0,
401857033,2026-06-28,NYL,GSV,away,67,11.0,16.4,68.0,201.0,33.8,10.0,5.0,4.0,37.3,38.5,1.2,26.0,
401857034,2026-07-02,ATL,WAS,away,76,12.0,15.8,49.0,201.0,24.4,9.0,3.0,6.0,35.5,31.2,0.5,-14.0,
401857034,2026-07-02,WAS,ATL,home,81,24.0,29.6,70.0,200.0,35.0,12.0,10.0,10.0,64.0,67.6,1.0,45.0,
401857035,2026-07-02,CON,DAL,home,83,24.0,28.9,62.0,200.0,31.0,8.0,7.0,4.0,52.5,50.0,1.8,-12.0,
401857035,2026-07-02,DAL,CON,away,86,29.0,33.7,63.0,202.0,31.2,12.0,4.0,2.0,59.9,59.1,2.0,-5.0,
401857036,2026-07-02,PHX,SEA,home,90,10.0,11.1,40.0,198.0,20.2,5.0,4.0,1.0,42.5,35.0,4.0,20.0,
401857036,2026-07-02,SEA,PHX,away,67,14.0,20.9,69.0,199.0,34.7,6.0,5.0,2.0,41.8,40.0,2.5,-50.0,
401857037,2026-07-03,MIN,NYL,away,86,24.0,27.9,57.0,200.0,28.5,9.0,8.0,1.0,60.4,60.5,8.0,11.0,
401857037,2026-07-03,NYL,MIN,home,99,5.0,5.1,30.0,200.0,15.0,5.0,5.0,3.0,46.0,40.0,1.7,-18.0,
401857038,2026-07-03,CHI,LVA,away,90,36.0,40.0,99.0,224.0,44.2,16.0,11.0,6.0,61.7,56.5,1.8,10.0,
401857038,2026-07-03,LVA,CHI,home,98,12.0,12.2,44.0,224.0,19.6,6.0,2.0,3.0,39.8,29.2,0.7,-37.0,
401857321,2026-06-30,LVA,NYL,away,85,33.0,38.8,63.0,200.0,31.5,15.0,5.0,1.0,53.1,48.2,5.0,10.0,
401857321,2026-06-30,NYL,LVA,home,93,16.0,17.2,37.0,200.0,18.5,4.0,0.0,4.0,60.1,54.2,0.0,-36.0,
