player_id,player_name,team_id,team_abbreviation,position,games_played,team_games_played,availability_rate,minutes,box_minutes,box_games_played,pbpstats_minutes,pbpstats_games_played,eligibility_minutes_source,candidate_tier,eligible_flag,points_per_75,rebounds_per_75,assists_per_75,stocks_per_75,turnovers_per_75,assist_turnover_ratio,usage,ts_pct_feature,efg_pct_feature,shotquality_pbp_feature,shot_making_over_shotquality_pbp,fta_rate_feature,on_court_net_rating,team_relative_net_rating,team_win_pct,team_net_rating,sample_size_flag,shooting_efficiency_category,shotquality_pbp_profile_label,shot_diet_profile_label,specialized_shooter_label,shot_diet_risk_label,rim_fga_share,three_point_fga_share,midrange_fga_share,production_score,efficiency_score,creation_score,impact_score,availability_score,team_context_score,allstar_value_score,overall_rank,team_rank,score_band,board_note
203827,Natasha Howard,1611661324,MIN,F,20,20,1.0,596.0,596.0,20,305.0,20,sportsdataverse_player_box,Core Candidate,True,10.714285714285714,5.029154518950437,1.7805081216159933,1.5618492294877133,1.842982090795502,0.9661016949152542,24.03776325344953,0.6305147058823529,0.600418410041841,0.5471535564853557,0.0532648535564853,0.3472803347280335,16.649527671497523,2.719032757277816,,13.930494914219707,Usable,Strong Efficiency,High-Quality Shots + Strong Making,Unavailable Shot Diet,Rim Pressure Finisher,Specialist-Dependent,0.6443514644351465,,0.3263598326359833,67.85382670696866,78.36926651135626,46.299414419913,84.12698412698411,83.25396825396825,97.14285714285714,74.44730150707974,1,1,All-Star Case,All-Star Case: Core Candidate with 67.9 production and 84.1 impact scores.
1643426,Olivia Miles,1611661324,MIN,G,20,20,1.0,611.0,611.0,20,281.0,20,sportsdataverse_player_box,Core Candidate,True,11.326530612244898,2.9387755102040813,3.4591836734693877,1.316326530612245,2.0510204081632653,1.6865671641791045,25.813295615275813,0.6208053691275168,0.546692607003891,0.529577734375,0.0171148726288909,0.3852140077821012,17.19924642923543,3.2687515150157225,,13.930494914219707,Strong,Average Efficiency,Average Shot Quality Profile,Paint-Oriented,No Clear Shooting Specialty,Clean Shot Profile,0.4163424124513619,0.2645914396887159,0.3190661478599221,63.16516872862051,70.37112400169062,64.78169152658216,81.58730158730158,84.2063492063492,97.14285714285714,74.03515166386154,2,2,All-Star Case,All-Star Case: Core Candidate with 63.2 production and 81.6 impact scores.
1628269,Nia Coffey,1611661324,MIN,F,20,20,1.0,548.0,548.0,20,288.0,20,sportsdataverse_player_box,Core Candidate,True,6.036834924965893,4.092769440654843,1.6030013642564802,1.7735334242837655,0.5457025920873124,2.9375,13.067729083665338,0.597972972972973,0.5874125874125874,0.5388272727272727,0.0485853146853146,0.0909090909090909,12.167078630493265,-1.7634162837264427,,13.930494914219707,Usable,Strong Efficiency,High-Quality Shots + Strong Making,Modern Shot Diet,Corner Spacer,Clean Shot Profile,0.2587412587412587,0.5734265734265734,0.1678321678321678,69.26242495470572,62.69090389000284,65.34618171049458,74.12698412698414,82.14285714285714,97.14285714285714,72.40968252721945,3,3,All-Star Case,All-Star Case: Core Candidate with 69.3 production and 74.1 impact scores.
1628932,A'ja Wilson,1611661319,LVA,C,19,21,0.9047619047619048,613.0,613.0,19,321.0,19,sportsdataverse_player_box,Core Candidate,True,14.957177814029363,5.444535073409462,1.682300163132137,2.0799347471451877,1.5599510603588909,1.0784313725490196,32.34657039711191,0.6146095717884131,0.5512048192771084,0.4594840361445783,0.0917207831325301,0.4487951807228915,10.921054382393251,5.031012992323326,,5.890041390069925,Strong,Average Efficiency,Tough-Shot Maker,Midrange-Heavy,Midrange Specialist,Midrange-Heavy Risk,0.2379518072289156,0.1325301204819277,0.6295180722891567,73.27048434382584,64.19844524575073,53.229561253852324,88.88888888888887,71.66666666666667,69.76190476190476,71.06237924381938,4,1,All-Star Case,All-Star Case: Core Candidate with 73.3 production and 88.9 impact scores.
1631007,Veronica Burton,1611661331,GSV,G,21,21,1.0,597.0,597.0,21,238.0,21,sportsdataverse_player_box,Core Candidate,True,8.859060402684564,2.4161073825503356,3.758389261744967,1.2416107382550334,1.2751677852348995,2.9473684210526314,21.549079754601227,0.5432098765432098,0.4615384615384615,0.4641225247524753,-0.0025840632140137,0.4230769230769231,12.41271453006786,4.398429030387689,,8.01428549968017,Usable,Low Efficiency,Tough Shot Profile,Balanced Shot Diet,No Clear Shooting Specialty,Midrange-Heavy Risk,0.1875,0.3846153846153846,0.4278846153846153,65.08580440700169,43.049511377357504,76.95169837707112,80.7936507936508,87.77777777777779,90.47619047619048,70.40823511790958,5,1,All-Star Case,All-Star Case: Core Candidate with 65.1 production and 80.8 impact scores.
1627673,Jonquel Jones,1611661313,NYL,C,21,21,1.0,620.0,620.0,21,228.0,20,sportsdataverse_player_box,Core Candidate,True,9.869281045751634,5.88235294117647,1.7973856209150327,1.2091503267973858,1.3398692810457518,1.3414634146341464,20.980091883614087,0.648068669527897,0.5989847715736041,0.5137271573604061,0.085257614213198,0.416243654822335,5.221316629656513,-1.3086937890004577,,6.530010418656971,Usable,Strong Efficiency,Average Shot Quality Profile,Modern Shot Diet,No Clear Shooting Specialty,Clean Shot Profile,0.3147208121827411,0.4720812182741117,0.2131979695431472,70.04744905987685,76.95053629761652,56.091816762478786,60.63492063492063,88.8888888888889,76.19047619047619,69.95066267378496,6,1,All-Star Case,All-Star Case: Core Candidate with 70.0 production and 60.6 impact scores.
1631009,Rhyne Howard,1611661330,ATL,G,20,21,0.9523809523809523,704.0,704.0,20,244.0,20,sportsdataverse_player_box,Core Candidate,True,10.179533213644524,2.073608617594255,1.7235188509874328,1.7235188509874326,0.7271095152603232,2.3703703703703702,20.956995760145364,0.5768025078369906,0.5287162162162162,0.5055383161512027,0.0231779000650135,0.25,5.343829551971538,-0.3210454591843188,,5.664875011155857,Strong,Average Efficiency,Average Shot Quality Profile,Modern Shot Diet,Perimeter Volume Threat,Clean Shot Profile,0.1655405405405405,0.6148648648648648,0.2195945945945946,69.53542678415775,53.46936470346625,75.83725904738742,71.26984126984127,81.34920634920634,64.52380952380953,68.29458833511063,7,1,All-Star Case,All-Star Case: Core Candidate with 69.5 production and 71.3 impact scores.
1627668,Breanna Stewart,1611661313,NYL,F,21,21,1.0,689.0,689.0,21,315.0,20,sportsdataverse_player_box,Core Candidate,True,11.812647289866458,4.978397486252946,1.5907305577376276,1.56127258444619,1.4139827179890025,1.125,27.501749475157453,0.5753623188405798,0.4911660777385159,0.4844798586572438,0.006686219081272,0.5017667844522968,7.657665440722738,1.1276550220657668,,6.530010418656971,Strong,Average Efficiency,Tough Shot Profile,Midrange-Heavy,No Clear Shooting Specialty,Midrange-Heavy Risk,0.2791519434628975,0.215547703180212,0.5053003533568904,70.02657618166108,53.89590169420355,53.532627030779956,74.6031746031746,90.63492063492065,76.19047619047619,67.91889304204757,8,2,All-Star Case,All-Star Case: Core Candidate with 70.0 production and 74.6 impact scores.
1641648,Aliyah Boston,1611661325,IND,C,19,20,0.95,514.0,514.0,19,194.0,19,sportsdataverse_player_box,Core Candidate,True,11.665866538646183,5.904944791166587,1.9443110897743638,1.584253480556889,1.9083053288526164,1.0188679245283019,26.683291770573568,0.6044776119402985,0.5548245614035088,0.5041140350877193,0.0507105263157894,0.3771929824561403,6.302042998856805,-0.4253947176916171,,6.7274377165484225,Usable,Average Efficiency,Average Shot Quality Profile,Paint-Oriented,No Clear Shooting Specialty,Balanced / Low Risk,0.3771929824561403,0.2236842105263158,0.3991228070175439,70.67276349299804,65.21443561540597,51.04751993163241,70.47619047619048,69.36507936507935,83.57142857142857,67.75709487496445,9,1,All-Star Case,All-Star Case: Core Candidate with 70.7 production and 70.5 impact scores.
1631136,Pauline Astier,1611661313,NYL,G,22,21,1.0476190476190477,543.0,543.0,22,142.0,21,sportsdataverse_player_box,Core Candidate,True,8.10708898944193,2.3755656108597285,3.092006033182504,0.7918552036199095,1.244343891402715,2.484848484848485,17.551755175517552,0.6604938271604939,0.5985401459854015,0.5054529411764707,0.0930872048089308,0.437956204379562,6.928707925947634,0.3986975072906631,,6.530010418656971,Usable,Strong Efficiency,Average Shot Quality Profile,Paint-Oriented,Rim Pressure Finisher,Balanced / Low Risk,0.437956204379562,0.2043795620437956,0.3576642335766423,55.44410371121381,76.3775949625889,67.96717109398162,56.98412698412699,93.8095238095238,76.19047619047619,67.72844598124387,10,3,All-Star Case,All-Star Case: Core Candidate with 55.4 production and 57.0 impact scores.
1628931,Gabby Williams,1611661331,GSV,F,21,21,1.0,552.0,552.0,21,302.0,21,sportsdataverse_player_box,Core Candidate,True,12.027285782671134,2.7285782671134515,1.723312589755864,1.3283867879368119,1.1847774054571565,1.4545454545454546,28.58333333333333,0.5387096774193548,0.4945652173913043,0.4785809782608695,0.0159842391304348,0.3079710144927536,9.779354472036601,1.7650689723564312,,8.01428549968017,Strong,Average Efficiency,Tough Shot Profile,Diversified Shot Profile,No Clear Shooting Specialty,Balanced / Low Risk,0.1920289855072463,0.4094202898550725,0.3985507246376811,66.30884676324901,44.03414078236466,65.7597076429298,73.4920634920635,86.82539682539682,90.47619047619048,67.67656742229609,11,2,All-Star Case,All-Star Case: Core Candidate with 66.3 production and 73.5 impact scores.
1628886,Jordin Canada,1611661330,ATL,G,21,21,1.0,649.0,649.0,21,158.0,21,sportsdataverse_player_box,Core Candidate,True,6.80239289849479,2.1709764569664225,4.28406020841374,1.360478579698958,1.360478579698958,3.148936170212766,16.764514024787996,0.5595238095238095,0.5027624309392266,0.5034279329608938,-0.0006655020216672,0.3591160220994475,9.782935112911872,4.118060101756015,,5.664875011155857,Usable,Average Efficiency,Average Shot Quality Profile,Balanced Shot Diet,No Clear Shooting Specialty,Balanced / Low Risk,0.3425414364640884,0.3038674033149171,0.3535911602209944,58.710556844987096,51.795657726692205,67.38939104587443,79.68253968253968,90.0,64.52380952380953,66.53406830235527,12,2,All-Star Case,All-Star Case: Core Candidate with 58.7 production and 79.7 impact scores.
1628881,Monique Billings,1611661325,IND,F,19,20,0.95,383.0,383.0,19,242.0,19,sportsdataverse_player_box,Core Candidate,True,6.266318537859008,4.7486945169712795,0.9301566579634465,1.3707571801566578,0.7343342036553525,1.2666666666666666,13.804713804713804,0.5871559633027523,0.5294117647058824,0.566344705882353,-0.0369329411764706,0.6,11.30371643042686,4.5762787138784375,,6.7274377165484225,Low,Average Efficiency,High-Quality Shot Profile,Paint-Oriented,No Clear Shooting Specialty,Clean Shot Profile,0.5058823529411764,0.1529411764705882,0.3411764705882353,59.96801351011048,70.46972868355644,40.96488281667807,82.53968253968254,63.88888888888888,83.57142857142857,66.48464979070887,13,2,All-Star Case,All-Star Case: Core Candidate with 60.0 production and 82.5 impact scores.
1629491,Jessica Shepard,1611661321,DAL,F,21,21,1.0,677.0,677.0,21,367.0,21,sportsdataverse_player_box,Core Candidate,True,8.42728297632469,6.764374295377677,2.987598647125141,0.4509582863585118,1.0428410372040586,2.864864864864865,18.022121014964217,0.6229166666666667,0.5817307692307693,0.5231792270531401,0.0585515421776291,0.3798076923076923,3.813746025935629,-1.0112062835368079,,4.824952309472437,Usable,Strong Efficiency,Average Shot Quality Profile,Paint-Oriented,Rim Pressure Finisher,Spacing-Limited Profile,0.5769230769230769,0.0384615384615384,0.3846153846153846,66.8021804906104,74.84895009622093,74.28331605850408,43.65079365079365,90.47619047619048,58.333333333333336,66.42394366178351,14,1,All-Star Case,All-Star Case: Core Candidate with 66.8 production and 43.7 impact scores.
1631055,Nyara Sabally,1611661332,TOR,F,14,20,0.7,353.0,353.0,14,82.0,14,sportsdataverse_player_box,Core Candidate,True,8.823529411764707,3.880226789510985,1.435152374202693,1.5946137491141035,0.7973068745570517,1.8,18.75,0.6148148148148148,0.5803571428571429,0.5579258928571428,0.0224312500000001,0.4464285714285714,0.6347528703528837,1.8998243485872308,,-1.265071478234347,Usable,Strong Efficiency,High-Quality Shots + Strong Making,Modern Shot Diet,No Clear Shooting Specialty,Clean Shot Profile,0.5714285714285714,0.2142857142857142,0.2142857142857143,71.64729286311642,77.25551677379784,64.34126688830757,69.04761904761905,45.3968253968254,44.761904761904766,65.83951342918164,15,1,All-Star Case,All-Star Case: Core Candidate with 71.6 production and 69.0 impact scores.
1631135,Olivia Nelson-Ododa,1611661323,CON,C,16,20,0.8,303.0,303.0,16,74.0,16,sportsdataverse_player_box,Core Candidate,True,8.4375,5.3125,1.75,1.625,1.1875,1.4736842105263157,18.16860465116279,0.6367924528301887,0.6144578313253012,0.5252542168674699,0.0892036144578313,0.6265060240963856,2.3118978564522905,10.153260135475264,,-7.841362279022974,Low,Strong Efficiency,Average Shot Quality Profile,Unavailable Shot Diet,Low-Volume Efficient Shooter,Specialist-Dependent,0.6024096385542169,,0.3975903614457831,71.54652877705564,85.29686931281108,55.69256399232215,81.74603174603175,49.12698412698413,10.714285714285714,65.63322398900779,16,1,All-Star Case,All-Star Case: Core Candidate with 71.5 production and 81.7 impact scores.
1627675,Courtney Williams,1611661324,MIN,G,20,20,1.0,605.0,605.0,20,242.0,20,sportsdataverse_player_box,Core Candidate,True,9.800082440230833,3.2769991755976915,2.4732069249793898,0.989282769991756,1.1129431162407255,2.2222222222222223,24.33212996389892,0.5249169435215947,0.511986301369863,0.4427418965517241,0.0692444048181389,0.0753424657534246,10.769065561826451,-3.161429352393256,,13.930494914219707,Strong,Average Efficiency,Tough-Shot Maker,Midrange-Heavy,Midrange Specialist,Midrange-Heavy Risk,0.0787671232876712,0.2260273972602739,0.6952054794520548,66.88138315969577,36.59349474979348,77.4450176642751,58.095238095238095,83.73015873015873,97.14285714285714,65.36214659587311,17,4,All-Star Case,All-Star Case: Core Candidate with 66.9 production and 58.1 impact scores.
1629498,Jackie Young,1611661319,LVA,G,22,21,1.0476190476190477,723.0,723.0,22,297.0,21,sportsdataverse_player_box,Core Candidate,True,9.422796795338675,2.6219956300072833,3.76911871813547,0.7374362709395484,1.3656227239621268,2.76,22.753716871363928,0.5695364238410596,0.5265017667844523,0.476764590747331,0.0497371760371212,0.1766784452296819,9.291032404718138,3.4009910146482127,,5.890041390069925,Strong,Average Efficiency,Tough-Shot Maker,Balanced Shot Diet,Midrange Specialist,Midrange-Heavy Risk,0.166077738515901,0.3886925795053003,0.4452296819787986,58.389751835577144,46.064918645407296,75.82948125158507,64.44444444444444,98.73015873015872,69.76190476190476,64.92293911380875,18,2,All-Star Case,All-Star Case: Core Candidate with 58.4 production and 64.4 impact scores.
203825,Kayla McBride,1611661324,MIN,G,20,20,1.0,633.0,633.0,20,262.0,20,sportsdataverse_player_box,Core Candidate,True,8.682049276495894,2.2291748142354324,1.4665623777864687,0.9972624168947986,0.8799374266718811,1.6666666666666667,20.110192837465565,0.5553435114503816,0.5,0.5163878099173553,-0.0163878099173553,0.2520661157024793,12.94114767839551,-0.9893472358241979,,13.930494914219707,Usable,Average Efficiency,Average Shot Quality Profile,Perimeter-Leaning,No Clear Shooting Specialty,Clean Shot Profile,0.1818181818181818,0.5041322314049587,0.3140495867768595,56.967139323519504,48.25048247990546,63.89952070354441,64.12698412698411,84.92063492063492,97.14285714285714,64.50855546413865,19,5,All-Star Case,All-Star Case: Core Candidate with 57.0 production and 64.1 impact scores.
1631019,NaLyssa Smith,1611661319,LVA,F,22,21,1.0476190476190477,525.0,525.0,22,357.0,21,sportsdataverse_player_box,Core Candidate,True,9.285714285714286,5.150375939849623,0.7142857142857143,0.8270676691729324,0.7518796992481203,0.95,18.52836879432624,0.65,0.6610738255033557,0.4926973154362416,0.168376510067114,0.6040268456375839,5.601184338272091,-0.2888570517978337,,5.890041390069925,Usable,Elite Efficiency,Average Shot Quality Profile,Unavailable Shot Diet,Rim Pressure Finisher,Balanced / Low Risk,0.4630872483221476,,0.5033557046979866,58.77586497365949,80.58759772223644,41.50463206646266,55.07936507936508,93.01587301587301,69.76190476190476,64.33083139148236,20,3,All-Star Case,All-Star Case: Core Candidate with 58.8 production and 55.1 impact scores.
1642289,Kamilla Cardoso,1611661329,CHI,C,20,20,1.0,536.0,536.0,20,363.0,20,sportsdataverse_player_box,Core Candidate,True,10.205032618825722,6.046132339235787,1.7124883504193849,1.5027958993476236,1.3630009319664493,1.2564102564102564,22.32365145228216,0.6347826086956522,0.5854922279792746,0.580962176165803,0.0045300518134715,0.4559585492227979,-5.0379008645062555,-2.342650869986187,,-2.6952499945200685,Usable,Strong Efficiency,High-Quality Shot Profile,Unavailable Shot Diet,No Clear Shooting Specialty,Specialist-Dependent,0.7927461139896373,,0.2072538860103626,71.96674908420052,79.17613244107785,53.67313472782949,52.22222222222223,81.34920634920634,37.857142857142854,64.2429633335195,21,1,All-Star Case,All-Star Case: Core Candidate with 72.0 production and 52.2 impact scores.
1630442,Natasha Mack,1611661317,PHX,F,18,21,0.8571428571428571,454.0,454.0,18,112.0,18,sportsdataverse_player_box,Core Candidate,True,7.155172413793104,6.4224137931034475,1.1637931034482758,1.6810344827586208,0.8189655172413793,1.4210526315789473,14.844533600802407,0.6434108527131783,0.6173913043478261,0.4705560869565217,0.1468352173913044,0.2782608695652174,1.9052023121387265,2.397256305090366,,-0.49205399295163943,Usable,Strong Efficiency,Tough-Shot Maker,Unavailable Shot Diet,Midrange Specialist,Balanced / Low Risk,0.3565217391304348,,0.6,69.77683413111384,65.68062718261992,47.046028263837286,73.01587301587303,60.87301587301587,51.66666666666667,63.49438106602091,22,1,All-Star Case,All-Star Case: Core Candidate with 69.8 production and 73.0 impact scores.
1627700,Julie Allemand,1611661332,TOR,G,14,20,0.7,384.0,384.0,14,84.0,14,sportsdataverse_player_box,Core Candidate,True,4.177336747759283,1.9206145966709347,3.409090909090909,1.440460947503201,1.0083226632522406,3.380952380952381,9.706546275395034,0.6692307692307692,0.6557377049180327,0.5391450819672131,0.1165926229508196,0.1311475409836065,5.294635523487713,6.55970700172206,,-1.265071478234347,Low,Elite Efficiency,High-Quality Shots + Strong Making,Modern Shot Diet,Low-Volume Efficient Shooter,Clean Shot Profile,0.2622950819672131,0.5901639344262295,0.1475409836065573,54.80111610971054,74.3621482710029,65.77340143017715,79.36507936507937,46.111111111111114,44.761904761904766,63.399036356472244,23,2,All-Star Case,All-Star Case: Core Candidate with 54.8 production and 79.4 impact scores.
1641652,Maddy Siegrist,1611661321,DAL,F,21,21,1.0,303.0,303.0,21,3.0,21,sportsdataverse_player_box,Core Candidate,True,8.044554455445544,3.712871287128713,0.9282178217821783,1.051980198019802,0.43316831683168316,2.142857142857143,17.453505007153076,0.5652173913043478,0.5373831775700935,0.5042285046728971,0.0331546728971963,0.1682242990654205,11.607843137254903,6.782890827782467,,4.824952309472437,Usable,Average Efficiency,Average Shot Quality Profile,Diversified Shot Profile,Balanced Three-Level Scorer,Balanced / Low Risk,0.2897196261682243,0.3364485981308411,0.3738317757009345,60.56922403500384,49.45768066752298,61.04638505454409,78.73015873015872,76.1111111111111,58.333333333333336,63.38127609091337,24,2,All-Star Case,All-Star Case: Core Candidate with 60.6 production and 78.7 impact scores.
1628909,Kelsey Mitchell,1611661325,IND,G,20,20,1.0,648.0,648.0,20,198.0,20,sportsdataverse_player_box,Core Candidate,True,12.419659735349716,0.8506616257088847,1.5028355387523629,0.5103969754253309,1.10586011342155,1.358974358974359,26.12732095490716,0.6112676056338028,0.5686900958466453,0.5284167731629393,0.0402733226837059,0.3130990415335463,8.938544611246797,2.211106894698375,,6.7274377165484225,Strong,Strong Efficiency,Average Shot Quality Profile,Modern Shot Diet,Balanced Three-Level Scorer,Clean Shot Profile,0.3578274760383386,0.402555910543131,0.2396166134185303,46.0794183741847,69.94912896905619,63.03054386930327,56.825396825396815,85.47619047619048,83.57142857142857,63.234103237594184,25,3,All-Star Case,All-Star Case: Core Candidate with 46.1 production and 56.8 impact scores.
1642784,Paige Bueckers,1611661321,DAL,G,20,21,0.9523809523809523,663.0,663.0,20,293.0,20,sportsdataverse_player_box,Core Candidate,True,11.629019908116385,2.2396630934150075,3.474349157733538,0.6316998468606432,1.2059724349157734,2.880952380952381,24.58249832999332,0.6180981595092024,0.5813953488372093,0.4486326666666667,0.1327626821705426,0.2159468438538206,4.792827526688058,-0.032124782784379136,,4.824952309472437,Strong,Strong Efficiency,Tough-Shot Maker,Midrange-Heavy,Midrange Specialist,Balanced / Low Risk,0.1428571428571428,0.3056478405315614,0.5514950166112957,60.37537839953384,57.297340561592854,81.54080201918191,50.47619047619048,80.71428571428571,58.333333333333336,62.784433015079316,26,3,All-Star Case,All-Star Case: Core Candidate with 60.4 production and 50.5 impact scores.
1628277,Allisha Gray,1611661330,ATL,G,21,21,1.0,698.0,698.0,21,268.0,21,sportsdataverse_player_box,Core Candidate,True,10.52060737527115,1.843817787418655,1.220173535791757,1.1117136659436009,0.9219088937093275,1.3235294117647058,23.45828295042321,0.5451977401129944,0.4882943143812709,0.5355578595317726,-0.0472635451505016,0.4414715719063545,7.447577729573396,1.7827027184175392,,5.664875011155857,Strong,Average Efficiency,High-Quality Shot Profile,Modern Shot Diet,No Clear Shooting Specialty,Clean Shot Profile,0.3645484949832775,0.3812709030100334,0.2541806020066889,55.0546084990335,56.16772239229353,58.23888408169642,67.46031746031746,90.7936507936508,64.52380952380953,62.75683873928108,27,3,All-Star Case,All-Star Case: Core Candidate with 55.1 production and 67.5 impact scores.
204329,Kiah Stokes,1611661331,GSV,C,21,21,1.0,469.0,469.0,21,178.0,21,sportsdataverse_player_box,Core Candidate,True,3.296232876712329,4.4520547945205475,1.1558219178082192,2.5256849315068495,0.4708904109589041,2.4545454545454546,8.3,0.5347222222222222,0.5384615384615384,0.5106369230769231,0.0278246153846153,0.2307692307692307,0.24238728014103117,-7.771898219539139,,8.01428549968017,Low,Average Efficiency,Average Shot Quality Profile,Modern Shot Diet,Balanced Three-Level Scorer,Clean Shot Profile,0.3384615384615385,0.4153846153846154,0.2461538461538461,62.209423382887415,50.598350262533245,55.02856281512565,57.3015873015873,83.01587301587301,90.47619047619048,62.73583413002117,28,3,All-Star Case,All-Star Case: Core Candidate with 62.2 production and 57.3 impact scores.
1629546,Marine Johannes,1611661313,NYL,G,22,21,1.0476190476190477,514.0,514.0,22,255.0,21,sportsdataverse_player_box,Core Candidate,True,7.531055900621118,2.1350931677018634,2.4844720496894412,0.8928571428571428,1.5527950310559007,1.6,18.95124195032199,0.5843373493975904,0.5660377358490566,0.5089272151898734,0.0571105206591832,0.1069182389937107,9.834368530020711,3.30435811136374,,6.530010418656971,Usable,Strong Efficiency,Average Shot Quality Profile,Modern Shot Diet,Above-Break Spacer,Clean Shot Profile,0.0754716981132075,0.779874213836478,0.1446540880503145,47.52468194232591,54.94904187054594,56.623331945441066,68.57142857142857,92.30158730158729,76.19047619047619,61.927970714998885,29,4,All-Star Case,All-Star Case: Core Candidate with 47.5 production and 68.6 impact scores.
1643425,Azzi Fudd,1611661321,DAL,G,20,21,0.9523809523809523,609.0,609.0,20,238.0,20,sportsdataverse_player_box,Core Candidate,True,8.257450331125828,1.148592715231788,1.0865066225165563,1.707367549668874,0.7139900662251656,1.5217391304347827,18.53448275862069,0.5638297872340425,0.5545851528384279,0.4811978070175438,0.0733873458208841,0.0698689956331877,9.02593749207631,4.200985182603873,,4.824952309472437,Usable,Average Efficiency,Tough-Shot Maker,Diversified Shot Profile,Midrange Specialist,Midrange-Heavy Risk,0.1353711790393013,0.4323144104803493,0.4323144104803493,54.11059811689953,46.98063204179995,56.34602539524536,83.96825396825396,78.80952380952381,58.333333333333336,61.88361625480818,30,4,All-Star Case,All-Star Case: Core Candidate with 54.1 production and 84.0 impact scores.
1628899,Myisha Hines-Allen,1611661325,IND,F,20,20,1.0,316.0,316.0,20,69.0,20,sportsdataverse_player_box,Core Candidate,True,5.271199388846448,3.724216959511077,2.119938884644767,1.1459129106187929,1.6615737203972498,1.2758620689655173,15.268225584594225,0.5609756097560976,0.5205479452054794,0.5509842465753425,-0.030436301369863,0.2876712328767123,11.008745920049321,4.281308203500899,,6.7274377165484225,Low,Average Efficiency,High-Quality Shot Profile,Modern Shot Diet,No Clear Shooting Specialty,Clean Shot Profile,0.6027397260273972,0.1780821917808219,0.2191780821917808,49.20142789703441,58.43391560979501,40.542526280693025,77.46031746031746,72.93650793650794,83.57142857142857,61.21137618117871,31,4,All-Star Case,All-Star Case: Core Candidate with 49.2 production and 77.5 impact scores.
1642767,Janelle Salaun,1611661331,GSV,F,21,21,1.0,469.0,469.0,21,1.0,21,sportsdataverse_player_box,Core Candidate,True,10.909845132743362,3.5259955752212386,0.9540929203539823,0.5392699115044248,0.7051991150442478,1.3529411764705883,23.142050799623703,0.574235807860262,0.5315533980582524,0.494635922330097,0.0369174757281554,0.2669902912621359,6.410129333289262,-1.6041561663909079,,8.01428549968017,Usable,Average Efficiency,Average Shot Quality Profile,Modern Shot Diet,Above-Break Spacer,Clean Shot Profile,0.1262135922330097,0.6504854368932038,0.2233009708737864,57.01323555375717,53.1503347791686,59.17823556746404,46.98412698412698,83.01587301587301,90.47619047619048,60.50614292542437,32,4,All-Star Case,All-Star Case: Core Candidate with 57.0 production and 47.0 impact scores.
1643420,Laura Juskaite,1611661332,TOR,F,20,20,1.0,443.0,443.0,20,153.0,20,sportsdataverse_player_box,Core Candidate,True,7.158899494665918,3.4110050533408196,1.3896687254351487,1.2633352049410445,1.1791128579449746,1.1785714285714286,17.507418397626115,0.5704697986577181,0.5078125,0.5361586614173228,-0.0283461614173228,0.375,4.8135537648646505,6.0786252430989975,,-1.265071478234347,Usable,Average Efficiency,High-Quality Shot Profile,Modern Shot Diet,No Clear Shooting Specialty,Clean Shot Profile,0.3984375,0.390625,0.2109375,56.708369989308196,60.04911255786321,45.42401594737683,75.23809523809524,77.14285714285715,44.761904761904766,60.23861263910146,33,3,All-Star Case,All-Star Case: Core Candidate with 56.7 production and 75.2 impact scores.
204322,Elizabeth Williams,1611661329,CHI,C,20,20,1.0,349.0,349.0,20,-121.0,20,sportsdataverse_player_box,Core Candidate,True,5.507892930679478,4.169526424159232,1.5442690459849004,1.5957446808510638,0.6177076183939603,2.5,16.504854368932037,0.4314516129032258,0.4468085106382978,0.5266265957446808,-0.079818085106383,0.6595744680851063,-1.9322606299776623,0.7629893645424062,,-2.6952499945200685,Low,Low Efficiency,Average Shot Quality Profile,Unavailable Shot Diet,No Clear Shooting Specialty,Midrange-Heavy Risk,0.574468085106383,,0.425531914893617,66.55682099179386,45.59606094695334,67.3071022462417,65.15873015873017,74.04761904761905,37.857142857142854,60.07670499649761,34,2,All-Star Case,All-Star Case: Core Candidate with 66.6 production and 65.2 impact scores.
203833,Chelsea Gray,1611661319,LVA,G,22,21,1.0476190476190477,734.0,734.0,22,290.0,21,sportsdataverse_player_box,Core Candidate,True,7.065803667745415,2.238403451995685,4.126213592233009,0.889967637540453,1.7799352750809063,2.3181818181818183,18.754014129736674,0.5619469026548672,0.5328638497652582,0.4571933962264151,0.0756704535388431,0.1737089201877934,6.698510396193214,0.8084690061232891,,5.890041390069925,Usable,Average Efficiency,Tough-Shot Maker,Perimeter-Leaning,Above-Break Spacer,Midrange-Heavy Risk,0.0422535211267605,0.4835680751173709,0.4741784037558685,49.14441304849147,45.48769023002258,64.70083328376576,60.15873015873016,98.88888888888887,69.76190476190476,59.98559169751764,35,4,Rotation Value,Rotation Value: Core Candidate with 49.1 production and 60.2 impact scores.
203822,Rebekah Gardner,1611661313,NYL,G,21,21,1.0,309.0,309.0,21,-91.0,20,sportsdataverse_player_box,Core Candidate,True,6.570247933884298,2.6652892561983474,1.5495867768595042,0.8057851239669422,0.8677685950413223,1.7857142857142858,15.119760479041917,0.6022727272727273,0.5466666666666666,0.5608133333333334,-0.0141466666666667,0.3466666666666667,3.2219280196523528,-3.3080823990046184,,6.530010418656971,Low,Average Efficiency,High-Quality Shot Profile,Paint-Oriented,Rim Pressure Finisher,Clean Shot Profile,0.4533333333333333,0.2933333333333333,,52.57765876110004,68.02417121183366,57.04023729391152,45.714285714285715,76.82539682539682,76.19047619047619,59.74972897117292,36,5,Rotation Value,Rotation Value: Core Candidate with 52.6 production and 45.7 impact scores.
1642291,Angel Reese,1611661330,ATL,F,21,21,1.0,644.0,644.0,21,173.0,21,sportsdataverse_player_box,Core Candidate,True,9.11214953271028,7.2137850467289715,1.547897196261682,1.4018691588785046,2.1320093457943927,0.726027397260274,25.24209167204648,0.490566037735849,0.4186046511627907,0.5721015503875969,-0.1534968992248062,0.5271317829457365,5.072801768714484,-0.5920732424413728,,5.664875011155857,Strong,Low Efficiency,High-Quality Shot Profile,Modern Shot Diet,No Clear Shooting Specialty,Clean Shot Profile,0.7364341085271318,0.0813953488372093,0.1821705426356589,62.53489509887199,47.41791057091698,40.31702111226123,65.3968253968254,89.68253968253968,64.52380952380953,59.664859055740585,37,4,Rotation Value,Rotation Value: Core Candidate with 62.5 production and 65.4 impact scores.
203826,Alyssa Thomas,1611661317,PHX,F,19,21,0.9047619047619048,637.0,637.0,19,349.0,19,sportsdataverse_player_box,Core Candidate,True,8.131453534551232,3.9019062748212865,4.765687053216839,1.0424940428911835,2.1445591739475773,2.2222222222222223,22.28490832157969,0.5594262295081968,0.5147058823529411,0.4781566502463054,0.0365492321066357,0.4509803921568627,-0.9972038419413423,-0.5051498489897028,,-0.49205399295163943,Usable,Average Efficiency,Tough Shot Profile,Unavailable Shot Diet,Midrange Specialist,Midrange-Heavy Risk,0.3725490196078431,,0.6225490196078431,59.84860836112368,55.521335926118454,66.90938578346555,52.53968253968253,72.46031746031746,51.66666666666667,59.023462063659366,38,2,Rotation Value,Rotation Value: Core Candidate with 59.8 production and 52.5 impact scores.
204324,Dearica Hamby,1611661320,LAS,F,18,18,1.0,523.0,523.0,18,153.0,18,sportsdataverse_player_box,Core Candidate,True,9.076886568580921,5.054579971523493,1.4950166112956809,1.0678690080683435,1.0322733744660655,1.4482758620689655,20.53422370617696,0.5848623853211009,0.5363128491620112,0.5637195530726257,-0.0274067039106145,0.4916201117318435,-6.801938983295159,-0.6771308029393452,,-6.124808180355814,Usable,Average Efficiency,High-Quality Shot Profile,Paint-Oriented,No Clear Shooting Specialty,Clean Shot Profile,0.6536312849162011,0.1284916201117318,,68.01521251372468,70.0712007400623,59.62185352762597,45.55555555555555,74.12698412698413,24.761904761904763,58.96132130558752,39,1,Rotation Value,Rotation Value: Core Candidate with 68.0 production and 45.6 impact scores.
1642286,Caitlin Clark,1611661325,IND,G,17,20,0.85,524.0,524.0,17,283.0,17,sportsdataverse_player_box,Core Candidate,True,12.534818941504179,2.3676880222841223,4.770194986072424,0.8008356545961002,2.7506963788300833,1.7341772151898733,30.86124401913876,0.5795454545454546,0.5132075471698113,0.5075904942965779,0.0056170528732334,0.3886792452830189,2.7774329050013478,-3.9500048115470747,,6.7274377165484225,Strong,Average Efficiency,Average Shot Quality Profile,Modern Shot Diet,No Clear Shooting Specialty,Clean Shot Profile,0.2490566037735849,0.4830188679245283,0.2679245283018868,55.41771545062286,58.2027158232322,67.31223234704778,43.17460317460317,61.66666666666666,83.57142857142857,58.750537038089476,40,5,Rotation Value,Rotation Value: Core Candidate with 55.4 production and 43.2 impact scores.
1642785,Sonia Citron,1611661322,WAS,G,17,19,0.8947368421052632,589.0,589.0,17,208.0,17,sportsdataverse_player_box,Core Candidate,True,10.221410146173689,2.2248495270851247,1.9346517626827173,1.0640584694754942,1.4187446259673258,1.3636363636363635,22.18016654049962,0.6285140562248996,0.5329949238578681,0.4911112244897959,0.0418836993680721,0.6091370558375635,0.5469737152438796,3.481489056400619,,-2.9345153411567395,Usable,Average Efficiency,Average Shot Quality Profile,Diversified Shot Profile,Balanced Three-Level Scorer,Clean Shot Profile,0.2791878172588832,0.3908629441624365,0.3299492385786802,56.08207654803139,67.27220668201434,56.535035785108875,64.12698412698414,65.23809523809524,31.428571428571427,58.44727933324055,41,1,Rotation Value,Rotation Value: Core Candidate with 56.1 production and 64.1 impact scores.
1630097,Kaila Charles,1611661331,GSV,G,21,21,1.0,403.0,403.0,21,53.0,21,sportsdataverse_player_box,Core Candidate,True,6.15486432825943,4.913964262078094,1.439444076770351,0.9430840502978162,1.0919920582395766,1.3181818181818181,16.945373467112596,0.4769230769230769,0.4453781512605042,0.4874072033898305,-0.0420290521293263,0.2016806722689075,11.109067017082793,3.094781517402623,,8.01428549968017,Usable,Low Efficiency,Tough Shot Profile,Perimeter-Leaning,No Clear Shooting Specialty,Clean Shot Profile,0.226890756302521,0.453781512605042,0.3193277310924369,56.22456012198704,26.711954224690317,48.51132025753973,70.79365079365078,79.84126984126983,90.47619047619048,57.86570510454197,42,5,Rotation Value,Rotation Value: Core Candidate with 56.2 production and 70.8 impact scores.
1630386,Awak Kuier,1611661321,DAL,F,18,21,0.8571428571428571,308.0,308.0,18,69.0,18,sportsdataverse_player_box,Core Candidate,True,6.467661691542288,3.2960199004975124,0.808457711442786,1.865671641791045,1.2437810945273633,0.65,16.296296296296298,0.5777777777777777,0.5493827160493827,0.5236592592592593,0.0257234567901234,0.2592592592592592,9.966777408637881,5.141825099165445,,4.824952309472437,Low,Average Efficiency,Average Shot Quality Profile,Modern Shot Diet,No Clear Shooting Specialty,Clean Shot Profile,0.382716049382716,0.382716049382716,0.2345679012345679,51.03530162973537,60.90402569314371,25.645221871203216,87.77777777777779,55.31746031746032,58.333333333333336,57.707048747377996,43,5,Rotation Value,Rotation Value: Core Candidate with 51.0 production and 87.8 impact scores.
1642292,Jacy Sheldon,1611661329,CHI,G,20,20,1.0,444.0,444.0,20,134.0,20,sportsdataverse_player_box,Core Candidate,True,6.110491071428571,1.2137276785714286,1.5066964285714286,1.171875,0.7533482142857143,2.0,14.015904572564612,0.5853658536585366,0.5398230088495575,0.5207712389380531,0.0190517699115043,0.2300884955752212,1.4901464486483178,4.185396443168386,,-2.6952499945200685,Usable,Average Efficiency,Average Shot Quality Profile,Modern Shot Diet,Balanced Three-Level Scorer,Clean Shot Profile,0.3008849557522124,0.4513274336283185,0.247787610619469,47.52705646649284,58.401463621702746,58.12823658566077,68.4920634920635,77.38095238095238,37.857142857142854,57.5035145510351,44,3,Rotation Value,Rotation Value: Core Candidate with 47.5 production and 68.5 impact scores.
203866,Kayla Thornton,1611661331,GSV,F,21,21,1.0,542.0,542.0,21,282.0,21,sportsdataverse_player_box,Core Candidate,True,6.277533039647577,3.9647577092511015,0.5506607929515418,0.8443465491923642,0.5139500734214391,1.0714285714285714,15.771812080536913,0.4885057471264368,0.4506172839506173,0.523970987654321,-0.0733537037037037,0.1790123456790123,12.673152892062973,4.658867392382803,,8.01428549968017,Usable,Low Efficiency,Average Shot Quality Profile,Modern Shot Diet,High-Volume Low-Efficiency Shooter,Clean Shot Profile,0.1790123456790123,0.6049382716049383,0.2160493827160493,50.55601197138043,33.87426459060491,40.10424733382982,72.06349206349206,86.03174603174602,90.47619047619048,57.492985074532626,45,6,Rotation Value,Rotation Value: Core Candidate with 50.6 production and 72.1 impact scores.
203014,Nneka Ogwumike,1611661320,LAS,F,17,18,0.9444444444444444,539.0,539.0,17,287.0,17,sportsdataverse_player_box,Core Candidate,True,9.584107806691451,5.053438661710037,1.3592007434944238,0.9758364312267659,0.8364312267657992,1.625,20.114472608340147,0.6171171171171171,0.58,0.5092415,0.0707584999999999,0.255,-7.386601161541321,-1.2617929811855078,,-6.124808180355814,Usable,Strong Efficiency,Average Shot Quality Profile,Paint-Oriented,No Clear Shooting Specialty,Balanced / Low Risk,0.35,0.285,0.365,68.19746362123398,64.54874261840125,62.48412523919474,41.111111111111114,65.31746031746032,24.761904761904763,56.56189194502668,46,2,Rotation Value,Rotation Value: Core Candidate with 68.2 production and 41.1 impact scores.
1631086,Lexie Hull,1611661325,IND,G,20,20,1.0,405.0,405.0,20,165.0,20,sportsdataverse_player_box,Core Candidate,True,5.257639304973038,3.4152186938286397,0.8088675853804673,0.6740563211503894,0.7189934092270821,1.125,12.78825995807128,0.5518867924528302,0.5159574468085106,0.5235265957446809,-0.0075691489361702,0.2659574468085106,11.756426827516833,5.028989110968411,,6.7274377165484225,Low,Average Efficiency,Average Shot Quality Profile,Modern Shot Diet,Balanced Three-Level Scorer,Clean Shot Profile,0.2234042553191489,0.5425531914893617,0.2340425531914893,42.124117320336474,53.43935514096664,36.72105591717838,68.25396825396825,75.63492063492063,83.57142857142857,56.29848731728278,47,6,Rotation Value,Rotation Value: Core Candidate with 42.1 production and 68.3 impact scores.
1629482,Sophie Cunningham,1611661325,IND,G,19,20,0.95,436.0,436.0,19,26.0,19,sportsdataverse_player_box,Core Candidate,True,7.512451577199778,1.9507470946319867,1.079136690647482,0.37354731599335916,0.6640841173215274,1.625,14.62217860647694,0.6804511278195489,0.6336206896551724,0.5206685344827586,0.1129521551724137,0.3362068965517241,3.2177605288368625,-3.50967718771156,,6.7274377165484225,Usable,Elite Efficiency,Average Shot Quality Profile,Modern Shot Diet,Above-Break Spacer,Clean Shot Profile,0.2586206896551724,0.6637931034482758,0.0775862068965517,41.82482977861938,79.66848289981196,49.76053326433373,37.14285714285714,65.79365079365078,83.57142857142857,56.219063379346665,48,7,Rotation Value,Rotation Value: Core Candidate with 41.8 production and 37.1 impact scores.
201886,DeWanna Bonner,1611661317,PHX,F,21,21,1.0,551.0,551.0,21,121.0,21,sportsdataverse_player_box,Core Candidate,True,6.419696272434423,3.658536585365854,0.8628624022089278,1.3805798435342844,0.5522319374137138,1.5625,16.979591836734695,0.4818652849740932,0.4293785310734463,0.5252559322033898,-0.0958774011299435,0.2146892655367231,1.6653789588543617,2.157432951806001,,-0.49205399295163943,Usable,Low Efficiency,Average Shot Quality Profile,Modern Shot Diet,No Clear Shooting Specialty,Clean Shot Profile,0.2711864406779661,0.519774011299435,0.2090395480225989,58.11447727253784,32.54120813885153,51.057994414759506,67.93650793650794,86.66666666666667,51.66666666666667,56.11619502875362,49,3,Rotation Value,Rotation Value: Core Candidate with 58.1 production and 67.9 impact scores.
1629497,Marina Mabrey,1611661332,TOR,G,19,20,0.95,545.0,545.0,19,277.0,19,sportsdataverse_player_box,Core Candidate,True,13.553402433528618,2.2983325822442544,2.365930599369085,0.9801712483100495,1.8589454709328526,1.2727272727272727,30.73836276083467,0.6097560975609756,0.5668896321070234,0.4900723728813559,0.0768172592256674,0.2408026755852843,-3.0746797293235346,-1.8096082510891875,,-1.265071478234347,Strong,Strong Efficiency,Average Shot Quality Profile,Modern Shot Diet,Above-Break Spacer,Clean Shot Profile,0.1538461538461538,0.5618729096989967,0.2842809364548495,56.85842395347034,59.9291476539787,58.39057909545857,46.507936507936506,71.03174603174602,44.761904761904766,55.839974764434494,50,4,Rotation Value,Rotation Value: Core Candidate with 56.9 production and 46.5 impact scores.
1628276,Kelsey Plum,1611661320,LAS,G,12,18,0.6666666666666666,415.0,415.0,12,194.0,12,sportsdataverse_player_box,Core Candidate,True,13.085106382978724,1.1854103343465048,3.5106382978723403,0.6382978723404256,1.6869300911854104,2.081081081081081,27.19486081370449,0.652073732718894,0.6090425531914894,0.4896692513368984,0.1193733018545909,0.3829787234042553,-0.6252716162162812,5.499536564139532,,-6.124808180355814,Usable,Strong Efficiency,Average Shot Quality Profile,Balanced Shot Diet,No Clear Shooting Specialty,Clean Shot Profile,0.2234042553191489,0.4308510638297872,0.3457446808510638,48.85497772352314,72.86659900487659,71.81597754690216,55.71428571428572,44.92063492063492,24.761904761904763,55.670571975002545,51,3,Rotation Value,Rotation Value: Core Candidate with 48.9 production and 55.7 impact scores.
1642792,Kiki Iriafen,1611661322,WAS,F,16,19,0.8421052631578947,450.0,450.0,16,179.0,16,sportsdataverse_player_box,Core Candidate,True,10.46119235095613,6.2429696287964,1.138920134983127,0.8014623172103488,1.1811023622047243,0.9642857142857143,24.481737413622906,0.5636363636363636,0.5451977401129944,0.5225909090909091,0.0226068310220852,0.5084745762711864,-0.7874015748031695,2.14711376635357,,-2.9345153411567395,Usable,Average Efficiency,Average Shot Quality Profile,Paint-Oriented,Rim Pressure Finisher,Clean Shot Profile,0.5819209039548022,0.1129943502824858,0.3050847457627118,60.80188597990103,67.61354482685275,47.82978893491291,51.904761904761905,56.19047619047618,31.428571428571427,55.04050594343989,52,2,Rotation Value,Rotation Value: Core Candidate with 60.8 production and 51.9 impact scores.
1643428,Flau'jae Johnson,1611661328,SEA,G,22,22,1.0,623.0,623.0,22,321.0,22,sportsdataverse_player_box,Core Candidate,True,8.191230207064555,3.6540803897685747,1.8270401948842874,1.2789281364190013,1.46163215590743,1.25,24.090247452692868,0.4752650176678445,0.4216867469879518,0.5103171370967742,-0.0886303901088224,0.2931726907630522,0.7105545305764025,7.130294290747543,,-6.41973976017114,Usable,Low Efficiency,Average Shot Quality Profile,Diversified Shot Profile,No Clear Shooting Specialty,Clean Shot Profile,0.2931726907630522,0.3855421686746988,0.321285140562249,59.114493185209085,30.904436431381498,54.677253208959165,72.85714285714285,91.90476190476188,17.61904761904762,54.68490808773196,53,1,Rotation Value,Rotation Value: Core Candidate with 59.1 production and 72.9 impact scores.
1643493,Noemie Brochant,1611661317,PHX,F,20,21,0.9523809523809523,456.0,456.0,20,236.0,20,sportsdataverse_player_box,Core Candidate,True,5.2668539325842705,2.106741573033708,1.7275280898876404,1.1376404494382024,0.6741573033707866,2.5625,12.765957446808512,0.5681818181818182,0.5654205607476636,0.5115733644859812,0.0538471962616823,0.0654205607476635,-3.958658444818141,-3.466604451866502,,-0.49205399295163943,Usable,Average Efficiency,Average Shot Quality Profile,Perimeter-Leaning,Balanced Three-Level Scorer,Clean Shot Profile,0.1682242990654205,0.5233644859813084,0.308411214953271,52.504219509995814,52.56329632105061,63.946069743369556,44.76190476190476,72.77777777777777,51.66666666666667,54.6274500000399,54,4,Rotation Value,Rotation Value: Core Candidate with 52.5 production and 44.8 impact scores.
203400,Skylar Diggins,1611661329,CHI,G,19,20,0.95,553.0,553.0,19,353.0,19,sportsdataverse_player_box,Core Candidate,True,8.998661909009813,2.007136485280999,3.1110615521855487,0.9701159678858162,1.1039250669045495,2.8181818181818183,22.980392156862745,0.5134615384615384,0.4504504504504504,0.500772972972973,-0.0503225225225225,0.4009009009009009,-5.965916099331139,-3.2706661048110703,,-2.6952499945200685,Usable,Low Efficiency,Average Shot Quality Profile,Diversified Shot Profile,No Clear Shooting Specialty,Midrange-Heavy Risk,0.2612612612612612,0.3063063063063063,0.4324324324324324,60.84293056846881,40.93756687102727,80.90287099263367,39.68253968253968,71.66666666666666,37.857142857142854,54.4225655541066,55,4,Rotation Value,Rotation Value: Core Candidate with 60.8 production and 39.7 impact scores.
1628279,Brittney Sykes,1611661332,TOR,G,15,20,0.75,477.0,477.0,15,227.0,15,sportsdataverse_player_box,Core Candidate,True,11.819371727748692,2.2382198952879584,2.0418848167539267,1.0602094240837696,1.3743455497382198,1.4857142857142858,28.39851024208566,0.5462962962962963,0.4561403508771929,0.5008133771929825,-0.0446730263157895,0.4561403508771929,-1.55153508771933,-0.28646360948498284,,-1.265071478234347,Usable,Low Efficiency,Average Shot Quality Profile,Diversified Shot Profile,No Clear Shooting Specialty,Balanced / Low Risk,0.3245614035087719,0.2587719298245614,0.4166666666666666,58.87596325334816,47.01199850740658,64.25043597419815,54.12698412698413,53.25396825396825,44.761904761904766,54.38594003793221,56,5,Rotation Value,Rotation Value: Core Candidate with 58.9 production and 54.1 impact scores.
203855,Stephanie Talbot,1611661319,LVA,F,22,21,1.0476190476190477,415.0,415.0,22,204.0,21,sportsdataverse_player_box,Core Candidate,True,3.870358716173694,3.1623662680931406,1.3687853996224042,0.8967904342353682,0.7551919446192574,1.8125,10.472972972972972,0.5324675324675324,0.5142857142857142,0.537475,-0.0231892857142858,0.2142857142857142,1.8187060571783604,-4.0713353328915645,,5.890041390069925,Low,Average Efficiency,High-Quality Shot Profile,Modern Shot Diet,No Clear Shooting Specialty,Clean Shot Profile,0.1428571428571428,0.6285714285714286,0.2285714285714286,47.07866593215797,50.45700680010158,51.154404510040095,44.92063492063492,88.17460317460318,69.76190476190476,54.31200629734359,57,5,Rotation Value,Rotation Value: Core Candidate with 47.1 production and 44.9 impact scores.
1630142,Leonie Fiebich,1611661313,NYL,F,15,21,0.7142857142857143,440.0,440.0,15,158.0,14,sportsdataverse_player_box,Core Candidate,True,6.60377358490566,1.6981132075471697,1.2264150943396226,0.8490566037735848,1.179245283018868,1.04,15.515288788221971,0.6194690265486725,0.5784313725490197,0.5209176470588236,0.057513725490196,0.2352941176470588,9.1729444658056,2.6429340471486285,,6.530010418656971,Usable,Strong Efficiency,Average Shot Quality Profile,Modern Shot Diet,Corner Spacer,Clean Shot Profile,0.2156862745098039,0.5882352941176471,0.196078431372549,38.24520112985017,67.17584822488652,37.039687736129125,64.92063492063492,50.07936507936508,76.19047619047619,54.163534198970325,58,6,Rotation Value,Rotation Value: Core Candidate with 38.2 production and 64.9 impact scores.
1629567,Natisha Hiedeman,1611661328,SEA,G,22,22,1.0,633.0,633.0,22,303.0,22,sportsdataverse_player_box,Core Candidate,True,10.195921631347462,1.5893642542982807,2.968812475009996,0.8696521391443424,1.5593762495002,1.9038461538461537,24.320457796852647,0.5833333333333334,0.5449438202247191,0.4716739700374531,0.073269850187266,0.2059925093632958,-3.851328882408609,2.568410877762531,,-6.41973976017114,Strong,Average Efficiency,Tough-Shot Maker,Perimeter-Leaning,Above-Break Spacer,High Variance Profile,0.1348314606741573,0.4868913857677903,0.3782771535580524,49.04081347596138,50.88779603179187,67.35267220650057,50.95238095238094,92.14285714285715,17.61904761904762,53.70733007299047,59,2,Rotation Value,Rotation Value: Core Candidate with 49.0 production and 51.0 impact scores.
1631022,Shakira Austin,1611661322,WAS,C,18,19,0.9473684210526315,523.0,523.0,18,183.0,18,sportsdataverse_player_box,Core Candidate,True,8.680057388809182,5.918220946915351,1.8651362984218076,1.327116212338594,2.116212338593974,0.8813559322033898,23.936613844870724,0.5285087719298246,0.4735449735449735,0.4890108465608466,-0.0154658730158731,0.4867724867724867,-2.26039303227698,0.6741223088797597,,-2.9345153411567395,Usable,Low Efficiency,Average Shot Quality Profile,Unavailable Shot Diet,No Clear Shooting Specialty,Midrange-Heavy Risk,0.4179894179894179,,0.4708994708994709,62.6420904299427,47.28518160956213,44.362070219831935,60.31746031746032,66.26984126984128,31.428571428571427,53.60520279570623,60,3,Rotation Value,Rotation Value: Core Candidate with 62.6 production and 60.3 impact scores.
1631044,Naz Hillmon,1611661330,ATL,F,20,21,0.9523809523809523,593.0,593.0,20,212.0,20,sportsdataverse_player_box,Core Candidate,True,5.472103004291846,3.090128755364807,0.9334763948497854,0.5472103004291845,0.6437768240343348,1.45,12.8,0.5448717948717948,0.5103448275862069,0.5581248275862069,-0.0477799999999999,0.193103448275862,7.998679657889909,2.333804646734052,,5.664875011155857,Usable,Average Efficiency,High-Quality Shot Profile,Modern Shot Diet,No Clear Shooting Specialty,Clean Shot Profile,0.4275862068965517,0.4896551724137931,0.0827586206896551,42.439723685303946,48.85705484180618,45.03707712573686,57.14285714285714,77.85714285714285,64.52380952380953,52.80357012521442,61,5,Rotation Value,Rotation Value: Core Candidate with 42.4 production and 57.1 impact scores.
1628508,Cecilia Zandalasini,1611661331,GSV,F,17,21,0.8095238095238095,305.0,305.0,17,205.0,17,sportsdataverse_player_box,Core Candidate,True,9.80565371024735,2.1201413427561837,1.8551236749116606,1.1263250883392226,1.9876325088339224,0.9333333333333333,25.15432098765432,0.5488721804511278,0.5121951219512195,0.4574934959349593,0.0547016260162602,0.2113821138211382,3.022584320519428,-4.991701179160742,,8.01428549968017,Usable,Average Efficiency,Tough-Shot Maker,Perimeter-Leaning,No Clear Shooting Specialty,High Variance Profile,0.048780487804878,0.5447154471544715,0.4065040650406504,50.40915064475366,43.48603627515428,46.334541152424585,50.79365079365079,51.98412698412699,90.47619047619048,52.654437993844866,62,7,Rotation Value,Rotation Value: Core Candidate with 50.4 production and 50.8 impact scores.
1629481,Arike Ogunbowale,1611661321,DAL,G,21,21,1.0,603.0,603.0,21,304.0,21,sportsdataverse_player_box,Core Candidate,True,8.695193929173694,2.0552276559865095,1.83389544688027,0.5691399662731871,0.916947723440135,2.0,22.852983988355167,0.4771929824561403,0.4153543307086614,0.4855190476190476,-0.0701647169103861,0.2874015748031496,2.2488397488397425,-2.5761125606326942,,4.824952309472437,Strong,Low Efficiency,Tough Shot Profile,Perimeter-Leaning,No Clear Shooting Specialty,High Variance Profile,0.1456692913385826,0.4763779527559055,0.3779527559055118,52.80881582194378,26.435958299066943,74.28913857143586,41.111111111111114,87.93650793650794,58.333333333333336,52.48197275022107,63,6,Rotation Value,Rotation Value: Core Candidate with 52.8 production and 41.1 impact scores.
1631141,Jade Melbourne,1611661328,SEA,G,21,22,0.9545454545454546,487.0,487.0,21,118.0,21,sportsdataverse_player_box,Core Candidate,True,7.216761510605277,1.7071908949818935,3.1039834454216244,0.9699948266942575,1.396792550439731,2.2222222222222223,18.08118081180812,0.58125,0.484251968503937,0.5156356,-0.0313836314960629,0.5984251968503937,-6.722462376434763,-0.3027226162636225,,-6.41973976017114,Usable,Average Efficiency,Average Shot Quality Profile,Modern Shot Diet,No Clear Shooting Specialty,Clean Shot Profile,0.4015748031496063,0.3385826771653543,0.2598425196850393,48.35793002920607,58.88802157109209,64.29480634147495,44.12698412698413,79.44444444444446,17.61904761904762,52.0430538044872,64,3,Rotation Value,Rotation Value: Core Candidate with 48.4 production and 44.1 impact scores.
1629484,Megan Gustafson,1611661327,PDX,C,21,21,1.0,466.0,466.0,21,206.0,21,sportsdataverse_player_box,Core Candidate,True,10.21798365122616,3.310626702997275,0.8991825613079019,0.8174386920980927,0.4904632152588556,1.8333333333333333,19.468186134852804,0.6476683937823834,0.611731843575419,0.5032938547486033,0.1084379888268156,0.2067039106145251,-11.759954193721597,-3.303702240118099,,-8.456251953603498,Usable,Strong Efficiency,Average Shot Quality Profile,Modern Shot Diet,No Clear Shooting Specialty,Clean Shot Profile,0.3966480446927374,0.3463687150837988,0.2569832402234637,59.291062206168114,66.48648276962261,61.84177847943229,28.73015873015873,82.6984126984127,3.8095238095238098,51.79315427420679,65,1,Rotation Value,Rotation Value: Core Candidate with 59.3 production and 28.7 impact scores.
1642321,Sydney Taylor,1611661329,CHI,G,18,20,0.9,326.0,326.0,18,26.0,18,sportsdataverse_player_box,Core Candidate,True,11.902173913043478,1.25,1.3043478260869565,1.0326086956521738,1.4673913043478262,0.8888888888888888,27.318932655654383,0.5771276595744681,0.5266272189349113,0.5283089820359281,-0.0016817631010168,0.2781065088757396,0.20479966391849302,2.9000496584385616,,-2.6952499945200685,Usable,Average Efficiency,Average Shot Quality Profile,Modern Shot Diet,No Clear Shooting Specialty,Clean Shot Profile,0.2662721893491124,0.5562130177514792,0.1775147928994082,44.905790166423806,58.84363066931079,44.74458822686159,61.111111111111114,57.46031746031746,37.857142857142854,51.4608301634656,66,5,Rotation Value,Rotation Value: Core Candidate with 44.9 production and 61.1 impact scores.
1643505,Jovana Nogic,1611661317,PHX,G,16,21,0.7619047619047619,321.0,321.0,16,73.0,16,sportsdataverse_player_box,Core Candidate,True,9.849683544303797,1.0087025316455696,1.5427215189873418,0.5933544303797469,1.3647151898734178,1.1304347826086956,21.974965229485395,0.6037037037037037,0.5546218487394958,0.5143050847457628,0.040316763993733,0.3193277310924369,2.291851833306197,2.7839058262578362,,-0.49205399295163943,Usable,Average Efficiency,Average Shot Quality Profile,Modern Shot Diet,Above-Break Spacer,Clean Shot Profile,0.1596638655462184,0.6386554621848739,0.2016806722689075,40.300017503938385,64.66115287255471,49.61263568334289,53.80952380952382,49.36507936507937,51.66666666666667,51.314209668076344,67,5,Rotation Value,Rotation Value: Core Candidate with 40.3 production and 53.8 impact scores.
1642782,Sarah Ashlee Barker,1611661327,PDX,G,21,21,1.0,535.0,535.0,21,204.0,21,sportsdataverse_player_box,Core Candidate,True,8.050847457627118,3.248587570621469,1.730225988700565,0.9533898305084745,1.5889830508474576,1.0888888888888888,19.520264681555005,0.5968586387434555,0.5722222222222222,0.5183643258426966,0.0538578963795255,0.1611111111111111,-6.527521634274379,1.9287303193291194,,-8.456251953603498,Usable,Strong Efficiency,Average Shot Quality Profile,Modern Shot Diet,Corner Spacer,Clean Shot Profile,0.3166666666666666,0.4166666666666666,0.2666666666666666,50.72689031799832,60.19021214446617,44.82381591678107,48.888888888888886,85.55555555555556,3.8095238095238098,50.157623110195686,68,2,Rotation Value,Rotation Value: Core Candidate with 50.7 production and 48.9 impact scores.
1642303,Leila Lacan,1611661323,CON,G,11,20,0.55,311.0,311.0,11,200.0,11,sportsdataverse_player_box,Core Candidate,True,8.519900497512438,0.808457711442786,3.1094527363184077,1.492537313432836,1.1815920398009951,2.6315789473684212,23.69186046511628,0.4756944444444444,0.4418604651162791,0.4825686046511628,-0.0407081395348837,0.2635658914728682,-4.7425459346463015,3.0988163443766723,,-7.841362279022974,Usable,Low Efficiency,Tough Shot Profile,Diversified Shot Profile,No Clear Shooting Specialty,Balanced / Low Risk,0.2170542635658914,0.3643410852713178,0.4186046511627906,58.11948041844769,28.694857245541698,79.05991113654494,64.44444444444444,38.80952380952381,10.714285714285714,49.96909806547184,69,2,Rotation Value,Rotation Value: Core Candidate with 58.1 production and 64.4 impact scores.
1643427,Lauren Betts,1611661322,WAS,C,19,19,1.0,306.0,306.0,19,58.0,19,sportsdataverse_player_box,Core Candidate,True,7.525083612040134,4.2015050167224075,0.8779264214046822,1.0033444816053512,1.12876254180602,0.7777777777777778,17.77456647398844,0.5714285714285714,0.5393258426966292,0.4856460674157303,0.0536797752808989,0.3932584269662921,-3.507520910059469,-0.5730055689027296,,-2.9345153411567395,Low,Average Efficiency,Tough-Shot Maker,Unavailable Shot Diet,Rim Pressure Finisher,Midrange-Heavy Risk,0.5168539325842697,,0.4831460674157303,52.543744564749296,59.120295878223445,33.3441422298493,49.36507936507937,68.09523809523809,31.428571428571427,49.78701347670624,70,4,Rotation Value,Rotation Value: Core Candidate with 52.5 production and 49.4 impact scores.
204333,Natasha Cloud,1611661329,CHI,G,19,20,0.95,513.0,513.0,19,32.0,19,sportsdataverse_player_box,Core Candidate,True,6.288708909004288,2.358265840876608,2.7870414483087185,0.8932825154835636,1.6436398284897569,1.6956521739130435,17.0194750211685,0.567741935483871,0.5077519379844961,0.497866015625,0.0098859223594961,0.4263565891472868,-4.57272616667484,-1.877476172154772,,-2.6952499945200685,Usable,Average Efficiency,Average Shot Quality Profile,Diversified Shot Profile,Balanced Three-Level Scorer,Clean Shot Profile,0.2790697674418604,0.4186046511627907,0.3023255813953488,46.346519886166305,55.080870508352746,53.56496839122348,40.79365079365079,69.12698412698411,37.857142857142854,49.4946921890385,71,6,Rotation Value,Rotation Value: Core Candidate with 46.3 production and 40.8 impact scores.
1629524,Bridget Carleton,1611661327,PDX,F,20,21,0.9523809523809523,607.0,607.0,20,127.0,20,sportsdataverse_player_box,Core Candidate,True,8.699748743718592,2.2613065326633164,1.1306532663316582,1.3190954773869348,0.9108040201005025,1.2413793103448276,19.912472647702405,0.555327868852459,0.5067873303167421,0.4916162895927601,0.0151710407239819,0.2669683257918552,-9.22616124914073,-0.7699092955372322,,-8.456251953603498,Usable,Average Efficiency,Average Shot Quality Profile,Modern Shot Diet,No Clear Shooting Specialty,Clean Shot Profile,0.1040723981900452,0.5972850678733032,0.2986425339366516,56.7220518556069,46.47399376007935,51.25203481151338,46.82539682539683,78.65079365079366,3.8095238095238098,48.77422804875572,72,3,Rotation Value,Rotation Value: Core Candidate with 56.7 production and 46.8 impact scores.
1628922,Azura Stevens,1611661329,CHI,F,15,20,0.75,346.0,346.0,15,195.0,15,sportsdataverse_player_box,Core Candidate,True,8.616329479768787,4.877167630057803,1.8966763005780347,1.0296242774566473,1.1921965317919074,1.5909090909090908,23.25,0.4847560975609756,0.42,0.5410273333333333,-0.1210273333333333,0.2666666666666666,-9.047415188313778,-6.352165193793709,,-2.6952499945200685,Usable,Low Efficiency,High-Quality Shot Profile,Modern Shot Diet,No Clear Shooting Specialty,Clean Shot Profile,0.3933333333333333,0.3533333333333333,0.2533333333333333,65.98309619664425,36.188985430711305,65.81340716582697,32.85714285714286,48.095238095238095,37.857142857142854,48.77224887684404,73,7,Rotation Value,Rotation Value: Core Candidate with 66.0 production and 32.9 impact scores.
1642798,Dominique Malonga,1611661328,SEA,C,14,22,0.6363636363636364,359.0,359.0,14,146.0,14,sportsdataverse_player_box,Core Candidate,True,12.41234221598878,5.364656381486676,0.9467040673211781,1.4726507713884993,1.788218793828892,0.5294117647058824,31.53942428035044,0.5412844036697247,0.5103626943005182,0.4730002590673575,0.0373624352331606,0.2849740932642487,-3.8421590998505195,2.5775806603206206,,-6.41973976017114,Usable,Average Efficiency,Tough Shot Profile,Midrange-Heavy,Midrange Specialist,Midrange-Heavy Risk,0.3212435233160621,0.1398963730569948,0.538860103626943,60.77931852848709,45.13830051553149,35.76685184616325,64.28571428571429,44.52380952380952,17.61904761904762,48.65894608358113,74,4,Rotation Value,Rotation Value: Core Candidate with 60.8 production and 64.3 impact scores.
203828,Stefanie Dolson,1611661328,SEA,C,22,22,1.0,421.0,421.0,22,69.0,22,sportsdataverse_player_box,Core Candidate,True,4.345202172601086,2.5799637899818952,1.2220881110440553,0.9052504526252263,0.9052504526252263,1.35,10.73752711496746,0.6075949367088608,0.5597014925373134,0.5125805970149254,0.0471208955223879,0.3582089552238806,-7.1294523561826395,-0.7097125960114994,,-6.41973976017114,Low,Average Efficiency,Average Shot Quality Profile,Modern Shot Diet,Perimeter Volume Threat,Clean Shot Profile,0.208955223880597,0.5522388059701493,0.2388059701492537,43.1446327949041,66.84734931728521,41.182035416295385,40.79365079365079,83.65079365079364,17.61904761904762,48.61864766034166,75,5,Rotation Value,Rotation Value: Core Candidate with 43.1 production and 40.8 impact scores.
204319,Jewell Loyd,1611661319,LVA,G,20,21,0.9523809523809523,563.0,563.0,20,20.0,19,sportsdataverse_player_box,Core Candidate,True,5.539971949509116,1.718092566619916,0.9467040673211781,0.876577840112202,0.5960729312762972,1.588235294117647,14.683544303797468,0.5031847133757962,0.4795918367346938,0.502501724137931,-0.0229098874032372,0.1564625850340136,3.101720700870885,-2.7883206891990397,,5.890041390069925,Usable,Average Efficiency,Average Shot Quality Profile,Modern Shot Diet,No Clear Shooting Specialty,Clean Shot Profile,0.0612244897959183,0.7142857142857143,0.2244897959183673,39.41389464144584,34.721989806723826,49.36346180329889,48.25396825396825,77.53968253968253,69.76190476190476,48.58334327315344,76,6,Rotation Value,Rotation Value: Core Candidate with 39.4 production and 48.3 impact scores.
1631083,Emily Engstler,1611661327,PDX,F,21,21,1.0,492.0,492.0,21,,21,sportsdataverse_player_box,Core Candidate,True,7.137345679012346,4.166666666666666,1.234567901234568,2.700617283950617,1.736111111111111,0.7111111111111111,19.17562724014337,0.5473372781065089,0.5196078431372549,0.5165493421052632,0.0030585010319917,0.2287581699346405,-9.876543209876544,-1.420291256273046,,-8.456251953603498,Usable,Average Efficiency,Average Shot Quality Profile,Balanced Shot Diet,No Clear Shooting Specialty,Clean Shot Profile,0.3137254901960784,0.3790849673202614,0.3071895424836601,56.695023046852214,49.801329214949035,31.15031063053759,53.65079365079365,84.04761904761905,3.8095238095238098,48.32244121515651,77,4,Rotation Value,Rotation Value: Core Candidate with 56.7 production and 53.7 impact scores.
1643449,Charlisse Leger-Walker,1611661323,CON,G,20,20,1.0,412.0,412.0,20,124.0,20,sportsdataverse_player_box,Core Candidate,True,6.57334144856969,1.6889835666463784,2.556299452221546,0.8673158855751674,1.1412051125989044,2.24,17.175974710221286,0.5217391304347826,0.475,0.4729758474576271,0.0020241525423728,0.3416666666666667,-6.038823442246411,1.802538836776563,,-7.841362279022974,Usable,Low Efficiency,Tough Shot Profile,Diversified Shot Profile,No Clear Shooting Specialty,Balanced / Low Risk,0.2333333333333333,0.35,0.4166666666666666,47.84541622875247,40.677153327300616,66.61709362090737,46.031746031746025,75.95238095238095,10.714285714285714,47.96236463880022,78,3,Rotation Value,Rotation Value: Core Candidate with 47.8 production and 46.0 impact scores.
1630446,Michaela Onyenwere,1611661322,WAS,F,15,19,0.7894736842105263,387.0,387.0,15,147.0,15,sportsdataverse_player_box,Core Candidate,True,8.241758241758241,2.1816418875242407,1.0180995475113122,0.4363283775048481,1.5029088558500325,0.6774193548387096,18.4180790960452,0.6439393939393939,0.588495575221239,0.5186283185840708,0.0698672566371682,0.3805309734513274,4.4343044343044085,7.368819775461148,,-2.9345153411567395,Usable,Strong Efficiency,Average Shot Quality Profile,Modern Shot Diet,Balanced Three-Level Scorer,Clean Shot Profile,0.3628318584070796,0.3982300884955753,0.2389380530973451,32.6644151499744,75.71150956387484,28.22664510774113,58.412698412698404,50.47619047619048,31.428571428571427,47.415418339445615,79,5,Rotation Value,Rotation Value: Core Candidate with 32.7 production and 58.4 impact scores.
1642304,Carla Leite,1611661327,PDX,G,19,21,0.9047619047619048,484.0,484.0,19,94.0,19,sportsdataverse_player_box,Core Candidate,True,11.406249999999998,1.7578125,4.1796875,0.5078125,2.4218750000000004,1.7258064516129032,28.545288197621225,0.58,0.4773869346733668,0.4670790404040404,0.0103078942693263,0.5778894472361809,-6.6449724880343695,1.8112794655691289,,-8.456251953603498,Usable,Average Efficiency,Tough Shot Profile,Midrange-Heavy,No Clear Shooting Specialty,Midrange-Heavy Risk,0.3015075376884422,0.1959798994974874,0.5025125628140703,46.279572499772044,52.148516712370466,66.97787542878834,38.41269841269841,66.5873015873016,3.8095238095238098,46.76850000395758,80,5,Rotation Value,Rotation Value: Core Candidate with 46.3 production and 38.4 impact scores.
1629568,Kennedy Burke,1611661323,CON,G,19,20,0.95,457.0,457.0,19,85.0,19,sportsdataverse_player_box,Core Candidate,True,6.3351498637602175,2.6158038147138964,1.2670299727520435,1.430517711171662,1.2670299727520435,1.0,17.238183503243746,0.4870967741935484,0.4444444444444444,0.5022137037037037,-0.0577692592592592,0.362962962962963,-3.702990950409017,4.138371328613957,,-7.841362279022974,Usable,Low Efficiency,Average Shot Quality Profile,Modern Shot Diet,No Clear Shooting Specialty,Clean Shot Profile,0.2740740740740741,0.4666666666666667,0.2592592592592592,49.57257403117721,36.01120545255011,38.08305434551215,66.66666666666667,67.22222222222221,10.714285714285714,46.43482687711528,81,4,Rotation Value,Rotation Value: Core Candidate with 49.6 production and 66.7 impact scores.
1643447,Gabriela Jaquez,1611661329,CHI,G,16,20,0.8,376.0,376.0,16,107.0,16,sportsdataverse_player_box,Core Candidate,True,6.8359375,3.22265625,0.927734375,0.732421875,1.123046875,0.8260869565217391,17.4364896073903,0.54296875,0.4629629629629629,0.5267569444444444,-0.0637939814814815,0.4351851851851852,0.559625559625573,3.2548755541456416,,-2.6952499945200685,Usable,Low Efficiency,Average Shot Quality Profile,Paint-Oriented,No Clear Shooting Specialty,Clean Shot Profile,0.3888888888888889,0.287037037037037,0.324074074074074,43.36960007920974,51.396709876696015,34.26760150548919,54.92063492063492,52.063492063492056,37.857142857142854,46.238072697155495,82,8,Rotation Value,Rotation Value: Core Candidate with 43.4 production and 54.9 impact scores.
1627674,Kahleah Copper,1611661317,PHX,G,20,21,0.9523809523809523,651.0,651.0,20,210.0,20,sportsdataverse_player_box,Core Candidate,True,12.04572098475967,2.227432590855803,1.0550996483001174,0.46893317702227433,1.4361078546307153,0.7346938775510204,29.66042966042966,0.5343007915567283,0.45625,0.5120837500000001,-0.05583375,0.459375,-2.7771329857157525,-2.285078992764113,,-0.49205399295163943,Strong,Low Efficiency,Average Shot Quality Profile,Diversified Shot Profile,No Clear Shooting Specialty,Balanced / Low Risk,0.2625,0.384375,0.353125,40.55574878084942,47.495387904675724,40.72438877612025,34.920634920634924,80.55555555555556,51.66666666666667,45.953022298914746,83,6,Rotation Value,Rotation Value: Core Candidate with 40.6 production and 34.9 impact scores.
1643443,Awa Fam,1611661328,SEA,C,16,22,0.7272727272727273,469.0,469.0,16,210.0,16,sportsdataverse_player_box,Core Candidate,True,7.771181867242309,3.2784673502428494,1.1332973556395036,1.0928224500809498,1.4166216945493795,0.8,18.16443594646272,0.6193548387096774,0.5986394557823129,0.4926332191780821,0.1060062366042308,0.1360544217687075,-6.012842557514276,0.40689720265686447,,-6.41973976017114,Usable,Strong Efficiency,Average Shot Quality Profile,Diversified Shot Profile,Balanced Three-Level Scorer,Balanced / Low Risk,0.2448979591836734,0.3877551020408163,0.3673469387755101,47.991928992104036,58.81718939525213,31.635364691414868,50.63492063492063,54.20634920634921,17.61904761904762,45.816248640312466,84,6,Rotation Value,Rotation Value: Core Candidate with 48.0 production and 50.6 impact scores.
1629576,Maria Conde,1611661332,TOR,F,20,20,1.0,497.0,497.0,20,88.0,20,sportsdataverse_player_box,Core Candidate,True,5.992647058823529,3.4926470588235294,1.5073529411764708,0.40441176470588236,1.0661764705882353,1.4137931034482758,17.262423714036615,0.4792899408284023,0.4462025316455696,0.5185898734177216,-0.0723873417721519,0.1645569620253164,-2.3394241417497454,-1.0743526635153984,,-1.265071478234347,Usable,Low Efficiency,Average Shot Quality Profile,Modern Shot Diet,No Clear Shooting Specialty,Clean Shot Profile,0.240506329113924,0.5253164556962024,0.2341772151898734,45.15658548425921,29.840853602073498,52.91322641769129,36.19047619047619,79.92063492063492,44.761904761904766,44.90065026048241,85,6,Deep Watch,Deep Watch: Core Candidate with 45.2 production and 36.2 impact scores.
1641651,Jordan Horston,1611661328,SEA,F,17,22,0.7727272727272727,328.0,328.0,17,46.0,17,sportsdataverse_player_box,Core Candidate,True,4.508196721311475,3.747072599531616,1.639344262295082,1.6978922716627636,1.2295081967213115,1.3333333333333333,17.21194879089616,0.385,0.3532608695652174,0.4873135869565217,-0.1340527173913043,0.1739130434782608,-4.07035420881985,2.34938555135129,,-6.41973976017114,Low,Efficiency Concern,Tough Shot Profile,Diversified Shot Profile,No Clear Shooting Specialty,Midrange-Heavy Risk,0.2391304347826087,0.3369565217391304,0.4239130434782608,55.93029138626898,13.546988729452773,49.13573409932408,65.3968253968254,51.666666666666664,17.61904761904762,44.07026721529292,86,7,Deep Watch,Deep Watch: Core Candidate with 55.9 production and 65.4 impact scores.
1628878,Ariel Atkins,1611661320,LAS,G,16,18,0.8888888888888888,407.0,407.0,16,247.0,16,sportsdataverse_player_box,Core Candidate,True,6.05875152998776,1.9736842105263157,1.7900856793145654,1.4687882496940023,1.285189718482252,1.3928571428571428,18.85157096424702,0.4520547945205479,0.4080882352941176,0.4774970588235294,-0.0694088235294118,0.1617647058823529,-5.929765685863259,0.1950424944925544,,-6.124808180355814,Usable,Low Efficiency,Tough Shot Profile,Perimeter-Leaning,No Clear Shooting Specialty,Midrange-Heavy Risk,0.1176470588235294,0.4632352941176471,0.4191176470588235,49.28220617315664,17.96341679204268,54.167257067368695,56.82539682539683,55.952380952380956,24.761904761904763,43.47483139831094,87,4,Deep Watch,Deep Watch: Core Candidate with 49.3 production and 56.8 impact scores.
1630996,Rae Burrell,1611661320,LAS,G,18,18,1.0,478.0,478.0,18,198.0,18,sportsdataverse_player_box,Core Candidate,True,8.277462609592574,1.585869004641568,1.2764311500773595,0.7735946364105208,1.2764311500773595,1.0,20.398912058023573,0.5572916666666666,0.503030303030303,0.5249978787878788,-0.0219675757575757,0.3575757575757576,-9.965124988296978,-3.8403168079411643,,-6.124808180355814,Usable,Average Efficiency,Average Shot Quality Profile,Modern Shot Diet,No Clear Shooting Specialty,Clean Shot Profile,0.3575757575757576,0.3939393939393939,0.2484848484848484,38.236010678160156,56.37339956487417,43.900034883304876,27.61904761904762,72.61904761904762,24.761904761904763,42.680592576915366,88,5,Deep Watch,Deep Watch: Core Candidate with 38.2 production and 27.6 impact scores.
1630143,Luisa Geiselsoder,1611661327,PDX,C,17,21,0.8095238095238095,313.0,313.0,17,71.0,17,sportsdataverse_player_box,Core Candidate,True,5.615640599001664,3.057404326123128,1.6222961730449252,0.9359400998336107,1.0607321131447587,1.5294117647058822,16.71511627906977,0.4591836734693877,0.4293478260869565,0.4978983695652174,-0.0685505434782609,0.1413043478260869,-3.826955074875201,4.629296878728297,,-8.456251953603498,Low,Low Efficiency,Average Shot Quality Profile,Perimeter-Leaning,No Clear Shooting Specialty,Clean Shot Profile,0.1739130434782608,0.5217391304347826,0.3043478260869565,50.67435476012405,21.84398548113675,54.340888755737126,58.095238095238095,52.77777777777777,3.8095238095238098,42.46629687739671,89,6,Deep Watch,Deep Watch: Core Candidate with 50.7 production and 58.1 impact scores.
1643430,Cotie McMahon,1611661322,WAS,G,17,19,0.8947368421052632,353.0,353.0,17,51.0,17,sportsdataverse_player_box,Core Candidate,True,6.04493580599144,2.3002853067047075,1.7653352353780314,0.6419400855920114,1.12339514978602,1.5714285714285714,17.193426042983564,0.4913043478260869,0.4646464646464646,0.518615306122449,-0.0539688414759844,0.3737373737373737,-8.148600384627144,-5.214085043470405,,-2.9345153411567395,Low,Low Efficiency,Average Shot Quality Profile,Modern Shot Diet,No Clear Shooting Specialty,Clean Shot Profile,0.3333333333333333,0.3737373737373737,0.2929292929292929,44.799052008924235,43.763062713677854,56.28468834225339,25.873015873015873,56.587301587301596,31.428571428571427,42.37126927249512,90,6,Deep Watch,Deep Watch: Core Candidate with 44.8 production and 25.9 impact scores.
204365,Erica Wheeler,1611661320,LAS,G,18,18,1.0,492.0,492.0,18,122.0,18,sportsdataverse_player_box,Core Candidate,True,5.19464105156724,1.1375126390293224,3.185035389282103,0.7962588473205259,1.365015166835187,2.3333333333333335,16.87170474516696,0.4358974358974359,0.396551724137931,0.4804475352112676,-0.0838958110733366,0.1793103448275862,-3.6400404448938417,2.484767735461972,,-6.124808180355814,Usable,Efficiency Concern,Tough Shot Profile,Modern Shot Diet,No Clear Shooting Specialty,Clean Shot Profile,0.2137931034482758,0.503448275862069,0.2827586206896552,37.3571750613585,17.296601599495375,63.13954777338783,49.84126984126984,73.17460317460318,24.761904761904763,42.03145101315163,91,6,Deep Watch,Deep Watch: Core Candidate with 37.4 production and 49.8 impact scores.
1642809,Saniya Rivers,1611661323,CON,G,19,20,0.95,451.0,451.0,19,151.0,19,sportsdataverse_player_box,Core Candidate,True,5.594503645541223,1.977005047672462,2.6500280426247897,1.3039820527201347,1.346045989904655,1.96875,18.543046357615893,0.4054878048780488,0.3716216216216216,0.4761520979020979,-0.1045304762804762,0.2297297297297297,-12.059992953847726,-4.218630674824752,,-7.841362279022974,Usable,Efficiency Concern,Tough Shot Profile,Midrange-Heavy,No Clear Shooting Specialty,Midrange-Heavy Risk,0.2567567567567567,0.2702702702702703,0.472972972972973,49.612642642574386,16.451925748061598,64.02347186983219,37.77777777777778,66.74603174603173,10.714285714285714,40.59865389231804,92,5,Deep Watch,Deep Watch: Core Candidate with 49.6 production and 37.8 impact scores.
1642800,Aneesah Morrow,1611661323,CON,F,17,20,0.85,386.0,386.0,17,106.0,17,sportsdataverse_player_box,Core Candidate,True,8.672480620155039,7.703488372093023,1.2112403100775193,1.065891472868217,1.4534883720930232,0.8333333333333334,24.505494505494507,0.461340206185567,0.4325842696629213,0.5241689265536723,-0.091584656890751,0.2134831460674157,-12.25295123123766,-4.411588952214686,,-7.841362279022974,Usable,Low Efficiency,Average Shot Quality Profile,Modern Shot Diet,No Clear Shooting Specialty,Clean Shot Profile,0.4157303370786517,0.3089887640449438,0.2752808988764045,57.956624078801575,31.27084244429592,41.11315172308608,33.17460317460317,55.952380952380956,10.714285714285714,40.21188456860979,93,6,Deep Watch,Deep Watch: Core Candidate with 58.0 production and 33.2 impact scores.
1641649,Diamond Miller,1611661323,CON,F,20,20,1.0,427.0,427.0,20,246.0,20,sportsdataverse_player_box,Core Candidate,True,7.436899038461538,1.9831730769230769,1.1268028846153846,0.8112980769230769,0.9915865384615384,1.1363636363636365,20.833333333333336,0.4522471910112359,0.4025157232704403,0.5258525157232704,-0.1233367924528301,0.2955974842767295,-11.341391709609525,-3.500029430586551,,-7.841362279022974,Usable,Efficiency Concern,Average Shot Quality Profile,Modern Shot Diet,No Clear Shooting Specialty,Clean Shot Profile,0.3270440251572327,0.3773584905660377,0.2955974842767295,43.52999626936263,32.7663605383238,50.35916999862438,28.253968253968253,76.58730158730158,10.714285714285714,39.370599055751455,94,7,Deep Watch,Deep Watch: Core Candidate with 43.5 production and 28.3 impact scores.
1642781,Georgia Amoore,1611661322,WAS,G,19,19,1.0,443.0,443.0,19,123.0,19,sportsdataverse_player_box,Core Candidate,True,5.297723292469351,0.8756567425569177,3.1523642732049035,0.39404553415061294,1.838879159369527,1.7142857142857142,16.347124117053482,0.4916666666666666,0.4292452830188679,0.5124367924528302,-0.0831915094339623,0.3113207547169811,-5.347283757071807,-2.4127684159150675,,-2.9345153411567395,Usable,Low Efficiency,Average Shot Quality Profile,Modern Shot Diet,High-Volume Low-Efficiency Shooter,Clean Shot Profile,0.160377358490566,0.7075471698113207,0.1320754716981132,29.001774389136546,35.10100951757511,52.13397419133991,29.206349206349206,73.09523809523809,31.428571428571427,38.38439242315094,95,7,Deep Watch,Deep Watch: Core Candidate with 29.0 production and 29.2 impact scores.
1641660,Zia Cooke,1611661328,SEA,G,22,22,1.0,344.0,344.0,22,5.0,22,sportsdataverse_player_box,Core Candidate,True,9.347181008902076,2.392433234421365,1.3353115727002969,0.38946587537091987,1.446587537091988,0.9230769230769231,27.11640211640212,0.4664804469273743,0.4006410256410256,0.4699416129032258,-0.0693005872622001,0.3397435897435897,-9.426435232886845,-3.0066954727157054,,-6.41973976017114,Usable,Efficiency Concern,Tough Shot Profile,Diversified Shot Profile,No Clear Shooting Specialty,Midrange-Heavy Risk,0.1474358974358974,0.4038461538461538,0.4487179487179487,41.55608193661756,25.59820815443758,45.40872401311714,23.492063492063494,80.79365079365078,17.61904761904762,36.85965325669201,96,8,Deep Watch,Deep Watch: Core Candidate with 41.6 production and 23.5 impact scores.
1642296,Nyadiew Puoch,1611661327,PDX,F,20,21,0.9523809523809523,346.0,346.0,20,146.0,20,sportsdataverse_player_box,Core Candidate,True,3.663952627683198,1.831976313841599,0.9437453737971873,0.9437453737971873,0.7216876387860843,1.3076923076923077,13.154533844189016,0.3666666666666666,0.3430232558139535,0.5334668604651163,-0.1904436046511627,0.1511627906976744,-8.207535591556223,0.24871636204727565,,-8.456251953603498,Low,Efficiency Concern,Average Shot Quality Profile,Perimeter-Leaning,No Clear Shooting Specialty,Clean Shot Profile,0.3720930232558139,0.4883720930232558,,36.609532599380316,21.67700205094071,42.018460251843194,43.492063492063494,68.57142857142857,3.8095238095238098,35.72706053431764,97,7,Deep Watch,Deep Watch: Core Candidate with 36.6 production and 43.5 impact scores.
