player_id,player_name,off_poss,def_poss,on_pts_for,on_pts_against,off_court_off_poss,off_court_def_poss,off_court_pts_for,off_court_pts_against,on_ortg,on_drtg,on_net,off_ortg,off_drtg,off_net,ortg_swing,drtg_swing,net_swing,on_poss_share
201886,DeWanna Bonner,1955.0,1989.0,2061.0,2134.0,896.0,900.0,959.0,1014.0,105.42199488491049,107.29009552538965,-1.868100640479156,107.03125,112.66666666666667,-5.635416666666671,-1.6092551150895105,-5.376571141277026,3.7673160261875154,0.6857243072606103
202252,Alysha Clark,502.0,526.0,549.0,563.0,1381.0,1376.0,1560.0,1457.0,109.3625498007968,107.0342205323194,2.328329268477404,112.96162201303403,105.88662790697674,7.074994106057289,-3.599072212237232,1.1475926253426536,-4.746664837579885,0.2665958576739246
202664,Courtney Vandersloot,909.0,908.0,968.0,981.0,749.0,768.0,843.0,821.0,106.49064906490648,108.0396475770925,-1.5489985121860173,112.55006675567422,106.90104166666667,5.6490250890075515,-6.059417690767745,1.1386059104258237,-7.198023601193569,0.5482509047044632
203014,Nneka Ogwumike,2197.0,2215.0,2378.0,2547.0,669.0,671.0,689.0,728.0,108.23850705507509,114.98871331828443,-6.750206263209336,102.98953662182362,108.49478390461998,-5.505247282796361,5.248970433251472,6.493929413664446,-1.2449589804129744,0.7665736217725052
203024,Damiris Dantas,209.0,216.0,235.0,250.0,818.0,822.0,970.0,878.0,112.4401913875598,115.74074074074075,-3.3005493531809407,118.58190709046454,106.81265206812651,11.76925502233803,-6.141715702904733,8.928088672614237,-15.06980437551897,0.2035053554040896
203026,Tiffany Hayes,1079.0,1084.0,1235.0,1140.0,1458.0,1487.0,1578.0,1470.0,114.45783132530121,105.1660516605166,9.291779664784613,108.23045267489712,98.85675857431069,9.373694100586434,6.227378650404091,6.309293086205912,-0.08191443580182067,0.4253054789121009
203398,Brittney Griner,892.0,890.0,883.0,947.0,532.0,543.0,574.0,575.0,98.99103139013454,106.40449438202246,-7.413462991887926,107.89473684210526,105.89318600368325,2.0015508384220055,-8.903705451970723,0.5113083783392085,-9.415013830309931,0.6264044943820225
203400,Skylar Diggins,1115.0,1127.0,1186.0,1266.0,446.0,455.0,460.0,454.0,106.36771300448432,112.33362910381544,-5.965916099331125,103.13901345291481,99.78021978021978,3.358793672695029,3.2286995515695054,12.553409323595659,-9.324709772026154,0.7142857142857143
203405,Kayla Alexander,77.0,80.0,74.0,107.0,232.0,232.0,258.0,300.0,96.1038961038961,133.75,-37.646103896103895,111.20689655172413,129.31034482758622,-18.103448275862092,-15.103000447828023,4.439655172413779,-19.542655620241803,0.24919093851132687
203822,Rebekah Gardner,1055.0,1077.0,1133.0,1127.0,1751.0,1744.0,2031.0,1916.0,107.39336492890996,104.64252553389043,2.7508393950195256,115.99086236436322,109.8623853211009,6.128477043262322,-8.597497435453263,-5.219859787210467,-3.3776376482427963,0.3759800427655025
203824,Odyssey Sims,852.0,869.0,946.0,941.0,1341.0,1345.0,1543.0,1457.0,111.03286384976525,108.28538550057539,2.747478349189862,115.06338553318417,108.3271375464684,6.736247986715767,-4.030521683418925,-0.04175204589301984,-3.9887696375259054,0.38850889192886456
203825,Kayla McBride,2458.0,2492.0,2896.0,2611.0,565.0,568.0,609.0,557.0000000000001,117.8193653376729,104.7752808988764,13.044084438796503,107.78761061946902,98.06338028169016,9.724230337778863,10.031754718203885,6.711900617186245,3.31985410101764,0.8130995699636123
203826,Alyssa Thomas,2292.0,2314.0,2475.0,2545.0,409.0,420.0,378.0,451.0,107.98429319371728,109.98271391529819,-1.9984207215809136,92.42053789731052,107.38095238095238,-14.960414483641856,15.563755296406754,2.601761534345812,12.961993762060942,0.8485746019992595
203827,Natasha Howard,2227.0,2249.0,2646.0,2308.0,796.0,811.0,859.0,860.0,118.81454872025145,102.62338817252112,16.191160547730334,107.9145728643216,106.0419235511714,1.8726493131502053,10.899975855929853,-3.418535378650276,14.318511234580129,0.7366854118425405
203828,Stefanie Dolson,1127.0,1148.0,1134.0,1264.0,1850.0,1869.0,1946.0,2004.0,100.62111801242236,110.10452961672475,-9.48341160430239,105.18918918918918,107.223113964687,-2.033924775497823,-4.568071176766821,2.881415652037745,-7.449486828804567,0.37856902922405106
203833,Chelsea Gray,2430.0,2453.0,2792.0,2629.0,527.0,545.0,580.0000000000001,569.9999999999999,114.8971193415638,107.17488789237667,7.72223144918712,110.05692599620495,104.58715596330272,5.4697700329022325,4.840193345358841,2.5877319290739536,2.2524614162848877,0.821778829895164
203855,Stephanie Talbot,1251.0,1264.0,1346.0,1321.0,1786.0,1816.0,2097.0,1989.0,107.5939248601119,104.50949367088607,3.0844311892258247,117.41321388577828,109.52643171806167,7.8867821677166035,-9.819289025666379,-5.0169380471756,-4.802350978490779,0.4119196575567995
203866,Kayla Thornton,1660.0,1675.0,1828.0,1661.0,1026.0,1049.0,1143.0,1097.0,110.12048192771084,99.16417910447761,10.95630282323323,111.40350877192982,104.57578646329837,6.827722308631451,-1.2830268442189805,-5.41160735882076,4.128580514601779,0.6180193596425912
204296,Rebecca Allen,825.0,838.0,925.0,944.0,930.0,928.0,1035.0,1000.0,112.12121212121211,112.64916467780431,-0.5279525565921972,111.29032258064515,107.75862068965519,3.5317018909899645,0.8308895405669574,4.890543988149119,-4.059654447582162,0.4700854700854701
204319,Jewell Loyd,1922.0,1956.0,2185.0,2110.0,959.0,964.0,1088.0,1050.0,113.68366285119666,107.87321063394684,5.810452217249818,113.45151199165797,108.92116182572613,4.530350165931836,0.23215085953869163,-1.0479511917792905,1.2801020513179822,0.6671294689343977
204322,Elizabeth Williams,1260.0,1289.0,1321.0,1359.0,1785.0,1791.0,1909.0,1943.0,104.84126984126985,105.43056633048874,-0.5892964892188957,106.9467787114846,108.48687883863764,-1.540100127153039,-2.1055088702147486,-3.056312508148892,0.9508036379341434,0.41379310344827586
204323,Cheyenne Parker-Tyus,520.0,536.0,578.0,598.0,1474.0,1486.0,1701.0,1561.0,111.15384615384616,111.56716417910448,-0.4133180252583202,115.40027137042061,105.0471063257066,10.353165044714018,-4.246425216574451,6.520057853397887,-10.766483069972338,0.26078234704112335
204324,Dearica Hamby,2155.0,2164.0,2296.0,2452.0,794.0,807.0,872.0,918.0,106.5429234338747,113.3086876155268,-6.765764181652088,109.82367758186398,113.75464684014871,-3.9309692582847333,-3.2807541479892706,-0.44595922462191595,-2.8347949233673546,0.7307561885384877
204329,Kiah Stokes,1431.0,1440.0,1470.0,1444.0,1177.0,1205.0,1410.0,1243.0,102.72536687631026,100.27777777777777,2.4475890985324895,119.79609175870858,103.15352697095437,16.64256478775421,-17.070724882398324,-2.8757491931766026,-14.194975689221721,0.5486963190184049
204330,Isabelle Harrison,1104.0,1106.0,1179.0,1299.0,834.0,846.0,919.0,978.0,106.79347826086956,117.45027124773961,-10.656792986870045,110.19184652278177,115.60283687943263,-5.410990356650856,-3.3983682619122106,1.8474343683069776,-5.245802630219188,0.5696594427244582
204333,Natasha Cloud,2134.0,2155.0,2257.0,2324.0,831.0,842.0,875.0,894.9999999999999,105.76382380506091,107.84222737819024,-2.0784035731293358,105.29482551143201,106.29453681710213,-0.9997113056701181,0.4689982936288999,1.5476905610881175,-1.0786922674592176,0.7197301854974705
204335,Betnijah Laney-Hamilton,704.0,717.0,786.0,742.0,1041.0,1040.0,1136.0,1076.0,111.64772727272727,103.48675034867503,8.160976924052235,109.12584053794427,103.46153846153847,5.664302076405804,2.5218867347829956,0.02521188713656386,2.4966748476464318,0.4034383954154728
204365,Erica Wheeler,1950.0,1963.0,2160.0,2207.0,918.0,927.0,931.0,1078.0,110.76923076923077,112.42995415180846,-1.660723382577686,101.4161220043573,116.28910463861921,-14.872982634261902,9.353108764873468,-3.859150486810748,13.212259251684216,0.6799163179916318
204468,Valeriane Ayayi,996.0,1010.0,1045.0,1089.0,1383.0,1400.0,1464.0,1533.0,104.91967871485943,107.82178217821783,-2.902103463358401,105.85683297180044,109.5,-3.6431670281995565,-0.9371542569410138,-1.6782178217821695,0.7410635648411557,0.41866330390920553
1627668,Breanna Stewart,2369.0,2367.0,2691.0,2603.0,514.0,531.0,560.0,525.0,113.59223300970874,109.97042670046473,3.6218063092440076,108.94941634241245,98.87005649717514,10.079359845237306,4.642816667296287,11.100370203289586,-6.4575535359932985,0.8217134928893514
1627671,Rachel Banham,877.0,887.0,890.0,898.0,1828.0,1846.0,1965.0,2018.0,101.4823261117446,101.2401352874859,0.24219082425869942,107.4945295404814,109.31744312026001,-1.8229135797786142,-6.012203428736797,-8.07730783277411,2.0651044040373137,0.3242144177449168
1627673,Jonquel Jones,2032.0,2040.0,2287.0,2231.0,852.0,861.0,963.0,916.0,112.54921259842521,109.3627450980392,3.1864675003860157,113.0281690140845,106.38792102206736,6.640247992017137,-0.47895641565928315,2.9748240759718385,-3.4537804916311217,0.7045769764216366
1627674,Kahleah Copper,2272.0,2294.0,2426.0,2534.0,506.0,519.0,516.0,542.0,106.7781690140845,110.46207497820401,-3.6839059641195178,101.97628458498025,104.43159922928709,-2.4553146443068385,4.801884429104248,6.030475748916928,-1.2285913198126792,0.8178545716342692
1627675,Courtney Williams,2319.0,2341.0,2705.0,2443.0,704.0,719.0,800.0,725.0,116.64510564898663,104.35711234515163,12.287993303834995,113.63636363636364,100.83449235048678,12.801871285876857,3.0087420126229887,3.5226199946648507,-0.513877982041862,0.7671187562024478
1627700,Julie Allemand,1628.0,1634.0,1755.0,1874.0,628.0,646.0,670.0,731.9999999999999,107.80098280098281,114.68788249694002,-6.8868996959572115,106.68789808917198,113.31269349845199,-6.624795409280011,1.1130847118108278,1.375188998488028,-0.2621042866772001,0.7216312056737588
1627701,Temi Fagbenle,623.0,624.0,669.0,726.0,927.0,938.0,986.0,1111.0,107.3836276083467,116.34615384615385,-8.962526237807154,106.36461704422871,118.44349680170576,-12.078879757477054,1.0190105641179912,-2.097342955551909,3.1163535196699,0.4019354838709677
1628242,Emma Cannon,207.0,205.0,228.0,229.0,1047.0,1061.0,1069.0,1238.0,110.14492753623189,111.70731707317074,-1.562389536938852,102.10124164278893,116.6823751178134,-14.581133475024458,8.043685893442955,-4.975058044642651,13.018743938085606,0.16507177033492823
1628244,Sami Whitcomb,417.0,417.0,460.0,484.0,633.0,642.0,653.0,721.0,110.31175059952038,116.06714628297361,-5.75539568345323,103.15955766192732,112.30529595015577,-9.145738288228443,7.152192937593057,3.7618503328178434,3.3903426047752134,0.39714285714285713
1628269,Nia Coffey,1756.0,1773.0,2001.0,1841.0,1267.0,1287.0,1504.0,1327.0,113.95216400911161,103.83530738860689,10.11685662050472,118.70560378847672,103.1080031080031,15.597600680473619,-4.7534397793651095,0.7273042806037893,-5.480744059968899,0.5808799206086669
1628276,Kelsey Plum,1002.0,1003.0,1126.0,1139.0,290.0,298.0,298.0,340.0,112.375249500998,113.55932203389831,-1.1840725329003163,102.75862068965517,114.09395973154362,-11.335339041888446,9.61662881134282,-0.5346376976453087,10.15126650898813,0.7755417956656346
1628277,Allisha Gray,2376.0,2377.0,2709.0,2475.0,528.0,556.0,573.9999999999999,610.9999999999999,114.01515151515152,104.1228439209087,9.892307594242808,108.71212121212119,109.89208633093523,-1.1799651188140388,5.303030303030326,-5.769242410026521,11.072272713056847,0.8181818181818182
1628278,Shatori Walker-Kimbrough,62.0,71.0,68.0,87.0,756.0,754.0,896.0,759.0,109.6774193548387,122.53521126760563,-12.857791912766928,118.5185185185185,100.6631299734748,17.85538854504371,-8.8410991636798,21.872081294130837,-30.713180457810637,0.07579462102689487
1628279,Brittney Sykes,1000.0,1008.0,1114.0,1142.0,382.0,387.0,394.99999999999994,407.0,111.4,113.29365079365078,-1.893650793650778,103.40314136125653,105.16795865633075,-1.7648172950742236,7.9968586387434755,8.12569213732003,-0.12883349857655446,0.723589001447178
1628280,Brionna Jones,316.0,313.0,371.0,355.0,418.0,427.0,481.0,432.0,117.40506329113924,113.4185303514377,3.986532939701547,115.07177033492823,101.17096018735363,13.900810147574603,2.333292956211011,12.247570164084067,-9.914277207873056,0.4305177111716621
1628317,Karlie Samuelson,732.0,730.0,778.0,834.0,1152.0,1170.0,1258.0,1280.0,106.28415300546447,114.24657534246576,-7.962422337001286,109.20138888888889,109.40170940170941,-0.2003205128205252,-2.9172358834244108,4.84486594075635,-7.7621018241807604,0.3885350318471338
1628508,Cecilia Zandalasini,1105.0,1105.0,1164.0,1097.0,1276.0,1307.0,1480.0,1353.0,105.33936651583711,99.27601809954751,6.0633484162896,115.98746081504703,103.51951032899771,12.467950486049318,-10.648094299209916,-4.243492229450197,-6.404602069759719,0.4640907181856363
1628878,Ariel Atkins,1895.0,1905.0,2013.0,2113.0,896.0,907.0,960.0,1056.0,106.2269129287599,110.91863517060368,-4.691722241843777,107.14285714285714,116.42778390297686,-9.284926760119717,-0.9159442140972374,-5.509148732373177,4.59320451827594,0.6789681117878896
1628881,Monique Billings,1460.0,1484.0,1688.0,1637.0,1508.0,1515.0,1762.0,1604.0,115.61643835616438,110.3099730458221,5.306465310342276,116.84350132625995,105.87458745874588,10.968913867514075,-1.2270629700955737,4.435385587076226,-5.6624485571718,0.4919137466307278
1628882,Lexie Brown,295.0,296.0,297.0,337.0,487.0,495.0,467.0,485.0,100.6779661016949,113.85135135135135,-13.173385249656448,95.89322381930184,97.97979797979798,-2.0865741604961414,4.7847422823930685,15.871553371553375,-11.086811089160307,0.3772378516624041
1628886,Jordin Canada,2221.0,2235.0,2559.0,2306.0,593.0,608.0,632.9999999999999,685.0,115.21837010355695,103.17673378076063,12.041636322796322,106.74536256323775,112.66447368421053,-5.9191111209727865,8.473007540319202,-9.487739903449906,17.960747443769108,0.7892679459843639
1628899,Myisha Hines-Allen,872.0,886.0,989.0,926.0,1688.0,1696.0,2005.0,1893.0,113.41743119266054,104.51467268623024,8.902758506430303,118.77962085308056,111.61556603773586,7.164054815344699,-5.3621896604200145,-7.1008933515056185,1.738703691085604,0.340625
1628909,Kelsey Mitchell,2478.0,2495.0,2942.0,2706.0,578.0,592.0,612.0,642.0,118.72477804681193,108.45691382765533,10.267864219156607,105.88235294117648,108.44594594594594,-2.5635930047694586,12.842425105635456,0.010967881709390781,12.831457223926066,0.8108638743455497
1628915,Kia Nurse,855.0,868.0,902.0,1016.0,1887.0,1900.0,2086.0,2192.0,105.49707602339183,117.05069124423963,-11.553615220847803,110.54583995760466,115.36842105263159,-4.822581095026933,-5.048763934212829,1.6822701916080405,-6.7310341258208695,0.31181619256017507
1628920,Mercedes Russell,9.0,9.0,8.0,17.0,161.0,165.0,193.0,166.0,88.88888888888889,188.88888888888889,-100.0,119.87577639751552,100.60606060606061,19.269715791454914,-30.986887508626637,88.28282828282828,-119.26971579145491,0.052941176470588235
1628922,Azura Stevens,1413.0,1413.0,1504.0,1560.0,901.0,925.0,927.0,962.0,106.44019815994339,110.40339702760085,-3.9631988676574537,102.88568257491674,104.0,-1.1143174250832573,3.5545155850266497,6.403397027600846,-2.8488814425741964,0.6106309420916163
1628931,Gabby Williams,1582.0,1609.0,1712.0,1631.0,955.0,965.0,1091.0,972.0,108.21744627054362,101.36730888750778,6.850137383035843,114.24083769633509,100.72538860103626,13.515449095298834,-6.023391425791473,0.6419202864715174,-6.665311712262991,0.6235711470240441
1628932,A'ja Wilson,2246.0,2258.0,2659.0,2387.0,549.0,576.0,547.0,638.0,118.38824577025824,105.71302037201062,12.675225398247619,99.63570127504553,110.76388888888889,-11.128187613843352,18.752544495212703,-5.050868516878268,23.80341301209097,0.8035778175313059
1629477,Sabrina Ionescu,1479.0,1473.0,1676.0,1685.0,444.0,464.0,504.99999999999994,481.99999999999994,113.31981068289384,114.39239646978953,-1.0725857868956865,113.73873873873872,103.87931034482759,9.85942839391113,-0.4189280558448729,10.513086124961944,-10.932014180806817,0.7691107644305772
1629478,Katie Lou Samuelson,878.0,874.0,843.0,987.0,1461.0,1496.0,1572.0,1606.0,96.01366742596811,112.92906178489703,-16.91539435892892,107.59753593429157,107.35294117647058,0.24459475782099105,-11.583868508323462,5.57612060842645,-17.159989116749912,0.3753740914920906
1629479,Teaira McCowan,133.0,131.0,152.0,110.0,673.0,683.0,773.0,670.0,114.28571428571428,83.96946564885496,30.316248636859314,114.85884101040118,98.09663250366032,16.762208506740862,-0.573126724686901,-14.127166854805353,13.554040130118452,0.16501240694789082
1629481,Arike Ogunbowale,2176.0,2175.0,2395.0,2370.0,752.0,774.0,880.0,825.0,110.06433823529412,108.9655172413793,1.0988209939148135,117.02127659574468,106.5891472868217,10.432129308922981,-6.956938360450565,2.376369954557603,-9.333308315008168,0.7431693989071039
1629482,Sophie Cunningham,1705.0,1726.0,1965.0,1873.0,1256.0,1265.0,1475.0,1369.0,115.2492668621701,108.51680185399768,6.732465008172426,117.43630573248407,108.22134387351778,9.21496185896629,-2.1870388703139696,0.29545798047989535,-2.482496850793865,0.5758189800742992
1629483,Napheesa Collier,589.0,598.0,721.0,635.0,201.0,198.0,213.99999999999997,206.0,122.41086587436331,106.18729096989968,16.223574904463632,106.46766169154228,104.04040404040404,2.427257651138234,15.943204182821034,2.1468869294956363,13.796317253325398,0.7455696202531645
1629484,Megan DiLeo,1615.0,1615.0,1762.0,1829.0,1117.0,1134.0,1185.0,1286.0,109.10216718266254,113.25077399380805,-4.1486068111455126,106.08773500447629,113.40388007054673,-7.3161450660704475,3.0144321781862544,-0.15310607673868049,3.167538254924935,0.5911420204978038
1629488,Brianna Turner,882.0,928.0,928.0,965.0,1911.0,1905.0,2254.0,2073.0,105.21541950113378,103.98706896551724,1.228350535616542,117.94871794871796,108.81889763779529,9.129820310922668,-12.733298447584176,-4.83182867227805,-7.901469775306126,0.3157894736842105
1629491,Jessica Shepard,2201.0,2203.0,2460.0,2389.0,568.0,584.0,634.0,619.9999999999999,111.7673784643344,108.44303222877893,3.324346235555467,111.61971830985915,106.16438356164382,5.455334748215336,0.14766015447524694,2.2786486671351156,-2.1309885126598687,0.7948717948717948
1629496,Ezi Magbegor,435.0,438.0,450.0,440.0,472.0,486.0,459.0,519.0,103.44827586206897,100.4566210045662,2.991654857502766,97.2457627118644,106.79012345679013,-9.544360744925726,6.202513150204567,-6.333502452223925,12.536015602428492,0.4796030871003308
1629497,Marina Mabrey,1907.0,1912.0,2066.0,2246.0,680.0,698.0,762.0000000000001,776.0,108.33770319874148,117.46861924686192,-9.13091604812044,112.05882352941178,111.17478510028653,0.8840384291252548,-3.7211203306703027,6.293834146575392,-10.014954477245695,0.7371472748357171
1629498,Jackie Young,2388.0,2418.0,2795.0,2543.0,569.0,580.0,576.9999999999999,656.0,117.04355108877722,105.16956162117452,11.873989467602698,101.40597539543057,113.10344827586208,-11.697472880431505,15.637575693346648,-7.933886654687555,23.571462348034203,0.8075752451809266
1629501,Alanna Smith,997.0,998.0,1051.0,1106.0,1274.0,1290.0,1486.0,1348.0,105.41624874623872,110.82164328657316,-5.4053945403344414,116.64050235478807,104.49612403100774,12.14437832378033,-11.224253608549347,6.325519255565425,-17.54977286411477,0.43901365037428447
1629524,Bridget Carleton,2112.0,2140.0,2339.0,2404.0,698.0,690.0,710.0000000000001,782.0,110.74810606060606,112.33644859813083,-1.5883425375247668,101.71919770773641,113.33333333333333,-11.614135625596916,9.02890835286965,-0.9968847352024994,10.025793088072149,0.7516014234875444
1629539,Amy Okonkwo,3.0,4.0,1.0,1.0,80.0,78.0,89.0,104.0,33.33333333333333,25.0,8.333333333333329,111.25,133.33333333333331,-22.083333333333314,-77.91666666666667,-108.33333333333331,30.416666666666643,0.03614457831325301
1629546,Marine Johannes,1466.0,1465.0,1632.0,1544.0,1250.0,1266.0,1400.0,1382.0,111.32332878581173,105.39249146757679,5.930837318234936,112.00000000000001,109.16271721958925,2.83728278041076,-0.6766712141882891,-3.7702257520124647,3.0935545378241756,0.5397643593519882
1629566,Han Xu,1044.0,1054.0,1162.0,1095.0,1921.0,1928.0,2177.0,2132.0,111.30268199233717,103.88994307400378,7.412738918333389,113.32639250390422,110.58091286307055,2.745479640833665,-2.023710511567046,-6.69096978906677,4.667259277499724,0.3521079258010118
1629567,Natisha Hiedeman,2156.0,2172.0,2317.0,2373.0,732.0,753.0,683.0,813.0,107.46753246753246,109.25414364640883,-1.7866111788763703,93.30601092896174,107.96812749003983,-14.662116561078093,14.161521538570724,1.2860161563690014,12.875505382201723,0.7465373961218836
1629568,Kennedy Burke,1592.0,1597.0,1622.0,1716.0,1107.0,1127.0,1075.0,1255.0,101.88442211055278,107.45147150907952,-5.567049398526748,97.10930442637759,111.35758651286602,-14.24828208648843,4.775117684175186,-3.9061150037864962,8.681232687961682,0.5898480918858836
1629574,Li Yueru,541.0,553.0,637.0,616.0,1530.0,1537.0,1667.0,1631.0,117.7449168207024,111.39240506329114,6.352511757411264,108.95424836601306,106.11581001951855,2.838438346494513,8.790668454689339,5.276595043772588,3.514073410916751,0.2612264606470304
1629576,Maria Conde,1737.0,1772.0,1912.0,2075.0,837.0,829.0,892.0,937.0,110.0748416810593,117.09932279909707,-7.0244811180377695,106.5710872162485,113.02774427020508,-6.456657053956576,3.5037544648107968,4.07157852889199,-0.5678240640811936,0.6748251748251748
1629581,Emese Hof,41.0,46.0,35.0,53.0,211.0,212.0,219.0,199.0,85.36585365853658,115.21739130434783,-29.85153764581125,103.7914691943128,93.86792452830188,9.923544666010912,-18.425615535776217,21.349466776045944,-39.77508231182216,0.1626984126984127
1630096,DiJonai Carrington,328.0,335.0,360.0,374.0,425.0,426.0,434.0,435.0,109.75609756097562,111.64179104477611,-1.8856934838004946,102.11764705882354,102.11267605633803,0.004971002485504528,7.638450502152082,9.529114988438081,-1.8906644862859991,0.4355909694555113
1630097,Kaila Charles,1303.0,1332.0,1490.0,1340.0,1383.0,1392.0,1481.0,1418.0,114.3514965464313,100.60060060060061,13.750895945830692,107.08604483007953,101.86781609195404,5.2182287381254895,7.265451716351777,-1.2672154913534257,8.532667207705202,0.4851079672375279
1630108,Mariella Fasoula,30.0,30.0,33.0,35.0,205.0,210.0,184.0,232.0,110.00000000000001,116.66666666666667,-6.666666666666657,89.75609756097562,110.47619047619048,-20.720092915214863,20.243902439024396,6.19047619047619,14.053426248548206,0.1276595744680851
1630112,Tyasha Harris,909.0,914.0,1075.0,964.0,1738.0,1759.0,2034.0,1972.0,118.26182618261826,105.47045951859957,12.791366664018696,117.03107019562715,112.10915292779988,4.9219172678272685,1.230755986991113,-6.6386934092003145,7.869449396191428,0.3434076312806951
1630115,Joyner Holmes,28.0,29.0,19.999999999999996,22.000000000000004,47.0,45.0,57.0,37.0,71.42857142857142,75.86206896551725,-4.433497536945836,121.27659574468086,82.22222222222221,39.05437352245865,-49.848024316109445,-6.360153256704962,-43.48787105940448,0.37333333333333335
1630134,Sug Sutton,439.0,450.0,462.0,505.0,1312.0,1309.0,1441.0,1440.0,105.23917995444192,112.22222222222223,-6.983042267780306,109.83231707317074,110.00763941940413,-0.17532234623338638,-4.593137118728819,2.2145828028181,-6.807719921546919,0.25071387778412335
1630138,Peyton Williams,12.0,12.0,12.0,13.000000000000002,70.0,71.0,87.0,53.0,100.0,108.33333333333334,-8.333333333333343,124.28571428571429,74.64788732394366,49.63782696177063,-24.285714285714292,33.68544600938968,-57.97116029510397,0.14634146341463414
1630142,Leonie Fiebich,789.0,801.0,886.0,826.0,307.0,301.0,349.0,323.0,112.29404309252217,103.12109862671662,9.172944465805557,113.68078175895766,107.30897009966777,6.3718116592898895,-1.386738666435491,-4.187871472951159,2.8011328065156675,0.7198905109489051
1630143,Luisa Geiselsoder,671.0,671.0,715.0,741.0,966.0,972.0,998.0,1111.0,106.55737704918033,110.43219076005961,-3.8748137108792804,103.31262939958592,114.30041152263375,-10.987782123047836,3.244747649594416,-3.86822076257414,7.112968412168556,0.4098961514966402
1630148,Jihyun Park,613.0,618.0,658.0,682.0,1933.0,1944.0,2067.0,2246.0,107.34094616639479,110.35598705501619,-3.0150408886213995,106.93222969477496,115.53497942386832,-8.602749729093361,0.40871647161982594,-5.1789923688521355,5.5877088404719615,0.24076983503534957
1630149,Satou Sabally,442.0,442.0,509.0,481.0,579.0,584.0,608.0,592.0,115.15837104072398,108.8235294117647,6.334841628959282,105.00863557858378,101.36986301369863,3.6387725648851443,10.1497354621402,7.453666398066062,2.6960690640741376,0.43290891283055827
1630150,Chennedy Carter,452.0,452.0,525.0,497.0,606.0,616.0,681.0,663.0,116.15044247787611,109.95575221238938,6.194690265486727,112.37623762376239,107.62987012987013,4.746367493892265,3.7742048541137194,2.325882082519257,1.4483227715944622,0.42722117202268434
1630154,Kamiah Smalls,59.0,60.0,58.00000000000001,77.0,106.0,103.0,122.0,119.0,98.30508474576273,128.33333333333334,-30.028248587570616,115.09433962264151,115.53398058252426,-0.43964095988275176,-16.789254876878786,12.799352750809078,-29.588607627687864,0.3575757575757576
1630384,Raquel Carrera,229.0,238.0,273.0,246.0,1377.0,1380.0,1548.0,1554.0,119.21397379912663,103.36134453781514,15.852629261311492,112.41830065359477,112.6086956521739,-0.1903949985791371,6.795673145531865,-9.247351114358764,16.04302425989063,0.14259028642590285
1630386,Awak Kuier,1119.0,1134.0,1251.0,1197.0,1566.0,1569.0,1765.0,1746.0,111.79624664879357,105.55555555555556,6.240691093238013,112.70753512132823,111.2810707456979,1.4264643756303315,-0.9112884725346646,-5.725515190142346,4.814226717607681,0.41675977653631285
1630389,Dana Evans,330.0,332.0,333.0,413.0,482.0,491.0,588.0,525.0,100.9090909090909,124.39759036144578,-23.488499452354873,121.99170124481329,106.92464358452139,15.067057660291894,-21.08261033572238,17.47294677692439,-38.55555711264677,0.4064039408866995
1630442,Natasha Mack,1194.0,1208.0,1259.0,1290.0,1022.0,1037.0,1075.0,1127.0,105.44388609715243,106.78807947019868,-1.3441933730462523,105.18590998043054,108.67888138862102,-3.492971408190485,0.2579761167218919,-1.8908019184223406,2.1487780351442325,0.5388086642599278
1630446,Michaela Onyenwere,1600.0,1598.0,1737.0,1664.0,917.0,927.0,881.0,955.0,108.5625,104.13016270337923,4.432337296620773,96.07415485278081,103.02049622437973,-6.946341371598919,12.488345147219192,1.1096664789995003,11.378678668219692,0.6356773937226857
1630461,Kiana Williams,520.0,519.0,532.0,576.0,1199.0,1210.0,1323.0,1370.0,102.30769230769229,110.98265895953756,-8.674966651845267,110.3419516263553,113.22314049586777,-2.8811888695124708,-8.034259318663004,-2.2404815363302077,-5.793777782332796,0.30250145433391507
1630469,Marine Fauthoux,459.0,459.0,503.0,493.0,848.0,851.0,1004.0,952.0,109.58605664488017,107.40740740740742,2.1786492374727544,118.39622641509433,111.8683901292597,6.527836285834638,-8.81016977021416,-4.460982721852275,-4.349187048361884,0.35118592195868403
1630471,Maya Caldwell,1016.0,1035.0,1108.0,1034.0,2007.0,2025.0,2397.0,2134.0,109.05511811023622,99.90338164251207,9.151736467724149,119.43198804185351,105.38271604938272,14.049271992470793,-10.376869931617293,-5.479334406870649,-4.897535524746644,0.3360899768441945
1630993,Anneli Maley,127.0,134.0,144.0,137.0,518.0,516.0,531.0,565.0,113.38582677165354,102.23880597014924,11.147020801504297,102.50965250965251,109.49612403100775,-6.9864715213552415,10.87617426200103,-7.257318060858509,18.13349232285954,0.19689922480620156
1630996,Rae Burrell,2123.0,2140.0,2290.0,2486.0,826.0,831.0,878.0,884.0,107.86622703721149,116.16822429906541,-8.301997261853927,106.2953995157385,106.37785800240674,-0.08245848666824429,1.5708275214729923,9.790366296658675,-8.219538775185683,0.7199050525601899
1631006,Kierstan Bell,507.0,527.0,551.0,582.0,1411.0,1418.0,1596.0,1447.0,108.6785009861933,110.43643263757114,-1.7579316513778451,113.11126860382707,102.04513399153738,11.066134612289687,-4.432767617633772,8.39129864603376,-12.824066263667532,0.2643378519290928
1631007,Veronica Burton,1907.0,1923.0,2131.0,1912.0,779.0,801.0,840.0,846.0,111.7461982170949,99.42797711908476,12.318221098010142,107.83055198973042,105.61797752808988,2.2125744616405427,3.9156462273644763,-6.190000409005123,10.105646636369599,0.7099776619508563
1631009,Rhyne Howard,2430.0,2447.0,2730.0,2569.0,390.0,401.0,468.99999999999994,431.99999999999994,112.34567901234568,104.985696771557,7.359982240788682,120.25641025641025,107.73067331670822,12.525736939702028,-7.910731244064564,-2.744976545151218,-5.1657546989133465,0.8617021276595744
1631019,NaLyssa Smith,1791.0,1795.0,2027.0,1935.0,1168.0,1205.0,1318.0,1292.0,113.17699609156895,107.79944289693593,5.377553194633023,112.84246575342465,107.21991701244814,5.622548740976512,0.33453033814430455,0.5795258844877935,-0.24499554634348897,0.6052720513687057
1631021,Sika Kone,301.0,326.0,331.0,345.0,2100.0,2103.0,2439.0,2228.0,109.96677740863787,105.82822085889572,4.138556549742148,116.14285714285715,105.94388968140751,10.19896746144964,-6.176079734219286,-0.11566882251179322,-6.060410911707493,0.12536443148688048
1631022,Shakira Austin,2024.0,2023.0,2140.0,2101.0,750.0,762.0,724.0,794.0,105.73122529644267,103.85565991102324,1.875565385419435,96.53333333333333,104.1994750656168,-7.666141732283464,9.197891963109342,-0.3438151545935568,9.541707117702899,0.7296322999279019
1631039,Miela Sowah,12.0,14.0,10.0,19.999999999999996,137.0,137.0,168.0,130.0,83.33333333333334,142.85714285714283,-59.52380952380949,122.62773722627738,94.8905109489051,27.737226277372272,-39.29440389294403,47.96663190823773,-87.26103580118176,0.08053691275167785
1631044,Naz Hillmon,2027.0,2022.0,2330.0,2138.0,794.0,829.0,863.0,843.0000000000001,114.94819930932411,105.73689416419387,9.21130514513024,108.69017632241813,101.68878166465622,7.001394657761907,6.258022986905985,4.048112499537652,2.209910487368333,0.7185395249911379
1631055,Nyara Sabally,1132.0,1151.0,1227.0,1309.0,787.0,792.0,870.0,892.0,108.39222614840989,113.72719374456995,-5.334967596160055,110.5463786531131,112.62626262626263,-2.079883973149535,-2.1541525047032053,1.1009311183073152,-3.2550836230105205,0.5898905680041688
1631064,Chloe Bibby,119.0,122.0,130.0,125.0,286.0,292.0,340.0,312.0,109.24369747899159,102.45901639344261,6.784681085548982,118.88111888111888,106.84931506849315,12.031803812625725,-9.637421402127288,-4.390298675050545,-5.247122727076743,0.2938271604938272
1631083,Emily Engstler,1739.0,1744.0,1878.0,1960.0,1147.0,1163.0,1237.0,1312.0,107.99309948246119,112.38532110091744,-4.392221618456247,107.846556233653,112.81169389509888,-4.96513766144588,0.14654324880818592,-0.4263727941814466,0.5729160429896325,0.6025641025641025
1631086,Lexie Hull,1433.0,1457.0,1686.0,1568.0,1623.0,1630.0,1868.0,1780.0,117.65526866713189,107.61839396019217,10.036874706939727,115.0955021565003,109.20245398773005,5.89304816877025,2.55976651063159,-1.5840600275378875,4.143826538169478,0.468913612565445
1631118,Lexi Held,995.0,1016.0,1032.0,1088.0,1706.0,1727.0,1876.0,1946.0,103.71859296482413,107.08661417322836,-3.3680212084042296,109.96483001172332,112.68094962362478,-2.716119611901462,-6.246237046899196,-5.594335450396429,-0.6519015965027677,0.3683820807108478
1631135,Olivia Nelson-Ododa,1325.0,1340.0,1380.0,1457.0,1142.0,1148.0,1082.0,1260.0,104.15094339622641,108.73134328358209,-4.580399887355682,94.7460595446585,109.75609756097562,-15.010038016317125,9.404883851567917,-1.0247542773935265,10.429638128961443,0.5370895824888529
1631136,Pauline Astier,1693.0,1699.0,1953.0,1854.0,1272.0,1283.0,1386.0,1373.0,115.35735380980508,109.12301353737493,6.2343402724301455,108.96226415094338,107.01480904130942,1.9474551096339638,6.395089658861693,2.108204496065511,4.286885162796182,0.5709949409780776
1631141,Jade Melbourne,1803.0,1820.0,1830.0,1939.0,1083.0,1106.0,1140.0,1217.0,101.49750415973378,106.53846153846153,-5.040957378727754,105.26315789473684,110.03616636528028,-4.773008470543445,-3.765653735003056,-3.4977048268187474,-0.2679489081843087,0.6247401247401247
1631263,Nikolina Milic,125.0,122.0,131.0,145.0,430.0,440.0,493.0,517.0,104.80000000000001,118.85245901639345,-14.052459016393442,114.65116279069767,117.5,-2.8488372093023315,-9.851162790697657,1.3524590163934533,-11.20362180709111,0.22522522522522523
1641648,Aliyah Boston,1894.0,1882.0,2214.0,2016.0,903.0,946.0,1049.0,1041.0,116.89545934530095,107.12008501594048,9.775374329360474,116.16832779623478,110.04228329809725,6.1260444981375315,0.7271315490661721,-2.9221982821567707,3.6493298312229427,0.6771540936717912
1641649,Diamond Miller,1543.0,1559.0,1553.0,1723.0,1233.0,1241.0,1224.0,1333.0,100.64808813998705,110.51956382296343,-9.871475682976381,99.27007299270073,107.41337630942789,-8.143303316727156,1.3780151472863196,3.106187513535545,-1.7281723662492254,0.555835734870317
1641650,Haley Jones,123.0,123.0,136.0,147.0,440.0,441.0,460.0,520.0,110.56910569105692,119.51219512195121,-8.94308943089429,104.54545454545455,117.91383219954648,-13.36837765409193,6.023651145602372,1.598362922404732,4.42528822319764,0.21847246891651864
1641651,Jordan Horston,1122.0,1146.0,1148.0,1184.0,1448.0,1460.0,1456.0,1607.0,102.31729055258467,103.31588132635252,-0.9985907737678588,100.55248618784532,110.06849315068492,-9.516006962839597,1.7648043647393479,-6.752611824332391,8.517416189071739,0.4365758754863813
1641652,Maddy Siegrist,932.0,937.0,1082.0,1014.0,1756.0,1769.0,1932.0,1926.0,116.09442060085837,108.21771611526148,7.876704485596889,110.02277904328017,108.87507066139062,1.1477083818895437,6.071641557578204,-0.6573545461291417,6.728996103707345,0.34672619047619047
1641656,Laeticia Amihere,664.0,684.0,758.0,678.0,1654.0,1666.0,1821.0,1679.0,114.1566265060241,99.12280701754386,15.033819488480233,110.09673518742443,100.78031212484994,9.316423062574486,4.059891318599668,-1.6575051073060791,5.717396425905747,0.28645383951682485
1641657,Dorka Juhasz,464.0,466.0,477.0,516.0,797.0,805.0,1023.0,859.0,102.80172413793103,110.72961373390558,-7.927889595974548,128.35633626097865,106.70807453416148,21.648261726817168,-25.55461212304762,4.0215391997440975,-29.576151322791716,0.3679619349722443
1641660,Zia Cooke,1080.0,1103.0,1115.0,1219.0,1897.0,1914.0,1965.0,2049.0,103.24074074074075,110.51677243880327,-7.276031698062525,103.58460727464418,107.05329153605017,-3.4686842614059827,-0.34386653390343724,3.463480902753105,-3.807347436656542,0.36278132348001346
1641683,Holly Winterburn,448.0,459.0,448.0,528.0,1380.0,1390.0,1538.0,1556.0,100.0,115.03267973856208,-15.03267973856208,111.44927536231883,111.94244604316548,-0.49317068084664584,-11.44927536231883,3.0902336953966056,-14.539509057715435,0.24507658643326038
1641695,Ashten Prechtel,46.0,46.0,58.0,49.99999999999999,111.0,113.0,130.0,91.0,126.08695652173914,108.69565217391303,17.391304347826107,117.11711711711712,80.53097345132744,36.58614366578968,8.969839404622022,28.16467872258559,-19.19483931796357,0.2929936305732484
1642210,Julie Vanloo,174.0,174.0,203.0,171.0,238.0,240.0,267.0,264.0,116.66666666666667,98.27586206896551,18.390804597701162,112.18487394957984,110.00000000000001,2.184873949579824,4.481792717086833,-11.724137931034505,16.20593064812134,0.4223300970873786
1642286,Caitlin Clark,2110.0,2094.0,2436.0,2323.0,631.0,675.0,741.0,708.0,115.45023696682463,110.9360076408787,4.514229325945934,117.43264659270997,104.8888888888889,12.543757703821072,-1.9824096258853388,6.0471187519897995,-8.029528377875138,0.7697920466982853
1642287,Cameron Brink,982.0,993.0,1064.0,1103.0,1127.0,1131.0,1228.0,1308.0,108.35030549898168,111.07754279959718,-2.7272373006154993,108.96184560780836,115.64986737400531,-6.688021766196954,-0.6115401088266736,-4.572324574408128,3.9607844655814546,0.4656235182550972
1642288,Rickea Jackson,233.0,237.0,233.0,248.0,87.0,87.0,102.99999999999999,68.0,100.0,104.64135021097047,-4.641350210970472,118.39080459770113,78.16091954022988,40.22988505747125,-18.390804597701134,26.48043067074059,-44.87123526844172,0.728125
1642289,Kamilla Cardoso,1952.0,1976.0,2081.0,2152.0,1009.0,1019.0,1054.0,1060.0,106.60860655737704,108.90688259109311,-2.298276033716064,104.45986124876114,104.02355250245338,0.43630874630775907,2.1487453086159007,4.883330088639724,-2.734584780023823,0.6592367443431273
1642290,Aaliyah Edwards,825.0,840.0,801.0,908.0,896.0,898.0,950.0,946.0,97.0909090909091,108.09523809523809,-11.004329004328994,106.02678571428572,105.34521158129175,0.6815741329939726,-8.935876623376629,2.750026513946338,-11.685903137322967,0.47937245787332944
1642291,Angel Reese,2204.0,2217.0,2469.0,2272.0,619.0,634.0,722.0,712.0,112.02359346642467,102.48082995038341,9.542763516041262,116.63974151857835,112.30283911671923,4.3369024018591205,-4.616148052153676,-9.822009166335818,5.205861114182142,0.7807297201558625
1642292,Jacy Sheldon,1577.0,1584.0,1666.0,1651.0,1468.0,1496.0,1564.0,1651.0,105.6436271401395,104.229797979798,1.413829160341507,106.53950953678475,110.3609625668449,-3.8214530300601552,-0.8958823966452485,-6.131164587046911,5.235282190401662,0.5178981937602627
1642293,Alissa Pili,84.0,86.0,77.0,84.0,333.0,337.0,370.0,361.0,91.66666666666666,97.67441860465115,-6.007751937984494,111.11111111111111,107.12166172106825,3.9894493900428643,-19.444444444444457,-9.447243116417098,-9.997201328027359,0.2014388489208633
1642296,Nyadiew Puoch,1186.0,1202.0,1268.0,1355.0,1622.0,1628.0,1763.0,1834.0,106.91399662731871,112.72878535773711,-5.8147887304184,108.69297163995068,112.65356265356266,-3.9605910136119746,-1.7789750126319746,0.07522270417445043,-1.854197716806425,0.42236467236467234
1642302,Isobel Borlase,949.0,955.0,1085.0,1073.0,1955.0,1978.0,2198.0,2013.0,114.33087460484721,112.35602094240838,1.9748536624388322,112.42966751918158,101.76946410515673,10.66020341402485,1.9012070856656322,10.58655683725165,-8.685349751586017,0.32679063360881544
1642303,Leila Lacan,1433.0,1447.0,1425.0,1555.0,626.0,629.0,680.0,701.0,99.4417306350314,107.4637180373186,-8.021987402287195,108.62619808306708,111.44674085850556,-2.820542775438483,-9.184467448035676,-3.983022821186964,-5.201444626848712,0.6959689169499758
1642304,Carla Leite,1692.0,1704.0,1887.0,1919.0,955.0,964.0,982.0,1086.0,111.52482269503545,112.61737089201877,-1.0925481969833157,102.82722513089004,112.65560165975104,-9.828376528861,8.697597564145411,-0.03823076773227285,8.735828331877684,0.6392142047601058
1642307,Mackenzie Holmes,459.0,463.0,412.0,478.0,1356.0,1374.0,1404.0,1471.0,89.76034858387798,103.23974082073435,-13.47939223685637,103.53982300884957,107.05967976710336,-3.5198567582537947,-13.779474424971582,-3.8199389463690068,-9.959535478602575,0.2528925619834711
1642320,Jaylyn Sherrod,133.0,148.0,160.0,168.0,691.0,682.0,783.0,714.0,120.30075187969925,113.51351351351352,6.787238366185733,113.31403762662808,104.69208211143695,8.621955515191132,6.98671425307117,8.82143140207657,-1.8347171490053995,0.16140776699029127
1642321,Sydney Taylor,1277.0,1290.0,1413.0,1343.0,1201.0,1217.0,1237.0,1351.0,110.64996084573218,104.10852713178294,6.541433713949246,102.99750208159865,111.01068200493016,-8.013179923331506,7.652458764133527,-6.902154873147225,14.554613637280752,0.5153349475383374
1642324,Kate Martin,249.0,254.0,283.0,294.0,1148.0,1158.0,1215.0,1290.0,113.65461847389557,115.74803149606299,-2.093413022167425,105.8362369337979,111.39896373056995,-5.56272679677204,7.818381540097661,4.3490677654930465,3.4693137746046148,0.17823908375089478
1642767,Janelle Salaun,1478.0,1495.0,1706.0,1572.0,1130.0,1150.0,1174.0,1115.0,115.42625169147496,105.15050167224081,10.275750019234152,103.89380530973452,96.95652173913044,6.93728357060408,11.532446381740442,8.19397993311037,3.338466448630072,0.566717791411043
1642768,Kyara Linskens,371.0,376.0,353.0,400.0,1028.0,1042.0,1105.0,1093.0,95.14824797843666,106.38297872340425,-11.234730744967592,107.49027237354085,104.89443378119002,2.5958385923508303,-12.34202439510419,1.488544942214233,-13.830569337318423,0.2651894210150107
1642769,Mai Yamamoto,216.0,219.0,237.0,248.0,417.0,425.0,480.0,452.0,109.72222222222223,113.24200913242008,-3.519786910197851,115.10791366906474,106.35294117647058,8.754972492594163,-5.3856914468425146,6.8890679559495,-12.274759402792014,0.3412322274881517
1642775,Alex Wilson,115.0,116.0,102.0,123.0,217.0,220.0,232.0,234.0,88.69565217391305,106.03448275862068,-17.338830584707637,106.91244239631337,106.36363636363637,0.5488060326769926,-18.21679022240032,-0.3291536050156907,-17.88763661738463,0.3463855421686747
1642777,Monique Akoa Makani,965.0,982.0,968.0,1048.0,767.0,777.0,822.0,902.0,100.31088082901553,106.72097759674135,-6.410096767725818,107.17079530638853,116.08751608751608,-8.916720781127552,-6.859914477372996,-9.36653849077473,2.5066240134017335,0.5571593533487298
1642781,Georgia Amoore,1565.0,1540.0,1641.0,1644.0,1284.0,1321.0,1311.0,1332.0,104.85623003194888,106.75324675324676,-1.8970167212978737,102.10280373831775,100.8327024981075,1.270101240210252,2.7534262936311364,5.920544255139262,-3.1671179615081257,0.5493155493155493
1642782,Sarah Ashlee Barker,1271.0,1270.0,1349.0,1400.0,800.0,815.0,853.0,954.0,106.1369000786782,110.23622047244095,-4.099320393762753,106.62499999999999,117.05521472392637,-10.430214723926383,-0.4880999213217905,-6.818994251485421,6.3308943301636305,0.613713182037663
1642784,Paige Bueckers,2307.0,2303.0,2625.0,2538.0,462.0,485.0,469.0,473.99999999999994,113.78413524057218,110.20408163265304,3.5800536079191403,101.51515151515152,97.73195876288658,3.783192752264938,12.268983725420668,12.472122869766466,-0.20313914434579772,0.8331527627302275
1642785,Sonia Citron,2140.0,2146.0,2280.0,2228.0,478.0,484.0,452.00000000000006,538.0,106.54205607476635,103.82106244175209,2.7209936330142597,94.56066945606696,111.15702479338843,-16.59635533732147,11.98138661869939,-7.33596235163634,19.31734897033573,0.8174178762414056
1642786,Aicha Coulibaly,682.0,682.0,763.0,723.0,1390.0,1413.0,1465.0,1543.0,111.87683284457476,106.01173020527858,5.8651026392961825,105.39568345323742,109.20028308563342,-3.804599632395991,6.48114939133734,-3.188552880354834,9.669702271692174,0.32915057915057916
1642788,Bree Hall,25.0,26.0,27.0,34.0,150.0,151.0,176.0,159.0,108.0,130.76923076923077,-22.769230769230774,117.33333333333333,105.29801324503312,12.03532008830021,-9.333333333333329,25.471217524197655,-34.804550857530984,0.14285714285714285
1642790,Sania Feagin,23.0,27.0,27.0,34.0,218.0,215.0,192.0,248.0,117.3913043478261,125.92592592592592,-8.53462157809983,88.07339449541286,115.34883720930233,-27.275442713889475,29.317909852413237,10.577088716623592,18.740821135789645,0.0954356846473029
1642791,Zaay Green,11.0,12.0,10.0,12.0,66.0,66.0,72.0,81.0,90.9090909090909,100.0,-9.090909090909093,109.09090909090908,122.72727272727273,-13.636363636363654,-18.181818181818173,-22.727272727272734,4.545454545454561,0.14285714285714285
1642792,Kiki Iriafen,1806.0,1807.0,1919.0,1875.0,806.0,817.0,795.0,849.0000000000001,106.25692137320044,103.76314333148866,2.493778041711778,98.63523573200993,103.9167686658507,-5.281532933840765,7.62168564119051,-0.15362533436203307,7.775310975552543,0.6914241960183767
1642793,Aziaha James,791.0,811.0,870.0,834.0,1904.0,1905.0,2157.0,2100.0,109.9873577749684,102.8360049321825,7.151352842785897,113.28781512605042,110.23622047244095,3.0515946536094702,-3.3004573510820165,-7.4002155402584435,4.099758189176427,0.2935064935064935
1642794,Juste Jocyte,124.0,130.0,141.0,129.0,623.0,625.0,703.0,636.0,113.70967741935485,99.23076923076923,14.47890818858562,112.84109149277688,101.76,11.081091492776878,0.8685859265779641,-2.5292307692307787,3.397816695808743,0.16599732262382866
1642796,Rayah Marshall,33.0,33.0,37.0,45.0,203.0,203.0,173.0,243.0,112.12121212121211,136.36363636363635,-24.242424242424235,85.22167487684729,119.70443349753694,-34.48275862068965,26.899537244364822,16.659202866099406,10.240334378265416,0.13983050847457626
1642797,Anastasiia Olairi Kosu,590.0,603.0,710.0,611.0,1638.0,1655.0,1879.0,1713.0,120.33898305084745,101.32669983416251,19.012283216684935,114.71306471306471,103.50453172205438,11.20853299101033,5.6259183377827355,-2.1778318878918697,7.803750225674605,0.26481149012567323
1642798,Dominique Malonga,1502.0,1529.0,1610.0,1689.0,775.0,778.0,785.0,839.0,107.19041278295607,110.4643557880968,-3.2739430051407226,101.29032258064517,107.84061696658098,-6.550294385935814,5.900090202310906,2.623738821515815,3.2763513807950915,0.6596398770311814
1642800,Aneesah Morrow,1219.0,1220.0,1246.0,1395.0,939.0,959.0,959.0,1057.0,102.21493027071371,114.34426229508196,-12.129332024368253,102.12992545260914,110.2189781021898,-8.089052649580651,0.08500481810456506,4.125284192892167,-4.040279374787602,0.5648748841519926
1642801,Aaliyah Nye,82.0,96.0,117.0,100.0,1429.0,1432.0,1649.0,1506.0,142.6829268292683,104.16666666666667,38.516260162601625,115.39538138558432,105.16759776536313,10.227783620221189,27.28754544368398,-1.000931098696455,28.288476542380437,0.054268696227663796
1642802,Lucy Olsen,266.0,275.0,280.0,270.0,1174.0,1172.0,1157.0,1184.0,105.26315789473684,98.18181818181819,7.081339712918648,98.55195911413969,101.02389078498292,-2.471931670843233,6.711198780597144,-2.8420726031647376,9.553271383761881,0.18472222222222223
1642804,Te-Hina Paopao,659.0,665.0,674.0,739.0,1511.0,1528.0,1757.0,1560.0,102.27617602427921,111.12781954887218,-8.851643524592973,116.28060886829914,102.09424083769633,14.186368030602807,-14.00443284401993,9.03357871117585,-23.03801155519578,0.30368663594470047
1642808,JJ Quinerly,23.0,24.0,22.0,26.000000000000004,141.0,139.0,139.0,144.0,95.65217391304348,108.33333333333334,-12.681159420289859,98.58156028368793,103.59712230215827,-5.015562018470334,-2.929386370644451,4.736211031175074,-7.665597401819525,0.1402439024390244
1642809,Saniya Rivers,1352.0,1363.0,1370.0,1552.0,1119.0,1130.0,1122.0,1209.0,101.33136094674555,113.86647101980924,-12.535110073063692,100.26809651474531,106.99115044247787,-6.723053927732565,1.0632644320002385,6.875320577331365,-5.812056145331127,0.547146904087414
1642814,Taylor Thierry,124.0,131.0,127.0,129.0,746.0,750.0,790.0,789.0,102.41935483870968,98.47328244274809,3.9460723959615933,105.89812332439679,105.2,0.6981233243967893,-3.4787684856871124,-6.7267175572519164,3.247949071564804,0.1425287356321839
1642815,Makayla Timpson,1373.0,1400.0,1653.0,1513.0,1600.0,1603.0,1792.0,1724.0,120.39329934450109,108.07142857142857,12.321870773072519,112.00000000000001,107.54834684965688,4.451653150343134,8.393299344501074,0.523081721771689,7.870217622729385,0.46182307433568787
1642817,Hailey Van Lith,412.0,414.0,402.0,458.0,685.0,690.0,621.0,754.0,97.57281553398059,110.6280193236715,-13.055203789690907,90.65693430656935,109.27536231884059,-18.618428012271238,6.915881227411234,1.3526570048309026,5.563224222580331,0.37556973564266183
1642818,Maddy Westbeld,62.0,61.0,55.0,67.0,181.0,184.0,191.0,214.0,88.70967741935483,109.8360655737705,-21.126388154415665,105.52486187845305,116.30434782608697,-10.779485947633916,-16.81518445909822,-6.46828225231647,-10.346902206781749,0.2551440329218107
1642820,Liatu King,147.0,154.0,153.0,166.0,491.0,496.0,571.0,483.0,104.08163265306123,107.79220779220779,-3.710575139146556,116.29327902240325,97.37903225806451,18.914246764338742,-12.21164636934202,10.413175534143278,-22.624821903485298,0.2304075235109718
1642822,Kaitlyn Chen,987.0,1017.0,1091.0,1048.0,1699.0,1707.0,1880.0,1710.0,110.53698074974672,103.04818092428711,7.488799825459608,110.65332548557976,100.17574692442884,10.47757856115092,-0.11634473583303873,2.8724339998582735,-2.9887787356913122,0.36746090841399853
1642826,Aubrey Griffin,19.0,20.0,22.0,21.0,318.0,319.0,378.0,327.0,115.78947368421053,105.0,10.789473684210535,118.86792452830188,102.5078369905956,16.360087537706278,-3.07845084409135,2.4921630094043934,-5.570613853495743,0.05637982195845697
1643420,Laura Juskaite,1761.0,1780.0,1974.0,2064.0,1134.0,1143.0,1177.0,1315.0,112.0954003407155,115.95505617977528,-3.8596558390597835,103.79188712522046,115.04811898512686,-11.256231859906407,8.303513215495045,0.906937194648421,7.396576020846624,0.6082901554404145
1643424,Costanza Verona,11.0,12.0,8.0,12.0,71.0,70.0,68.0,88.0,72.72727272727273,100.0,-27.272727272727266,95.77464788732394,125.71428571428571,-29.93963782696177,-23.047375160051203,-25.714285714285708,2.666910554234505,0.13414634146341464
1643425,Azzi Fudd,1882.0,1874.0,2150.0,2010.0,501.0,527.0,545.0,562.0,114.24017003188098,107.25720384204908,6.982966189831899,108.78243512974053,106.64136622390892,2.1410689058316166,5.457734902140444,0.6158376181401621,4.841897284000282,0.789760805707092
1643426,Olivia Miles,2227.0,2245.0,2635.0,2328.0,639.0,658.0,695.0,670.0000000000001,118.3206106870229,103.69710467706012,14.623506009962782,108.76369327073552,101.82370820668696,6.939985064048557,9.55691741628739,1.8733964703731658,7.683520945914225,0.7770411723656664
1643427,Lauren Betts,1162.0,1164.0,1152.0,1192.0,1687.0,1697.0,1800.0,1784.0,99.1394148020654,102.40549828178693,-3.26608347972153,106.6982809721399,105.1266941661756,1.5715868059643014,-7.558866170074495,-2.7211958843886634,-4.837670285685832,0.40786240786240785
1643428,Flau'jae Johnson,1986.0,2012.0,2111.0,2163.0,826.0,838.0,790.0,933.0,106.29405840886204,107.50497017892644,-1.2109117700643992,95.64164648910412,111.33651551312649,-15.694869024022367,10.652411919757924,-3.831545334200044,14.483957253957968,0.7062588904694168
1643429,Gianna Kneepkens,431.0,444.0,417.0,487.0,1713.0,1721.0,1700.0,1895.0,96.75174013921114,109.68468468468468,-12.932944545473546,99.241097489784,110.11040092969205,-10.869303439908052,-2.4893573505728597,-0.42571624500736505,-2.0636411055654946,0.20102611940298507
1643430,Cotie McMahon,1346.0,1365.0,1341.0,1396.0,1338.0,1327.0,1450.0,1417.0,99.62852897473996,102.27106227106226,-2.6425332963222985,108.37070254110613,106.78221552373775,1.5884870173683794,-8.742173566366162,-4.511153252675484,-4.231020313690678,0.5014903129657228
1643431,Madina Okot,655.0,671.0,684.0,697.0,2162.0,2175.0,2501.0,2300.0,104.42748091603053,103.87481371087928,0.552667205151252,115.67992599444959,105.74712643678161,9.932799557667977,-11.252445078419058,-1.8723127259023329,-9.380132352516725,0.23251686190983314
1643433,Raven Johnson,723.0,753.0,788.0,811.0,2001.0,2000.0,2369.0,2177.0,108.99031811894882,107.70252324037185,1.2877948785769746,118.39080459770115,108.85000000000001,9.54080459770114,-9.400486478752327,-1.1474767596281623,-8.253009719124165,0.2654185022026432
1643436,Serah Williams,779.0,807.0,840.0,886.0,1794.0,1789.0,1933.0,2039.0,107.83055198973042,109.78934324659231,-1.9587912568618862,107.74804905239688,113.97428731134711,-6.226238258950232,0.08250293733354397,-4.184944064754802,4.267447002088346,0.302759424795958
1643437,Ashlon Jackson,200.0,203.0,156.0,217.0,574.0,576.0,563.0,591.0,78.0,106.89655172413792,-28.89655172413792,98.08362369337979,102.60416666666667,-4.520542973286879,-20.083623693379792,4.29238505747125,-24.376008750851042,0.25839793281653745
1643438,Marta Suarez,236.0,239.0,249.0,283.0,873.0,884.0,937.0,969.0,105.5084745762712,118.41004184100419,-12.90156726473299,107.33104238258878,109.61538461538463,-2.2843422327958507,-1.8225678063175792,8.79465722561956,-10.617225031937139,0.21280432822362488
1643439,Tonie Morgan,126.0,126.0,114.0,157.0,205.0,209.0,208.0,226.0,90.47619047619048,124.60317460317461,-34.12698412698413,101.46341463414635,108.13397129186603,-6.670556657719686,-10.987224157955865,16.469203311308576,-27.45642746926444,0.3806646525679758
1643440,Darianna Littlepage-Buggs,3.0,4.0,2.0,4.0,142.0,141.0,160.0,152.0,66.66666666666666,100.0,-33.33333333333334,112.67605633802818,107.80141843971631,4.87463789831186,-46.00938967136152,-7.801418439716315,-38.2079712316452,0.020689655172413793
1643441,Raegan Beers,635.0,639.0,621.0,666.0,1663.0,1679.0,1654.0,1862.0,97.79527559055119,104.22535211267605,-6.430076522124864,99.4588093806374,110.89934484812389,-11.440535467486484,-1.6635337900862197,-6.67399273544784,5.01045894536162,0.2763272410791993
1643443,Awa Fam,1743.0,1772.0,1847.0,1930.0,761.0,766.0,758.0,851.0,105.9667240390132,108.91647855530474,-2.9497545162915344,99.60578186596584,111.09660574412533,-11.490823878159489,6.360942173047363,-2.1801271888205918,8.541069361867955,0.6960862619808307
1643444,Ta'Niya Latson,195.0,209.0,195.0,239.0,1089.0,1090.0,1156.0,1241.0,100.0,114.35406698564594,-14.354066985645943,106.1524334251607,113.85321100917432,-7.700777584013622,-6.1524334251606945,0.5008559764716267,-6.653289401632321,0.15186915887850466
1643445,Kiki Rice,1034.0,1042.0,1162.0,1193.0,561.0,575.0,576.0,668.0,112.37911025145068,114.49136276391553,-2.112252512464849,102.67379679144386,116.17391304347827,-13.500116252034402,9.70531346000682,-1.682550279562733,11.387863739569553,0.6482758620689655
1643447,Gabriela Jaquez,1220.0,1264.0,1265.0,1361.0,1424.0,1409.0,1573.0,1511.0,103.68852459016394,107.6740506329114,-3.985526042747466,110.46348314606742,107.23917672107879,3.224306424988626,-6.774958555903481,0.4348739118326108,-7.209832467736092,0.46142208774583965
1643448,Nell Angloma,649.0,655.0,647.0,672.0,1794.0,1806.0,1821.0,2005.0,99.69183359013869,102.59541984732824,-2.903586257189559,101.50501672240804,111.01882613510521,-9.51380941269717,-1.8131831322693586,-8.42340628777697,6.610223155507612,0.26565697912402786
1643449,Charlisse Leger-Walker,1622.0,1638.0,1643.0,1811.0,1154.0,1162.0,1134.0,1245.0,101.29469790382244,110.56166056166057,-9.266962657838135,98.26689774696708,107.14285714285714,-8.875959395890064,3.0278001568553634,3.418803418803435,-0.39100326194807167,0.5842939481268011
1643450,Rori Harmon,133.0,142.0,118.0,144.0,737.0,732.0,760.0,796.0,88.7218045112782,101.40845070422534,-12.686646192947151,103.12075983717774,108.74316939890711,-5.62240956172937,-14.39895532589955,-7.334718694681769,-7.064236631217781,0.1528735632183908
1643453,Grace VanSlooten,164.0,177.0,159.0,200.0,1141.0,1143.0,1338.0,1195.0,96.95121951219512,112.99435028248588,-16.04313077029076,117.26555652936021,104.54943132108487,12.716125208275344,-20.314337017165087,8.444918961401015,-28.759255978566102,0.12567049808429118
1643455,Angela Dugalic,610.0,622.0,579.0,673.0,1848.0,1848.0,1947.0,1910.0,94.91803278688525,108.19935691318328,-13.281324126298031,105.35714285714286,103.35497835497836,2.0021645021645043,-10.439110070257613,4.844378558204923,-15.283488628462536,0.2481692432872254
1643457,Teonni Key,532.0,551.0,553.0,612.0,1948.0,1956.0,2147.0,2285.0,103.94736842105263,111.07078039927404,-7.123411978221412,110.21560574948666,116.8200408997955,-6.604435150308845,-6.268237328434026,-5.7492605005214585,-0.5189768279125673,0.21451612903225806
1643458,Saylor Poffenbarger,52.0,56.0,49.0,53.0,358.0,358.0,297.0,373.0,94.23076923076923,94.64285714285714,-0.4120879120879124,82.9608938547486,104.1899441340782,-21.2290502793296,11.269875376020622,-9.547086991221065,20.816962367241686,0.12682926829268293
1643461,Laura Ziegler,68.0,64.0,72.0,77.0,185.0,188.0,210.0,256.0,105.88235294117648,120.3125,-14.430147058823522,113.51351351351352,136.17021276595744,-22.65669925244393,-7.631160572337038,-15.857712765957444,8.226552193620407,0.26877470355731226
1643462,Chance Gray,741.0,749.0,720.0,865.0,1952.0,1963.0,2143.0,2221.0,97.16599190283401,115.48731642189587,-18.32132451906186,109.78483606557377,113.14314824248599,-3.3583121769122215,-12.618844162739762,2.344168179409877,-14.96301234214964,0.2751578165614556
1643467,Cassandre Prosper,667.0,684.0,660.0,713.0,1824.0,1818.0,1951.0,1915.0,98.95052473763118,104.23976608187135,-5.289241344240168,106.96271929824562,105.33553355335535,1.6271857448902693,-8.012194560614432,-1.0957674714839953,-6.916427089130437,0.26776395022079486
1643469,Indya Nivar,117.0,133.0,130.0,122.0,1451.0,1454.0,1600.0,1551.0,111.11111111111111,91.72932330827066,19.38178780284045,110.26878015161958,106.67125171939477,3.597528432224806,0.8423309594915338,-14.94192841112411,15.784259370615644,0.07461734693877552
1643470,Shay Ciezki,20.0,21.0,33.0,15.0,136.0,139.0,133.0,151.0,165.0,71.42857142857143,93.57142857142857,97.79411764705883,108.63309352517985,-10.838975878121019,67.20588235294117,-37.204522096608414,104.41040444954959,0.1282051282051282
1643473,Taina Mair,48.0,53.0,41.0,71.0,445.0,452.0,483.0,496.0,85.41666666666666,133.96226415094338,-48.545597484276726,108.53932584269663,109.73451327433628,-1.1951874316396527,-23.12265917602997,24.227750876607104,-47.35041005263707,0.0973630831643002
1643479,Ndjakalenga Mwenentanda,29.0,36.0,39.0,36.0,351.0,347.0,412.0,352.0,134.48275862068965,100.0,34.48275862068965,117.37891737891736,101.44092219020173,15.937995188715632,17.103841241772287,-1.4409221902017322,18.54476343197402,0.07631578947368421
1643487,Quionche Carter,157.0,168.0,161.0,185.0,864.0,872.0,973.0,954.0,102.54777070063695,110.11904761904762,-7.571276918410675,112.61574074074075,109.40366972477065,3.2120710159700963,-10.067970040103802,0.7153778942769691,-10.783347934380771,0.15377081292850148
1643488,Emma Cechova,107.0,109.0,109.0,119.0,132.0,137.0,159.0,142.0,101.86915887850468,109.1743119266055,-7.30515304810082,120.45454545454545,103.64963503649636,16.80491041804909,-18.585386576040776,5.524676890109134,-24.11006346614991,0.4476987447698745
1643489,Antonia Delaere,828.0,842.0,931.0,844.0,2047.0,2067.0,2405.0,2171.0,112.43961352657006,100.2375296912114,12.20208383535865,117.48900830483635,105.0314465408805,12.457561763955852,-5.04939477826629,-4.793916849669088,-0.25547792859720175,0.288
1643490,Eliska Joklova,203.0,205.0,237.0,214.0,1318.0,1332.0,1561.0,1407.0,116.7487684729064,104.39024390243902,12.358524570467381,118.4370257966616,105.63063063063063,12.806395166030967,-1.6882573237551952,-1.2403867281916092,-0.447870595563586,0.1334648257725181
1643493,Noemie Brochant,1563.0,1588.0,1688.0,1744.0,1213.0,1225.0,1242.0,1337.0,107.99744081893795,109.82367758186398,-1.8262367629260297,102.39076669414675,109.14285714285714,-6.7520904487103905,5.606674124791198,0.6808204390068369,4.925853685784361,0.5630403458213257
1643494,Frieda Buhner,962.0,972.0,1040.0,1118.0,1692.0,1701.0,1838.0,1908.0,108.10810810810811,115.02057613168724,-6.912468023579123,108.62884160756501,112.16931216931216,-3.5404705617471564,-0.5207334994568953,2.8512639623750715,-3.371997461831967,0.3624717407686511
1643495,Justine Pissott,155.0,162.0,171.0,205.0,403.0,407.0,498.0,404.0,110.3225806451613,126.54320987654322,-16.22062923138192,123.57320099255583,99.26289926289927,24.310301729656558,-13.25062034739453,27.280310613643948,-40.53093096103848,0.2777777777777778
1643505,Jovana Nogic,629.0,635.0,687.0,679.0,626.0,637.0,622.0,709.0,109.22098569157393,106.92913385826772,2.291851833306211,99.36102236421725,111.30298273155417,-11.941960367336918,9.859963327356681,-4.373848873286448,14.23381220064313,0.501195219123506
1643506,Teja Oblak,682.0,690.0,702.0,753.0,1481.0,1493.0,1643.0,1706.0,102.9325513196481,109.13043478260869,-6.19788346296059,110.93855503038488,114.26657736101808,-3.3280223306332033,-8.006003710736778,-5.136142578409391,-2.8698611323273866,0.3153028201571891
1643525,Alex Fowler,64.0,63.0,64.0,76.0,96.0,98.0,106.0,93.0,100.0,120.63492063492063,-20.634920634920633,110.41666666666667,94.89795918367348,15.518707482993193,-10.416666666666671,25.736961451247154,-36.153628117913826,0.4
1643527,Jordan Harrison,226.0,224.0,242.0,263.0,459.0,467.0,517.0,530.0,107.07964601769913,117.41071428571428,-10.331068268015144,112.63616557734204,113.49036402569592,-0.854198448353884,-5.556519559642908,3.9203502600183526,-9.47686981966126,0.32992700729927005
1643644,Alicia Florez,675.0,681.0,667.0,727.0,1452.0,1452.0,1551.0,1484.0,98.81481481481481,106.75477239353893,-7.939957578724119,106.81818181818181,102.2038567493113,4.614325068870514,-8.003367003367003,4.550915644227629,-12.554282647594633,0.31734837799717913
1643647,Tima Pouye,359.0,362.0,389.0,434.0,1180.0,1185.0,1271.0,1357.0,108.3565459610028,119.88950276243094,-11.532956801428142,107.71186440677967,114.51476793248945,-6.80290352570978,0.6446815542231263,5.374734829941488,-4.730053275718362,0.2332683560753736
1643686,Nadia Fingall,23.0,30.0,22.0,32.0,341.0,338.0,380.0,337.0,95.65217391304348,106.66666666666667,-11.014492753623188,111.43695014662755,99.70414201183432,11.732808134793231,-15.784776233584068,6.96252465483235,-22.74730088841642,0.06318681318681318
1643706,Ornella Bankole,123.0,124.0,128.0,122.0,362.0,362.0,388.0,425.0,104.06504065040652,98.38709677419355,5.677943876212964,107.18232044198895,117.40331491712708,-10.220994475138127,-3.1172797915824333,-19.016218142933525,15.898938351351092,0.2536082474226804
