game_date,player_name,team_abbreviation,opponent_team_abbreviation,is_home,win,minutes,points,fg2_m,fg2_a,fg3_m,fg3_a,fta,ft_points,at_rim_fgm,at_rim_fga,assists,turnovers,off_rebounds,def_rebounds,rebounds,steals,blocks,fouls,plus_minus,usage,ts_pct,off_poss,def_poss,on_off_rtg,on_def_rtg,shot_quality_avg,game_no
2026-05-08,Angela Dugalic,WAS,TOR,False,True,12.4167,2.0,1.0,2.0,0.0,2.0,0.0,0.0,1.0,2.0,0.0,1.0,0.0,2.0,2.0,0.0,0.0,1.0,-10.0,18.51851851851852,0.25,22.0,22.0,50.0,95.45454545454545,0.4828625,1
2026-05-10,Angela Dugalic,WAS,NYL,True,False,10.4167,5.0,1.0,1.0,1.0,3.0,2.0,0.0,0.0,0.0,0.0,0.0,0.0,2.0,2.0,1.0,0.0,3.0,3.0,23.80952380952381,0.5,20.0,21.0,105.0,85.71428571428572,0.5237625,2
2026-05-15,Angela Dugalic,WAS,IND,False,True,6.4333,0.0,0.0,0.0,0.0,0.0,0.0,0.0,0.0,0.0,0.0,0.0,0.0,3.0,3.0,0.0,1.0,1.0,-7.0,0.0,0.0,11.0,12.0,54.54545454545455,108.33333333333334,0.0,3
2026-05-18,Angela Dugalic,WAS,DAL,False,False,12.9167,2.0,1.0,2.0,0.0,0.0,0.0,0.0,1.0,1.0,1.0,0.0,0.0,3.0,3.0,0.0,1.0,1.0,-12.0,8.333333333333334,0.5,23.0,24.0,113.04347826086956,158.33333333333334,0.49955,4
2026-05-24,Angela Dugalic,WAS,SEA,False,False,11.9167,13.0,4.0,5.0,1.0,1.0,3.0,2.0,4.0,5.0,1.0,0.0,1.0,2.0,3.0,1.0,0.0,0.0,3.0,25.925925925925924,0.9285714285714286,24.0,24.0,137.5,125.0,0.5808916666666667,5
2026-05-27,Angela Dugalic,WAS,SEA,False,True,16.1167,2.0,1.0,3.0,0.0,3.0,0.0,0.0,0.0,0.0,2.0,1.0,2.0,1.0,3.0,1.0,0.0,1.0,-1.0,19.444444444444446,0.16666666666666666,29.0,31.0,86.20689655172414,83.87096774193549,0.43245833333333333,6
2026-05-29,Angela Dugalic,WAS,LAS,True,False,17.15,6.0,3.0,3.0,0.0,0.0,0.0,0.0,1.0,1.0,1.0,1.0,1.0,4.0,5.0,3.0,1.0,3.0,-12.0,10.526315789473685,1.0,35.0,35.0,102.85714285714286,137.14285714285714,0.47700000000000004,7
2026-06-02,Angela Dugalic,WAS,CHI,True,True,13.2333,8.0,3.0,6.0,0.0,2.0,2.0,2.0,2.0,3.0,1.0,1.0,3.0,4.0,7.0,0.0,0.0,2.0,1.0,27.77777777777778,0.4444444444444444,25.0,27.0,116.0,103.7037037037037,0.50736875,8
2026-06-06,Angela Dugalic,WAS,ATL,False,False,14.4167,5.0,1.0,2.0,1.0,1.0,0.0,0.0,1.0,2.0,1.0,1.0,1.0,8.0,9.0,0.0,0.0,1.0,-9.0,12.903225806451614,0.8333333333333334,28.0,28.0,96.42857142857142,128.57142857142856,0.6298666666666667,9
2026-06-08,Angela Dugalic,WAS,IND,True,False,17.65,7.0,3.0,4.0,0.0,1.0,2.0,1.0,2.0,3.0,1.0,2.0,0.0,5.0,5.0,2.0,1.0,5.0,-3.0,21.62162162162162,0.5833333333333334,36.0,37.0,83.33333333333334,89.1891891891892,0.60287,10
2026-06-12,Angela Dugalic,WAS,TOR,True,True,17.5,10.0,3.0,4.0,0.0,2.0,4.0,4.0,3.0,4.0,0.0,1.0,1.0,5.0,6.0,0.0,0.0,0.0,-2.0,22.5,0.625,33.0,37.0,103.03030303030303,97.2972972972973,0.560125,11
2026-06-14,Angela Dugalic,WAS,NYL,False,False,25.5667,4.0,2.0,7.0,0.0,4.0,0.0,0.0,1.0,4.0,0.0,5.0,3.0,3.0,6.0,2.0,0.0,5.0,-14.0,26.229508196721312,0.18181818181818182,49.0,49.0,81.63265306122449,110.20408163265306,0.46765909090909097,12
2026-06-17,Angela Dugalic,WAS,CON,False,True,26.9333,6.0,3.0,4.0,0.0,3.0,0.0,0.0,2.0,2.0,3.0,0.0,0.0,2.0,2.0,0.0,0.0,4.0,-2.0,12.499999999999998,0.42857142857142855,51.0,50.0,111.76470588235294,118.0,0.46681428571428574,13
2026-06-19,Angela Dugalic,WAS,NYL,False,True,7.2833,0.0,0.0,1.0,0.0,0.0,0.0,0.0,0.0,0.0,1.0,0.0,0.0,1.0,1.0,0.0,0.0,0.0,1.0,5.555555555555555,0.0,16.0,16.0,118.75,112.5,0.3708,14
2026-06-21,Angela Dugalic,WAS,MIN,False,True,15.2833,6.0,3.0,3.0,0.0,2.0,0.0,0.0,2.0,2.0,1.0,2.0,1.0,4.0,5.0,0.0,0.0,0.0,6.0,21.875,0.6,28.0,30.0,114.28571428571428,86.66666666666667,0.5981375,15
2026-06-24,Angela Dugalic,WAS,MIN,True,False,8.0833,3.0,0.0,0.0,0.0,0.0,4.0,3.0,0.0,0.0,1.0,0.0,0.0,0.0,0.0,0.0,0.0,1.0,12.0,10.0,0.75,19.0,17.0,110.52631578947368,52.94117647058823,0.0,16
2026-06-26,Angela Dugalic,WAS,CON,False,False,8.4167,2.0,1.0,2.0,0.0,0.0,0.0,0.0,1.0,2.0,2.0,0.0,0.0,1.0,1.0,0.0,1.0,1.0,2.0,9.090909090909092,0.5,17.0,15.0,88.23529411764706,86.66666666666667,0.51825,17
2026-06-28,Angela Dugalic,WAS,PDX,True,True,10.75,3.0,1.0,2.0,0.0,1.0,2.0,1.0,0.0,1.0,0.0,2.0,1.0,1.0,2.0,0.0,1.0,1.0,-19.0,25.0,0.375,22.0,21.0,59.09090909090909,152.38095238095238,0.49041666666666667,18
2026-07-02,Angela Dugalic,WAS,ATL,True,True,7.7167,2.0,1.0,2.0,0.0,0.0,2.0,0.0,1.0,2.0,1.0,0.0,0.0,0.0,0.0,0.0,0.0,0.0,3.0,18.75,0.3333333333333333,14.0,12.0,114.28571428571428,108.33333333333334,0.609,19
2026-07-06,Angela Dugalic,WAS,GSV,True,False,9.6333,0.0,0.0,0.0,0.0,1.0,0.0,0.0,0.0,0.0,0.0,0.0,1.0,0.0,1.0,0.0,0.0,0.0,-14.0,4.761904761904762,0.0,17.0,19.0,58.8235294117647,126.3157894736842,0.49305,20
2026-07-12,Angela Dugalic,WAS,SEA,True,True,2.4,0.0,0.0,0.0,0.0,0.0,0.0,0.0,0.0,0.0,0.0,0.0,0.0,0.0,0.0,0.0,0.0,0.0,-1.0,0.0,0.0,5.0,5.0,120.0,140.0,0.0,21
2026-07-14,Angela Dugalic,WAS,TOR,False,True,3.9167,0.0,0.0,1.0,0.0,0.0,0.0,0.0,0.0,1.0,0.0,0.0,1.0,1.0,2.0,0.0,0.0,0.0,-4.0,10.0,0.0,5.0,7.0,80.0,114.28571428571428,0.5403,22
2026-07-16,Angela Dugalic,WAS,PDX,True,False,7.5833,2.0,0.0,0.0,0.0,1.0,2.0,2.0,0.0,0.0,0.0,1.0,1.0,2.0,3.0,0.0,1.0,1.0,-5.0,15.789473684210526,0.5,15.0,16.0,40.0,68.75,0.43035,23
2026-07-18,Angela Dugalic,WAS,GSV,False,False,3.4667,0.0,0.0,1.0,0.0,0.0,0.0,0.0,0.0,0.0,0.0,1.0,0.0,1.0,1.0,0.0,0.0,0.0,-3.0,28.57142857142857,0.0,6.0,5.0,66.66666666666667,140.0,0.3427,24
2026-07-22,Angela Dugalic,WAS,LVA,True,True,5.0,0.0,0.0,0.0,0.0,0.0,0.0,0.0,0.0,0.0,2.0,1.0,0.0,2.0,2.0,0.0,0.0,0.0,6.0,8.333333333333334,0.0,10.0,9.0,130.0,77.77777777777779,0.0,25
2026-07-28,Angela Dugalic,WAS,CON,True,True,3.9833,0.0,0.0,0.0,0.0,0.0,0.0,0.0,0.0,0.0,1.0,2.0,0.0,1.0,1.0,0.0,0.0,1.0,-3.0,25.0,0.0,8.0,9.0,100.0,122.22222222222223,0.0,26
2026-08-09,Angela Dugalic,WAS,PHX,True,True,9.0667,0.0,0.0,0.0,0.0,1.0,0.0,0.0,0.0,0.0,1.0,1.0,1.0,2.0,3.0,2.0,0.0,1.0,-8.0,9.523809523809524,0.0,19.0,20.0,68.42105263157895,105.0,0.27435,27
2026-08-11,Angela Dugalic,WAS,LVA,False,False,1.0833,5.0,1.0,1.0,1.0,1.0,0.0,0.0,0.0,0.0,0.0,0.0,1.0,0.0,1.0,0.0,0.0,0.0,3.0,50.0,1.25,2.0,2.0,250.0,100.0,0.306825,28
2026-08-13,Angela Dugalic,WAS,LVA,False,False,3.5167,0.0,0.0,0.0,0.0,0.0,0.0,0.0,0.0,0.0,0.0,0.0,0.0,1.0,1.0,0.0,0.0,0.0,-3.0,0.0,0.0,8.0,9.0,75.0,100.0,0.0,29
2026-08-19,Angela Dugalic,WAS,TOR,True,True,5.2167,4.0,1.0,2.0,0.0,1.0,2.0,2.0,1.0,2.0,0.0,0.0,1.0,0.0,1.0,0.0,0.0,0.0,0.0,28.57142857142857,0.5,12.0,11.0,108.33333333333334,118.18181818181819,0.5743666666666667,30
2026-08-21,Angela Dugalic,WAS,MIN,True,False,0.9333,0.0,0.0,0.0,0.0,0.0,0.0,0.0,0.0,0.0,0.0,0.0,0.0,0.0,0.0,0.0,0.0,0.0,-2.0,0.0,0.0,1.0,2.0,0.0,100.0,0.0,31
2026-05-08,Charlisse Leger-Walker,CON,NYL,False,False,20.7167,4.0,2.0,7.0,0.0,2.0,1.0,0.0,2.0,2.0,1.0,1.0,0.0,2.0,2.0,0.0,0.0,1.0,-17.0,19.607843137254903,0.2222222222222222,44.0,42.0,77.27272727272727,121.42857142857143,0.45016666666666666,1
2026-05-10,Charlisse Leger-Walker,CON,SEA,True,False,20.3833,6.0,2.0,4.0,0.0,2.0,2.0,2.0,1.0,1.0,2.0,1.0,1.0,1.0,2.0,1.0,0.0,4.0,-11.0,15.686274509803921,0.42857142857142855,42.0,43.0,80.95238095238095,104.65116279069768,0.502925,2
2026-05-13,Charlisse Leger-Walker,CON,LVA,True,False,16.35,2.0,1.0,2.0,0.0,0.0,0.0,0.0,1.0,2.0,2.0,2.0,0.0,2.0,2.0,0.0,0.0,2.0,-16.0,10.81081081081081,0.5,33.0,36.0,72.72727272727272,111.11111111111111,0.70485,3
2026-05-15,Charlisse Leger-Walker,CON,LVA,True,False,18.4167,10.0,2.0,4.0,1.0,1.0,4.0,3.0,2.0,2.0,4.0,0.0,0.0,1.0,1.0,1.0,0.0,0.0,-3.0,14.893617021276597,0.7142857142857143,38.0,39.0,118.42105263157895,123.07692307692307,0.45225,4
2026-05-18,Charlisse Leger-Walker,CON,PDX,False,False,23.2,10.0,0.0,3.0,3.0,4.0,2.0,1.0,0.0,2.0,2.0,4.0,0.0,1.0,1.0,0.0,0.0,4.0,-4.0,21.428571428571427,0.625,46.0,45.0,110.8695652173913,122.22222222222221,0.47897142857142855,5
2026-05-20,Charlisse Leger-Walker,CON,SEA,False,True,28.15,16.0,5.0,9.0,1.0,6.0,3.0,3.0,2.0,3.0,3.0,1.0,0.0,2.0,2.0,1.0,0.0,2.0,4.0,27.419354838709676,0.5,52.0,52.0,113.46153846153845,105.76923076923076,0.47324666666666665,6
2026-05-22,Charlisse Leger-Walker,CON,SEA,False,False,29.8167,5.0,1.0,6.0,1.0,3.0,0.0,0.0,1.0,2.0,5.0,0.0,1.0,2.0,3.0,2.0,0.0,1.0,-6.0,14.0625,0.2777777777777778,55.0,57.0,81.81818181818181,89.47368421052633,0.54675,7
2026-05-25,Charlisse Leger-Walker,CON,GSV,False,False,18.6333,9.0,1.0,2.0,2.0,3.0,2.0,1.0,0.0,1.0,2.0,2.0,0.0,2.0,2.0,1.0,0.0,4.0,-16.0,20.51282051282051,0.75,37.0,38.0,86.48648648648648,126.3157894736842,0.50587,8
2026-05-27,Charlisse Leger-Walker,CON,PDX,False,False,27.3,11.0,3.0,4.0,0.0,3.0,9.0,5.0,0.0,0.0,3.0,2.0,0.0,2.0,2.0,0.0,0.0,4.0,-14.0,20.967741935483872,0.5,49.0,49.0,81.63265306122449,110.20408163265306,0.45970000000000005,9
2026-05-30,Charlisse Leger-Walker,CON,LAS,True,True,13.2,2.0,0.0,1.0,0.0,1.0,2.0,2.0,0.0,1.0,3.0,3.0,0.0,1.0,1.0,2.0,1.0,2.0,-3.0,19.35483870967742,0.3333333333333333,27.0,27.0,96.29629629629629,107.4074074074074,0.5886,10
2026-06-02,Charlisse Leger-Walker,CON,ATL,False,False,16.2167,0.0,0.0,0.0,0.0,1.0,0.0,0.0,0.0,0.0,3.0,1.0,0.0,0.0,0.0,0.0,0.0,1.0,-11.0,5.555555555555555,0.0,34.0,36.0,117.6470588235294,141.66666666666669,0.0,11
2026-06-05,Charlisse Leger-Walker,CON,CHI,False,False,7.9667,4.0,2.0,2.0,0.0,2.0,0.0,0.0,0.0,0.0,1.0,0.0,0.0,0.0,0.0,1.0,0.0,1.0,8.0,21.05263157894737,0.5,16.0,14.0,118.75,78.57142857142857,0.3447375,12
2026-06-08,Charlisse Leger-Walker,CON,NYL,True,False,14.4667,4.0,2.0,3.0,0.0,0.0,0.0,0.0,0.0,1.0,2.0,2.0,0.0,2.0,2.0,2.0,0.0,3.0,7.0,14.705882352941176,0.6666666666666666,31.0,30.0,109.6774193548387,90.0,0.46480000000000005,13
2026-06-10,Charlisse Leger-Walker,CON,TOR,False,False,18.3333,4.0,2.0,5.0,0.0,1.0,0.0,0.0,1.0,1.0,1.0,2.0,1.0,0.0,1.0,0.0,0.0,1.0,-9.0,18.6046511627907,0.3333333333333333,36.0,32.0,100.0,140.625,0.38025833333333336,14
2026-06-13,Charlisse Leger-Walker,CON,IND,True,False,13.65,3.0,0.0,1.0,1.0,2.0,0.0,0.0,0.0,0.0,4.0,1.0,0.0,0.0,0.0,1.0,0.0,2.0,-4.0,13.333333333333334,0.5,26.0,25.0,107.6923076923077,128.0,0.3661666666666667,15
2026-06-17,Charlisse Leger-Walker,CON,WAS,True,False,19.1333,10.0,2.0,4.0,1.0,1.0,3.0,3.0,1.0,1.0,4.0,0.0,0.0,2.0,2.0,0.0,0.0,3.0,-4.0,15.0,0.8333333333333334,37.0,38.0,129.72972972972974,136.8421052631579,0.3988,16
2026-06-19,Charlisse Leger-Walker,CON,TOR,True,False,18.2667,7.0,2.0,3.0,0.0,0.0,4.0,3.0,0.0,1.0,3.0,0.0,0.0,2.0,2.0,0.0,0.0,0.0,7.0,11.363636363636363,0.7,36.0,38.0,147.22222222222223,121.05263157894737,0.4886333333333333,17
2026-06-22,Charlisse Leger-Walker,CON,CHI,True,True,28.95,13.0,3.0,7.0,1.0,4.0,4.0,4.0,2.0,4.0,5.0,3.0,0.0,7.0,7.0,1.0,0.0,3.0,19.0,21.91780821917808,0.5,62.0,63.0,114.51612903225806,82.53968253968254,0.46482727272727276,18
2026-06-26,Charlisse Leger-Walker,CON,WAS,True,True,31.05,10.0,2.0,5.0,2.0,4.0,0.0,0.0,1.0,2.0,5.0,0.0,0.0,3.0,3.0,3.0,0.0,3.0,15.0,13.636363636363635,0.5555555555555556,60.0,60.0,98.33333333333334,73.33333333333334,0.4921833333333333,19
2026-07-02,Charlisse Leger-Walker,CON,DAL,True,False,29.5667,14.0,4.0,6.0,1.0,2.0,5.0,3.0,1.0,2.0,1.0,0.0,0.0,2.0,2.0,1.0,1.0,2.0,1.0,15.625,0.7,57.0,61.0,107.01754385964914,98.36065573770492,0.525875,20
2026-07-06,Charlisse Leger-Walker,CON,MIN,False,True,27.8333,6.0,0.0,4.0,2.0,4.0,0.0,0.0,0.0,0.0,5.0,2.0,1.0,3.0,4.0,1.0,0.0,3.0,5.0,15.873015873015873,0.375,54.0,53.0,114.81481481481481,107.54716981132074,0.418125,21
2026-07-08,Charlisse Leger-Walker,CON,MIN,True,False,31.2333,7.0,2.0,6.0,1.0,5.0,0.0,0.0,0.0,1.0,3.0,4.0,0.0,4.0,4.0,3.0,1.0,2.0,-15.0,20.547945205479454,0.3181818181818182,62.0,64.0,95.16129032258064,115.625,0.4217954545454546,22
2026-07-10,Charlisse Leger-Walker,CON,GSV,True,False,24.8833,10.0,3.0,5.0,1.0,5.0,1.0,1.0,2.0,2.0,2.0,2.0,0.0,1.0,1.0,1.0,0.0,3.0,-6.0,22.641509433962263,0.5,44.0,43.0,77.27272727272727,93.02325581395348,0.48715,23
2026-07-14,Charlisse Leger-Walker,CON,PDX,True,True,33.45,4.0,2.0,3.0,0.0,5.0,0.0,0.0,1.0,1.0,7.0,2.0,0.0,4.0,4.0,3.0,0.0,2.0,5.0,13.698630136986301,0.25,65.0,66.0,123.07692307692307,113.63636363636363,0.50965,24
2026-07-17,Charlisse Leger-Walker,CON,PHX,False,True,29.1333,4.0,2.0,6.0,0.0,2.0,0.0,0.0,1.0,3.0,7.0,2.0,0.0,4.0,4.0,1.0,0.0,3.0,7.0,15.625,0.25,59.0,61.0,110.16949152542374,95.08196721311475,0.50445625,25
2026-07-19,Charlisse Leger-Walker,CON,PHX,False,False,28.5667,5.0,2.0,5.0,0.0,3.0,1.0,1.0,1.0,2.0,5.0,4.0,0.0,3.0,3.0,2.0,0.0,1.0,-9.0,18.75,0.3125,57.0,56.0,78.94736842105264,96.42857142857142,0.4748625,26
2026-07-22,Charlisse Leger-Walker,CON,IND,False,False,27.4,1.0,0.0,2.0,0.0,1.0,1.0,1.0,0.0,1.0,4.0,4.0,1.0,1.0,2.0,0.0,0.0,4.0,-29.0,10.606060606060606,0.16666666666666666,55.0,57.0,101.81818181818181,149.12280701754386,0.44603333333333334,27
2026-07-28,Charlisse Leger-Walker,CON,WAS,False,False,22.95,2.0,0.0,1.0,0.0,2.0,2.0,2.0,0.0,0.0,8.0,3.0,1.0,2.0,3.0,0.0,0.0,4.0,-8.0,13.20754716981132,0.25,46.0,47.0,119.56521739130434,134.04255319148936,0.5274666666666666,28
2026-07-30,Charlisse Leger-Walker,CON,CHI,False,False,30.0167,10.0,2.0,6.0,2.0,5.0,0.0,0.0,1.0,1.0,2.0,3.0,0.0,1.0,1.0,0.0,0.0,1.0,-8.0,20.0,0.45454545454545453,61.0,61.0,103.27868852459017,116.39344262295083,0.4497409090909091,29
2026-08-02,Charlisse Leger-Walker,CON,DAL,False,False,25.35,0.0,0.0,1.0,0.0,2.0,0.0,0.0,0.0,0.0,2.0,2.0,0.0,0.0,0.0,0.0,0.0,2.0,-9.0,8.928571428571427,0.0,49.0,49.0,83.6734693877551,102.04081632653062,0.5133166666666666,30
2026-08-07,Charlisse Leger-Walker,CON,PHX,True,True,19.5,6.0,0.0,0.0,2.0,3.0,0.0,0.0,0.0,0.0,5.0,3.0,0.0,1.0,1.0,0.0,0.0,4.0,5.0,14.634146341463415,1.0,38.0,36.0,97.36842105263158,88.88888888888889,0.5409499999999999,31
2026-08-13,Charlisse Leger-Walker,CON,ATL,True,False,17.6667,8.0,1.0,2.0,2.0,4.0,0.0,0.0,0.0,0.0,1.0,1.0,0.0,0.0,0.0,0.0,0.0,1.0,-23.0,19.444444444444446,0.6666666666666666,34.0,35.0,88.23529411764706,151.42857142857144,0.508375,32
2026-08-15,Charlisse Leger-Walker,CON,NYL,True,False,31.8,14.0,1.0,5.0,4.0,9.0,0.0,0.0,0.0,1.0,4.0,3.0,2.0,3.0,5.0,1.0,2.0,2.0,-6.0,24.637681159420293,0.5,60.0,62.0,91.66666666666667,98.38709677419355,0.46998214285714285,33
2026-08-18,Charlisse Leger-Walker,CON,LAS,True,True,30.55,7.0,2.0,4.0,0.0,0.0,3.0,3.0,2.0,3.0,6.0,2.0,1.0,7.0,8.0,1.0,1.0,2.0,6.0,9.859154929577466,0.6,63.0,64.0,109.52380952380952,98.4375,0.633125,34
2026-08-20,Charlisse Leger-Walker,CON,LVA,False,False,28.3167,10.0,2.0,4.0,2.0,3.0,0.0,0.0,2.0,3.0,4.0,0.0,0.0,3.0,3.0,0.0,2.0,2.0,-26.0,11.11111111111111,0.7142857142857143,57.0,59.0,92.98245614035089,133.89830508474577,0.5403214285714285,35
2026-08-22,Charlisse Leger-Walker,CON,LAS,False,False,22.25,5.0,1.0,5.0,1.0,3.0,0.0,0.0,0.0,0.0,4.0,1.0,1.0,3.0,4.0,0.0,0.0,2.0,-3.0,16.666666666666664,0.3125,48.0,48.0,77.08333333333334,83.33333333333334,0.4070875,36
2026-05-09,Gabriela Jaquez,CHI,PDX,False,True,32.0,10.0,2.0,6.0,1.0,1.0,4.0,3.0,1.0,3.0,2.0,0.0,2.0,5.0,7.0,2.0,0.0,3.0,14.0,11.538461538461538,0.5555555555555556,64.0,68.0,128.125,99.99999999999999,0.4937357142857143,1
2026-05-13,Gabriela Jaquez,CHI,GSV,False,True,26.0167,7.0,2.0,5.0,1.0,2.0,0.0,0.0,1.0,3.0,2.0,1.0,0.0,5.0,5.0,0.0,0.0,2.0,10.0,14.035087719298247,0.5,50.0,51.0,96.0,74.50980392156863,0.5159142857142858,2
2026-05-15,Gabriela Jaquez,CHI,PHX,False,False,28.7,13.0,4.0,4.0,0.0,1.0,7.0,5.0,1.0,1.0,0.0,2.0,1.0,2.0,3.0,1.0,0.0,2.0,-5.0,15.873015873015873,0.8125,57.0,59.0,91.2280701754386,96.61016949152543,0.49234,3
2026-05-17,Gabriela Jaquez,CHI,MIN,False,True,31.6833,20.0,5.0,9.0,1.0,2.0,7.0,7.0,3.0,5.0,1.0,2.0,1.0,7.0,8.0,1.0,0.0,2.0,5.0,22.22222222222222,0.7142857142857143,65.0,67.0,103.07692307692308,92.53731343283582,0.5267954545454545,4
2026-05-20,Gabriela Jaquez,CHI,DAL,True,False,28.45,12.0,4.0,9.0,0.0,2.0,4.0,4.0,3.0,5.0,2.0,1.0,1.0,4.0,5.0,1.0,0.0,4.0,-8.0,20.967741935483872,0.4583333333333333,56.0,58.0,99.99999999999999,110.3448275862069,0.5205636363636365,5
2026-05-23,Gabriela Jaquez,CHI,MIN,True,False,23.2167,7.0,0.0,4.0,1.0,4.0,4.0,4.0,0.0,3.0,0.0,1.0,0.0,4.0,4.0,2.0,0.0,3.0,-5.0,20.754716981132074,0.35,48.0,49.0,85.41666666666667,93.87755102040816,0.55006875,6
2026-06-07,Gabriela Jaquez,CHI,TOR,False,False,18.9667,11.0,2.0,4.0,2.0,4.0,2.0,1.0,2.0,2.0,1.0,2.0,0.0,3.0,3.0,2.0,0.0,2.0,-7.0,22.448979591836736,0.6111111111111112,41.0,41.0,80.48780487804879,97.5609756097561,0.5338625,7
2026-06-09,Gabriela Jaquez,CHI,ATL,True,False,18.6667,3.0,1.0,3.0,0.0,0.0,2.0,1.0,0.0,1.0,0.0,5.0,1.0,3.0,4.0,0.0,0.0,4.0,-3.0,23.684210526315788,0.375,35.0,37.0,100.0,102.70270270270271,0.43379999999999996,8
2026-06-11,Gabriela Jaquez,CHI,IND,False,False,21.5833,6.0,2.0,4.0,0.0,2.0,2.0,2.0,1.0,1.0,1.0,0.0,0.0,2.0,2.0,1.0,0.0,1.0,-14.0,14.285714285714286,0.42857142857142855,43.0,45.0,95.34883720930233,122.22222222222221,0.52705,9
2026-06-17,Gabriela Jaquez,CHI,NYL,True,False,28.8833,22.0,3.0,6.0,4.0,5.0,4.0,4.0,2.0,5.0,3.0,2.0,0.0,3.0,3.0,1.0,0.0,1.0,4.0,24.193548387096776,0.8461538461538461,57.0,58.0,129.8245614035088,120.68965517241381,0.579590909090909,10
2026-06-20,Gabriela Jaquez,CHI,DAL,False,False,25.3167,6.0,3.0,6.0,0.0,1.0,1.0,0.0,2.0,3.0,1.0,1.0,2.0,5.0,7.0,2.0,0.0,1.0,1.0,12.307692307692307,0.42857142857142855,52.0,53.0,113.46153846153845,109.43396226415094,0.51085,11
2026-06-22,Gabriela Jaquez,CHI,CON,False,False,21.25,5.0,2.0,5.0,0.0,3.0,1.0,1.0,1.0,1.0,0.0,3.0,3.0,1.0,4.0,0.0,0.0,1.0,-19.0,20.0,0.3125,44.0,43.0,72.72727272727273,118.6046511627907,0.4488375,12
2026-06-24,Gabriela Jaquez,CHI,PDX,True,True,23.1667,10.0,3.0,6.0,0.0,1.0,5.0,4.0,3.0,4.0,1.0,0.0,2.0,3.0,5.0,0.0,0.0,1.0,13.0,16.9811320754717,0.5555555555555556,46.0,47.0,126.08695652173913,95.74468085106383,0.5880428571428571,13
2026-06-26,Gabriela Jaquez,CHI,PDX,True,True,24.1167,4.0,1.0,2.0,0.0,2.0,2.0,2.0,1.0,2.0,3.0,2.0,0.0,1.0,1.0,0.0,0.0,0.0,16.0,12.962962962962962,0.4,49.0,52.0,153.06122448979593,113.46153846153845,0.4727375,14
2026-06-28,Gabriela Jaquez,CHI,LVA,True,False,12.2667,2.0,1.0,3.0,0.0,0.0,0.0,0.0,1.0,3.0,2.0,0.0,2.0,1.0,3.0,1.0,0.0,1.0,-8.0,10.344827586206897,0.3333333333333333,24.0,25.0,100.0,128.0,0.6727333333333334,15
2026-07-03,Gabriela Jaquez,CHI,LVA,False,False,12.2833,2.0,0.0,1.0,0.0,1.0,2.0,2.0,0.0,0.0,0.0,1.0,0.0,2.0,2.0,1.0,0.0,2.0,-15.0,14.814814814814813,0.3333333333333333,25.0,27.0,88.0,137.03703703703704,0.5684,16
2026-07-07,Gabriela Jaquez,CHI,PHX,False,True,18.4667,3.0,0.0,3.0,1.0,2.0,0.0,0.0,0.0,1.0,1.0,2.0,0.0,1.0,1.0,2.0,0.0,1.0,13.0,16.27906976744186,0.3,37.0,37.0,100.0,64.86486486486487,0.50266,17
2026-07-10,Gabriela Jaquez,CHI,LAS,False,False,20.4333,15.0,6.0,10.0,0.0,2.0,3.0,3.0,3.0,5.0,0.0,0.0,2.0,3.0,5.0,0.0,0.0,0.0,-8.0,26.0,0.5769230769230769,42.0,42.0,88.0952380952381,107.14285714285715,0.5024083333333333,18
2026-07-12,Gabriela Jaquez,CHI,DAL,False,False,17.1333,8.0,3.0,6.0,0.0,1.0,2.0,2.0,1.0,3.0,0.0,0.0,1.0,1.0,2.0,0.0,0.0,1.0,-5.0,22.22222222222222,0.5,32.0,35.0,125.0,128.57142857142858,0.5457500000000001,19
2026-07-15,Gabriela Jaquez,CHI,SEA,True,True,18.9333,10.0,5.0,6.0,0.0,4.0,0.0,0.0,5.0,5.0,1.0,0.0,0.0,2.0,2.0,1.0,0.0,0.0,-7.0,24.390243902439025,0.5,38.0,42.0,105.26315789473684,111.90476190476191,0.5690777777777778,20
2026-07-17,Gabriela Jaquez,CHI,LAS,True,True,13.9,8.0,1.0,5.0,2.0,4.0,0.0,0.0,1.0,3.0,2.0,1.0,1.0,3.0,4.0,0.0,0.0,0.0,-4.0,26.31578947368421,0.4444444444444444,32.0,33.0,93.75,103.03030303030303,0.5707,21
2026-07-19,Gabriela Jaquez,CHI,ATL,False,False,14.7167,2.0,1.0,2.0,0.0,1.0,0.0,0.0,1.0,2.0,0.0,1.0,0.0,3.0,3.0,1.0,0.0,0.0,-12.0,13.333333333333334,0.3333333333333333,28.0,32.0,89.28571428571428,115.625,0.5509166666666666,22
2026-07-22,Gabriela Jaquez,CHI,NYL,False,False,20.35,5.0,1.0,4.0,1.0,3.0,0.0,0.0,0.0,0.0,1.0,0.0,1.0,2.0,3.0,1.0,0.0,1.0,-4.0,16.27906976744186,0.35714285714285715,40.0,40.0,90.0,100.0,0.47957857142857147,23
2026-07-30,Gabriela Jaquez,CHI,CON,True,True,13.2833,6.0,2.0,3.0,0.0,1.0,3.0,2.0,2.0,2.0,0.0,0.0,0.0,2.0,2.0,1.0,0.0,0.0,-2.0,15.625,0.6,28.0,29.0,82.14285714285714,86.20689655172414,0.6093125,24
2026-08-01,Gabriela Jaquez,CHI,LVA,True,True,3.95,0.0,0.0,1.0,0.0,0.0,0.0,0.0,0.0,0.0,1.0,2.0,0.0,0.0,0.0,0.0,0.0,1.0,-8.0,30.0,0.0,10.0,10.0,50.0,130.0,0.3663,25
2026-08-03,Gabriela Jaquez,CHI,PHX,True,False,25.7333,9.0,3.0,4.0,1.0,2.0,1.0,0.0,3.0,3.0,1.0,1.0,0.0,1.0,1.0,0.0,0.0,3.0,-6.0,11.475409836065573,0.75,54.0,55.0,116.66666666666666,125.45454545454544,0.522875,26
2026-08-05,Gabriela Jaquez,CHI,LAS,True,True,6.7667,0.0,0.0,1.0,0.0,0.0,0.0,0.0,0.0,0.0,0.0,1.0,0.0,1.0,1.0,0.0,0.0,1.0,0.0,11.76470588235294,0.0,15.0,13.0,126.66666666666667,146.15384615384616,0.3323,27
2026-08-08,Gabriela Jaquez,CHI,IND,True,False,21.0167,4.0,0.0,1.0,1.0,1.0,2.0,1.0,0.0,1.0,2.0,0.0,0.0,2.0,2.0,2.0,1.0,2.0,-6.0,6.382978723404256,0.6666666666666666,42.0,43.0,116.66666666666667,127.90697674418605,0.5973,28
2026-08-10,Gabriela Jaquez,CHI,SEA,False,False,3.9,0.0,0.0,0.0,0.0,0.0,0.0,0.0,0.0,0.0,0.0,0.0,0.0,0.0,0.0,0.0,0.0,0.0,-3.0,0.0,0.0,8.0,8.0,125.0,162.5,0.0,29
2026-08-12,Gabriela Jaquez,CHI,GSV,False,False,12.8667,2.0,1.0,2.0,0.0,0.0,0.0,0.0,1.0,1.0,0.0,2.0,1.0,0.0,1.0,0.0,0.0,1.0,-19.0,16.0,0.5,21.0,24.0,104.76190476190476,170.83333333333334,0.49445,30
2026-08-16,Gabriela Jaquez,CHI,SEA,False,True,4.9167,0.0,0.0,1.0,0.0,1.0,0.0,0.0,0.0,0.0,0.0,0.0,2.0,1.0,3.0,0.0,0.0,1.0,0.0,16.666666666666668,0.0,9.0,9.0,100.0,100.0,0.4588,31
2026-08-18,Gabriela Jaquez,CHI,NYL,True,True,14.1,4.0,2.0,2.0,0.0,1.0,0.0,0.0,1.0,1.0,0.0,3.0,1.0,3.0,4.0,1.0,0.0,0.0,-4.0,16.666666666666668,0.6666666666666666,28.0,32.0,74.99999999999999,78.125,0.5605666666666667,32
2026-08-21,Gabriela Jaquez,CHI,GSV,True,True,13.2333,2.0,1.0,1.0,0.0,1.0,0.0,0.0,1.0,1.0,0.0,0.0,0.0,0.0,0.0,0.0,0.0,3.0,-14.0,7.692307692307692,0.5,25.0,25.0,72.0,128.0,0.46045,33
2026-05-08,Gianna Kneepkens,CON,NYL,False,False,12.7833,7.0,2.0,4.0,1.0,4.0,0.0,0.0,0.0,0.0,1.0,0.0,2.0,3.0,5.0,0.0,0.0,2.0,-7.0,25.0,0.4375,27.0,25.0,66.66666666666666,100.0,0.46970625,1
2026-05-10,Gianna Kneepkens,CON,SEA,True,False,7.9667,2.0,1.0,2.0,0.0,0.0,0.0,0.0,0.0,0.0,1.0,0.0,1.0,0.0,1.0,0.0,0.0,1.0,7.0,9.523809523809524,0.5,17.0,17.0,111.76470588235293,70.58823529411764,0.39185,2
2026-05-13,Gianna Kneepkens,CON,LVA,True,False,15.9833,4.0,2.0,3.0,0.0,1.0,0.0,0.0,1.0,1.0,0.0,0.0,2.0,1.0,3.0,1.0,0.0,1.0,-7.0,10.526315789473685,0.5,33.0,37.0,75.75757575757575,86.48648648648648,0.467425,3
2026-05-15,Gianna Kneepkens,CON,LVA,True,False,17.55,3.0,1.0,3.0,0.0,2.0,1.0,1.0,0.0,1.0,1.0,2.0,2.0,1.0,3.0,0.0,0.0,2.0,-5.0,16.27906976744186,0.2,37.0,38.0,113.51351351351352,123.6842105263158,0.49099000000000004,4
2026-05-18,Gianna Kneepkens,CON,PDX,False,False,4.2833,3.0,0.0,1.0,1.0,1.0,0.0,0.0,0.0,0.0,0.0,0.0,0.0,0.0,0.0,0.0,0.0,1.0,-6.0,20.0,0.75,8.0,8.0,100.0,175.0,0.527475,5
2026-05-20,Gianna Kneepkens,CON,SEA,False,True,4.2167,2.0,0.0,1.0,0.0,1.0,2.0,2.0,0.0,0.0,0.0,0.0,0.0,1.0,1.0,0.0,0.0,0.0,-1.0,30.0,0.3333333333333333,9.0,9.0,100.0,111.11111111111111,0.4317,6
2026-05-22,Gianna Kneepkens,CON,SEA,False,False,10.95,4.0,2.0,2.0,0.0,3.0,0.0,0.0,1.0,1.0,0.0,0.0,0.0,1.0,1.0,0.0,0.0,3.0,3.0,21.73913043478261,0.4,20.0,22.0,100.0,77.27272727272727,0.55298,7
2026-05-25,Gianna Kneepkens,CON,GSV,False,False,11.5333,6.0,2.0,2.0,0.0,0.0,2.0,2.0,1.0,1.0,1.0,0.0,1.0,0.0,1.0,1.0,0.0,2.0,-12.0,11.538461538461538,1.0,24.0,26.0,104.16666666666667,142.3076923076923,0.485,8
2026-05-27,Gianna Kneepkens,CON,PDX,False,False,8.8,4.0,1.0,1.0,0.0,1.0,2.0,2.0,0.0,0.0,0.0,0.0,0.0,1.0,1.0,0.0,0.0,1.0,-2.0,18.75,0.6666666666666666,16.0,16.0,68.75,81.25,0.442475,9
2026-05-30,Gianna Kneepkens,CON,LAS,True,True,6.4167,3.0,0.0,0.0,1.0,1.0,0.0,0.0,0.0,0.0,0.0,0.0,0.0,0.0,0.0,0.0,0.0,2.0,-2.0,6.666666666666667,1.5,14.0,14.0,99.99999999999999,114.28571428571428,0.2502,10
2026-06-02,Gianna Kneepkens,CON,ATL,False,False,4.5667,0.0,0.0,0.0,0.0,0.0,0.0,0.0,0.0,0.0,1.0,0.0,0.0,1.0,1.0,0.0,0.0,1.0,3.0,0.0,0.0,10.0,11.0,100.0,63.63636363636363,0.0,11
2026-06-05,Gianna Kneepkens,CON,CHI,False,False,7.6667,2.0,0.0,1.0,0.0,0.0,3.0,2.0,0.0,1.0,0.0,0.0,0.0,0.0,0.0,0.0,0.0,0.0,-6.0,10.0,0.5,17.0,16.0,70.58823529411764,112.5,0.6801,12
2026-06-08,Gianna Kneepkens,CON,NYL,True,False,13.4333,5.0,1.0,3.0,0.0,2.0,3.0,3.0,0.0,1.0,4.0,0.0,0.0,1.0,1.0,0.0,0.0,1.0,7.0,20.689655172413794,0.4166666666666667,27.0,28.0,137.03703703703704,107.14285714285714,0.51573,13
2026-06-10,Gianna Kneepkens,CON,TOR,False,False,0.1667,0.0,0.0,0.0,0.0,0.0,0.0,0.0,0.0,0.0,0.0,1.0,0.0,0.0,0.0,0.0,0.0,0.0,0.0,100.0,0.0,1.0,0.0,0.0,0.0,0.0,14
2026-06-17,Gianna Kneepkens,CON,WAS,True,False,4.7,0.0,0.0,0.0,0.0,1.0,0.0,0.0,0.0,0.0,0.0,1.0,1.0,0.0,1.0,0.0,0.0,0.0,-6.0,22.22222222222222,0.0,7.0,8.0,57.14285714285714,125.0,0.597,15
2026-06-22,Gianna Kneepkens,CON,CHI,True,True,5.0667,4.0,2.0,2.0,0.0,1.0,0.0,0.0,1.0,1.0,0.0,0.0,0.0,1.0,1.0,0.0,0.0,1.0,-2.0,25.0,0.6666666666666666,11.0,12.0,100.0,108.33333333333334,0.48555,16
2026-07-06,Gianna Kneepkens,CON,MIN,False,True,4.7,2.0,0.0,0.0,0.0,2.0,2.0,2.0,0.0,0.0,0.0,0.0,0.0,0.0,0.0,0.0,0.0,2.0,3.0,25.0,0.3333333333333333,11.0,11.0,100.0,72.72727272727273,0.562125,17
2026-07-08,Gianna Kneepkens,CON,MIN,True,False,8.6,6.0,0.0,0.0,2.0,3.0,0.0,0.0,0.0,0.0,1.0,0.0,0.0,0.0,0.0,0.0,0.0,0.0,-3.0,16.666666666666668,1.0,16.0,17.0,100.0,111.76470588235293,0.54795,18
2026-07-10,Gianna Kneepkens,CON,GSV,True,False,9.2333,0.0,0.0,1.0,0.0,0.0,0.0,0.0,0.0,1.0,0.0,0.0,0.0,1.0,1.0,1.0,0.0,3.0,-8.0,5.2631578947368425,0.0,17.0,19.0,94.11764705882352,126.3157894736842,0.4022,19
2026-07-17,Gianna Kneepkens,CON,PHX,False,True,3.2833,2.0,0.0,0.0,0.0,0.0,2.0,2.0,0.0,0.0,0.0,0.0,0.0,1.0,1.0,0.0,0.0,1.0,-5.0,14.285714285714285,1.0,6.0,8.0,100.0,137.5,0.0,20
2026-07-19,Gianna Kneepkens,CON,PHX,False,False,2.4,0.0,0.0,0.0,0.0,0.0,0.0,0.0,0.0,0.0,0.0,0.0,1.0,0.0,1.0,0.0,0.0,3.0,-3.0,0.0,0.0,3.0,3.0,66.66666666666667,166.66666666666669,0.0,21
2026-07-22,Gianna Kneepkens,CON,IND,False,False,11.8333,7.0,2.0,2.0,1.0,2.0,0.0,0.0,2.0,2.0,0.0,0.0,0.0,0.0,0.0,0.0,0.0,4.0,-2.0,11.76470588235294,0.875,25.0,25.0,116.0,124.0,0.5397666666666666,22
2026-08-02,Gianna Kneepkens,CON,DAL,False,False,6.9167,4.0,0.0,1.0,1.0,2.0,1.0,1.0,0.0,0.0,0.0,0.0,1.0,0.0,1.0,0.0,0.0,1.0,-3.0,16.666666666666668,0.6666666666666666,14.0,12.0,85.71428571428571,125.0,0.42288333333333333,23
2026-08-13,Gianna Kneepkens,CON,ATL,True,False,14.45,10.0,2.0,3.0,2.0,4.0,0.0,0.0,1.0,1.0,1.0,0.0,1.0,2.0,3.0,0.0,1.0,3.0,-3.0,20.0,0.7142857142857143,27.0,27.0,114.81481481481481,125.92592592592592,0.4944285714285714,24
2026-08-15,Gianna Kneepkens,CON,NYL,True,False,4.2167,0.0,0.0,0.0,0.0,2.0,0.0,0.0,0.0,0.0,0.0,0.0,0.0,0.0,0.0,0.0,0.0,0.0,-10.0,28.57142857142857,0.0,7.0,8.0,0.0,125.0,0.556125,25
2026-08-18,Gianna Kneepkens,CON,LAS,True,True,1.7333,0.0,0.0,0.0,0.0,0.0,0.0,0.0,0.0,0.0,0.0,0.0,0.0,0.0,0.0,0.0,0.0,0.0,-3.0,0.0,0.0,4.0,5.0,75.0,120.0,0.0,26
2026-08-20,Gianna Kneepkens,CON,LVA,False,False,11.35,2.0,1.0,2.0,0.0,2.0,0.0,0.0,0.0,0.0,0.0,0.0,0.0,1.0,1.0,0.0,0.0,1.0,3.0,14.814814814814813,0.25,23.0,22.0,113.04347826086956,104.54545454545455,0.4712625,27
2026-08-22,Gianna Kneepkens,CON,LAS,False,False,18.6167,6.0,2.0,6.0,0.0,1.0,2.0,2.0,1.0,1.0,1.0,1.0,1.0,2.0,3.0,1.0,0.0,2.0,6.0,19.148936170212767,0.375,41.0,40.0,75.60975609756098,62.5,0.4000642857142857,28
2026-05-08,Kiki Rice,TOR,WAS,True,False,17.5667,0.0,0.0,1.0,0.0,2.0,0.0,0.0,0.0,1.0,1.0,0.0,2.0,1.0,3.0,0.0,0.0,0.0,1.0,7.5,0.0,31.0,34.0,77.41935483870968,67.6470588235294,0.5729666666666667,1
2026-05-13,Kiki Rice,TOR,SEA,True,True,20.5,12.0,4.0,6.0,1.0,3.0,1.0,1.0,4.0,4.0,1.0,0.0,0.0,2.0,2.0,0.0,0.0,3.0,-3.0,19.565217391304348,0.6666666666666666,42.0,42.0,100.0,107.14285714285715,0.5440611111111111,2
2026-05-15,Kiki Rice,TOR,LAS,False,False,21.0,11.0,1.0,3.0,3.0,4.0,0.0,0.0,1.0,1.0,2.0,1.0,0.0,0.0,0.0,0.0,0.0,4.0,15.0,16.3265306122449,0.7857142857142857,41.0,40.0,143.90243902439025,110.0,0.5105500000000001,3
2026-05-17,Kiki Rice,TOR,LAS,False,True,35.0333,19.0,4.0,5.0,1.0,3.0,10.0,8.0,3.0,3.0,2.0,0.0,1.0,4.0,5.0,0.0,0.0,5.0,5.0,15.384615384615383,0.7916666666666666,68.0,70.0,133.8235294117647,122.85714285714286,0.47813125,4
2026-05-19,Kiki Rice,TOR,PHX,False,True,34.0667,15.0,3.0,5.0,2.0,2.0,5.0,3.0,3.0,5.0,3.0,2.0,2.0,5.0,7.0,2.0,0.0,5.0,13.0,13.253012048192772,0.8333333333333334,71.0,70.0,122.53521126760565,105.71428571428572,0.6526285714285713,5
2026-05-21,Kiki Rice,TOR,MIN,False,False,22.8333,11.0,1.0,4.0,2.0,3.0,4.0,3.0,1.0,2.0,4.0,0.0,1.0,5.0,6.0,0.0,0.0,1.0,-12.0,16.0,0.6875,43.0,44.0,104.65116279069768,129.54545454545453,0.49509285714285717,6
2026-05-23,Kiki Rice,TOR,PDX,True,False,30.1667,19.0,8.0,10.0,0.0,1.0,4.0,3.0,6.0,7.0,3.0,1.0,2.0,3.0,5.0,2.0,1.0,2.0,-17.0,20.28985507246377,0.7307692307692307,59.0,60.0,100.0,126.66666666666667,0.5836727272727272,7
2026-05-27,Kiki Rice,TOR,CHI,False,True,34.15,14.0,3.0,5.0,0.0,2.0,9.0,8.0,2.0,4.0,7.0,3.0,1.0,7.0,8.0,2.0,0.0,4.0,11.0,17.72151898734177,0.6363636363636364,71.0,70.0,136.61971830985917,122.85714285714286,0.5451142857142857,8
2026-05-30,Kiki Rice,TOR,SEA,True,True,27.9667,17.0,4.0,6.0,0.0,2.0,9.0,9.0,3.0,5.0,1.0,3.0,2.0,4.0,6.0,4.0,0.0,3.0,24.0,24.193548387096776,0.7083333333333334,57.0,56.0,131.57894736842107,91.07142857142857,0.7144571428571428,9
2026-06-03,Kiki Rice,TOR,NYL,False,False,23.35,9.0,3.0,7.0,0.0,1.0,3.0,3.0,2.0,3.0,2.0,3.0,1.0,4.0,5.0,0.0,0.0,1.0,-4.0,24.0,0.5,43.0,44.0,109.30232558139535,115.9090909090909,0.53105625,10
2026-07-28,Kiki Rice,TOR,MIN,False,False,17.1333,4.0,1.0,4.0,0.0,2.0,3.0,2.0,1.0,1.0,4.0,2.0,1.0,2.0,3.0,0.0,0.0,5.0,0.0,21.951219512195124,0.2857142857142857,35.0,34.0,102.85714285714286,105.88235294117646,0.508825,11
2026-07-30,Kiki Rice,TOR,MIN,True,False,23.0,6.0,0.0,4.0,2.0,5.0,0.0,0.0,0.0,1.0,2.0,4.0,1.0,3.0,4.0,0.0,1.0,3.0,-29.0,25.49019607843137,0.3333333333333333,45.0,48.0,77.77777777777777,133.33333333333334,0.44862222222222226,12
2026-08-02,Kiki Rice,TOR,GSV,False,False,26.8167,16.0,6.0,10.0,0.0,2.0,4.0,4.0,4.0,6.0,3.0,2.0,2.0,3.0,5.0,1.0,0.0,5.0,-1.0,26.315789473684212,0.6153846153846154,49.0,50.0,124.48979591836735,124.0,0.48389583333333336,13
2026-08-04,Kiki Rice,TOR,GSV,False,False,22.8833,2.0,0.0,2.0,0.0,1.0,2.0,2.0,0.0,1.0,0.0,2.0,1.0,0.0,1.0,1.0,0.0,5.0,-15.0,12.5,0.25,41.0,42.0,95.1219512195122,128.57142857142858,0.4478,14
2026-08-06,Kiki Rice,TOR,PDX,False,False,17.6167,5.0,0.0,0.0,1.0,1.0,2.0,2.0,0.0,0.0,1.0,2.0,0.0,0.0,0.0,0.0,0.0,1.0,-11.0,9.523809523809524,1.25,37.0,37.0,78.37837837837839,108.10810810810811,0.36345,15
2026-08-10,Kiki Rice,TOR,ATL,False,False,30.0833,18.0,6.0,9.0,1.0,2.0,5.0,3.0,4.0,4.0,6.0,0.0,1.0,4.0,5.0,1.0,1.0,1.0,2.0,18.84057971014493,0.6923076923076923,64.0,64.0,114.0625,110.9375,0.5398772727272727,16
2026-08-12,Kiki Rice,TOR,DAL,False,False,31.45,13.0,5.0,9.0,0.0,2.0,3.0,3.0,4.0,4.0,5.0,1.0,1.0,2.0,3.0,2.0,0.0,5.0,-7.0,17.333333333333332,0.5416666666666666,62.0,64.0,106.45161290322581,114.0625,0.5502681818181818,17
2026-08-18,Kiki Rice,TOR,IND,True,False,29.8667,10.0,4.0,10.0,0.0,2.0,2.0,2.0,2.0,3.0,6.0,2.0,3.0,0.0,3.0,0.0,1.0,4.0,2.0,18.072289156626507,0.38461538461538464,64.0,61.0,112.5,114.75409836065575,0.47350833333333336,18
2026-08-19,Kiki Rice,TOR,WAS,False,False,24.4833,19.0,2.0,5.0,3.0,4.0,6.0,6.0,1.0,1.0,2.0,1.0,0.0,0.0,0.0,1.0,0.0,4.0,2.0,24.074074074074073,0.7916666666666666,48.0,48.0,129.16666666666669,125.0,0.49064444444444444,19
2026-08-21,Kiki Rice,TOR,PDX,True,True,31.8,19.0,6.0,7.0,1.0,2.0,6.0,4.0,4.0,4.0,4.0,0.0,0.0,3.0,3.0,0.0,0.0,3.0,-7.0,15.942028985507248,0.8636363636363636,63.0,64.0,100.0,109.375,0.5153555555555556,20
2026-05-08,Lauren Betts,WAS,TOR,False,True,12.0333,0.0,0.0,4.0,0.0,0.0,0.0,0.0,0.0,4.0,1.0,0.0,3.0,2.0,5.0,0.0,0.0,1.0,-10.0,15.384615384615383,0.0,21.0,22.0,52.38095238095238,95.45454545454545,0.5805,1
2026-05-10,Lauren Betts,WAS,NYL,True,False,18.4,7.0,3.0,7.0,0.0,0.0,2.0,1.0,0.0,0.0,1.0,0.0,1.0,1.0,2.0,0.0,1.0,1.0,-7.0,20.51282051282051,0.4375,33.0,35.0,96.96969696969697,111.42857142857143,0.38535714285714284,2
2026-05-15,Lauren Betts,WAS,IND,False,True,13.9,4.0,1.0,2.0,0.0,0.0,2.0,2.0,1.0,2.0,0.0,1.0,2.0,0.0,2.0,0.0,0.0,4.0,-5.0,12.903225806451614,0.6666666666666666,27.0,28.0,81.48148148148148,96.42857142857142,0.6374,3
2026-05-18,Lauren Betts,WAS,DAL,False,False,14.6333,11.0,5.0,7.0,0.0,0.0,1.0,1.0,3.0,3.0,0.0,0.0,0.0,3.0,3.0,0.0,0.0,1.0,-7.0,25.925925925925924,0.7857142857142857,26.0,28.0,130.76923076923077,146.42857142857142,0.45135714285714285,4
2026-05-24,Lauren Betts,WAS,SEA,False,False,13.1833,6.0,2.0,4.0,0.0,0.0,4.0,2.0,1.0,2.0,0.0,2.0,1.0,2.0,3.0,0.0,0.0,2.0,-7.0,26.666666666666668,0.5,24.0,24.0,75.0,104.16666666666667,0.489925,5
2026-05-27,Lauren Betts,WAS,SEA,False,True,11.2667,6.0,1.0,2.0,0.0,0.0,4.0,4.0,0.0,0.0,0.0,0.0,0.0,3.0,3.0,0.0,0.0,1.0,4.0,18.181818181818183,0.75,20.0,21.0,120.0,95.23809523809524,0.34195,6
2026-05-29,Lauren Betts,WAS,LAS,True,False,10.35,2.0,1.0,3.0,0.0,0.0,0.0,0.0,0.0,1.0,0.0,0.0,0.0,1.0,1.0,0.0,2.0,0.0,-2.0,13.636363636363637,0.3333333333333333,18.0,19.0,77.77777777777779,84.21052631578948,0.41300000000000003,7
2026-06-02,Lauren Betts,WAS,CHI,True,True,15.0167,8.0,4.0,8.0,0.0,0.0,0.0,0.0,3.0,5.0,0.0,0.0,1.0,3.0,4.0,1.0,0.0,2.0,4.0,20.51282051282051,0.5,34.0,34.0,97.05882352941175,85.29411764705881,0.52875,8
2026-06-06,Lauren Betts,WAS,ATL,False,False,15.7,6.0,2.0,4.0,0.0,0.0,2.0,2.0,2.0,3.0,1.0,1.0,0.0,1.0,1.0,0.0,0.0,3.0,-6.0,20.0,0.6,29.0,28.0,117.24137931034484,142.85714285714283,0.526475,9
2026-06-08,Lauren Betts,WAS,IND,True,False,12.2,8.0,4.0,5.0,0.0,0.0,0.0,0.0,4.0,4.0,1.0,0.0,1.0,2.0,3.0,0.0,0.0,2.0,1.0,18.51851851851852,0.8,24.0,23.0,116.66666666666667,117.39130434782608,0.6028,10
2026-06-12,Lauren Betts,WAS,TOR,True,True,20.7333,18.0,8.0,9.0,0.0,0.0,2.0,2.0,6.0,7.0,1.0,3.0,3.0,1.0,4.0,2.0,0.0,0.0,3.0,23.21428571428571,0.9,48.0,44.0,104.16666666666667,106.81818181818181,0.5548666666666667,11
2026-06-14,Lauren Betts,WAS,NYL,False,False,24.4333,4.0,2.0,3.0,0.0,0.0,1.0,0.0,1.0,1.0,1.0,0.0,1.0,5.0,6.0,1.0,1.0,2.0,-17.0,5.084745762711865,0.6666666666666666,49.0,47.0,79.59183673469389,119.14893617021278,0.48619999999999997,12
2026-06-17,Lauren Betts,WAS,CON,False,True,32.1667,13.0,2.0,7.0,0.0,0.0,10.0,9.0,1.0,2.0,3.0,2.0,1.0,6.0,7.0,0.0,0.0,1.0,12.0,21.21212121212121,0.5416666666666666,60.0,63.0,120.0,95.23809523809524,0.44058571428571425,13
2026-06-19,Lauren Betts,WAS,NYL,False,True,17.4333,8.0,4.0,6.0,0.0,0.0,1.0,0.0,4.0,4.0,0.0,1.0,3.0,2.0,5.0,1.0,1.0,2.0,-3.0,16.666666666666668,0.6666666666666666,34.0,34.0,88.23529411764706,97.05882352941175,0.48456666666666665,14
2026-06-21,Lauren Betts,WAS,MIN,False,True,17.6167,2.0,1.0,2.0,0.0,0.0,0.0,0.0,1.0,2.0,0.0,1.0,0.0,2.0,2.0,2.0,0.0,1.0,11.0,6.976744186046512,0.5,38.0,35.0,115.78947368421052,94.28571428571429,0.52085,15
2026-06-24,Lauren Betts,WAS,MIN,True,False,16.4167,4.0,2.0,3.0,0.0,0.0,0.0,0.0,2.0,2.0,1.0,3.0,2.0,2.0,4.0,0.0,1.0,4.0,-2.0,16.666666666666668,0.6666666666666666,32.0,31.0,90.625,100.0,0.44893333333333335,16
2026-06-26,Lauren Betts,WAS,CON,False,False,17.3333,5.0,2.0,5.0,0.0,0.0,4.0,1.0,2.0,2.0,2.0,1.0,0.0,6.0,6.0,1.0,1.0,3.0,10.0,21.05263157894737,0.35714285714285715,32.0,32.0,93.75,62.5,0.44858000000000003,17
2026-06-28,Lauren Betts,WAS,PDX,True,True,12.8667,4.0,2.0,6.0,0.0,0.0,2.0,0.0,1.0,1.0,1.0,0.0,2.0,0.0,2.0,1.0,0.0,1.0,-4.0,25.925925925925924,0.2857142857142857,22.0,22.0,77.27272727272727,95.45454545454545,0.4335333333333333,18
2026-07-02,Lauren Betts,WAS,ATL,True,True,12.3,4.0,2.0,2.0,0.0,0.0,0.0,0.0,1.0,1.0,1.0,3.0,1.0,3.0,4.0,0.0,0.0,1.0,6.0,15.625,1.0,28.0,27.0,71.42857142857142,51.85185185185185,0.42985,19
2026-07-06,Lauren Betts,WAS,GSV,True,False,16.3,7.0,3.0,7.0,0.0,0.0,1.0,1.0,3.0,3.0,3.0,2.0,2.0,3.0,5.0,0.0,1.0,1.0,-10.0,29.032258064516128,0.5,27.0,30.0,66.66666666666666,93.33333333333334,0.44701428571428575,20
2026-07-12,Lauren Betts,WAS,SEA,True,True,16.35,11.0,4.0,8.0,0.0,0.0,3.0,3.0,2.0,3.0,3.0,1.0,0.0,2.0,2.0,2.0,1.0,1.0,9.0,27.027027027027028,0.6111111111111112,33.0,34.0,115.15151515151514,85.29411764705881,0.4192,21
2026-07-14,Lauren Betts,WAS,TOR,False,True,19.6333,6.0,3.0,4.0,0.0,0.0,0.0,0.0,3.0,4.0,0.0,1.0,1.0,5.0,6.0,2.0,1.0,2.0,8.0,10.416666666666668,0.75,36.0,37.0,108.33333333333334,83.78378378378379,0.59605,22
2026-07-16,Lauren Betts,WAS,PDX,True,False,12.3333,6.0,3.0,6.0,0.0,0.0,0.0,0.0,3.0,3.0,0.0,0.0,2.0,2.0,4.0,1.0,0.0,2.0,3.0,18.18181818181818,0.5,24.0,22.0,91.66666666666667,86.36363636363636,0.49195000000000005,23
2026-07-18,Lauren Betts,WAS,GSV,False,False,20.5333,6.0,3.0,5.0,0.0,0.0,0.0,0.0,0.0,0.0,1.0,0.0,2.0,2.0,4.0,0.0,1.0,1.0,-6.0,12.195121951219512,0.6,35.0,36.0,111.42857142857143,125.0,0.3384,24
2026-07-20,Lauren Betts,WAS,GSV,False,True,13.9833,4.0,2.0,4.0,0.0,0.0,0.0,0.0,1.0,1.0,0.0,2.0,0.0,2.0,2.0,0.0,4.0,1.0,-13.0,18.18181818181818,0.5,25.0,25.0,76.0,128.0,0.419725,25
2026-07-22,Lauren Betts,WAS,LVA,True,True,19.8833,13.0,4.0,6.0,0.0,0.0,6.0,5.0,3.0,3.0,2.0,0.0,1.0,2.0,3.0,1.0,0.0,1.0,-5.0,19.565217391304348,0.7222222222222222,38.0,39.0,121.05263157894737,130.76923076923077,0.45188333333333336,26
2026-07-28,Lauren Betts,WAS,CON,True,True,14.4833,8.0,1.0,3.0,0.0,0.0,6.0,6.0,1.0,1.0,1.0,1.0,1.0,7.0,8.0,0.0,1.0,1.0,-2.0,21.21212121212121,0.6666666666666666,29.0,31.0,103.44827586206897,103.22580645161291,0.4113,27
2026-07-31,Lauren Betts,WAS,DAL,True,True,17.0667,3.0,1.0,3.0,0.0,0.0,2.0,1.0,1.0,1.0,1.0,0.0,2.0,5.0,7.0,0.0,1.0,2.0,-2.0,11.11111111111111,0.375,30.0,29.0,76.66666666666667,86.20689655172414,0.4353666666666667,28
2026-08-05,Lauren Betts,WAS,DAL,True,True,18.8833,6.0,2.0,4.0,0.0,0.0,2.0,2.0,2.0,2.0,1.0,1.0,1.0,6.0,7.0,0.0,1.0,0.0,-5.0,15.0,0.6,37.0,36.0,110.8108108108108,127.77777777777779,0.435,29
2026-08-07,Lauren Betts,WAS,ATL,True,True,21.1167,5.0,2.0,2.0,0.0,0.0,4.0,1.0,2.0,2.0,2.0,1.0,2.0,9.0,11.0,1.0,3.0,2.0,8.0,9.25925925925926,0.625,43.0,45.0,106.97674418604652,84.44444444444444,0.56925,30
2026-08-09,Lauren Betts,WAS,PHX,True,True,17.7833,6.0,3.0,5.0,0.0,0.0,0.0,0.0,3.0,4.0,1.0,1.0,2.0,4.0,6.0,1.0,0.0,0.0,7.0,14.634146341463415,0.6,36.0,34.0,100.0,85.29411764705881,0.5996,31
2026-08-11,Lauren Betts,WAS,LVA,False,False,14.15,4.0,2.0,2.0,0.0,0.0,0.0,0.0,0.0,0.0,1.0,0.0,0.0,4.0,4.0,0.0,1.0,0.0,-15.0,6.8965517241379315,1.0,25.0,25.0,96.0,156.0,0.39445,32
2026-08-13,Lauren Betts,WAS,LVA,False,False,19.3833,4.0,2.0,3.0,0.0,0.0,1.0,0.0,0.0,0.0,1.0,2.0,2.0,4.0,6.0,1.0,0.0,1.0,1.0,11.627906976744185,0.6666666666666666,40.0,38.0,112.5,115.78947368421052,0.3877,33
2026-08-15,Lauren Betts,WAS,LAS,True,True,21.45,8.0,4.0,6.0,0.0,0.0,0.0,0.0,4.0,6.0,1.0,2.0,2.0,3.0,5.0,1.0,2.0,0.0,15.0,15.384615384615383,0.6666666666666666,42.0,40.0,102.38095238095238,70.0,0.66775,34
2026-08-19,Lauren Betts,WAS,TOR,True,True,21.6667,7.0,3.0,5.0,0.0,0.0,1.0,1.0,2.0,3.0,3.0,1.0,0.0,3.0,3.0,0.0,2.0,1.0,-10.0,13.043478260869565,0.7,38.0,42.0,100.0,114.28571428571429,0.5040199999999999,35
2026-08-21,Lauren Betts,WAS,MIN,True,False,12.6,3.0,0.0,1.0,0.0,0.0,4.0,3.0,0.0,0.0,1.0,0.0,1.0,0.0,1.0,0.0,0.0,1.0,-4.0,10.344827586206897,0.5,25.0,24.0,96.0,116.66666666666667,0.3489,36
